tree
version=v4
num_class=1
num_tree_per_iteration=1
label_index=0
max_feature_idx=99
objective=binary sigmoid:1
feature_names=mcc_6051_rate was_frozen ch_UPD_rate cp_per_txn days_since_kyc mcc_5933_rate p25_amount ch_CHQ_rate rel_years ch_ATW_rate weekend_rate age n_unique_counterparties night_rate balance_std daily_avg_balance round_5k_rate cv_amount mcc_6012_rate salary_window_rate txn_per_day cc_sum round_10k_rate min_gap_hrs credit_debit_ratio amount_burstiness near_50k_rate loan_sum round_1k_rate med_gap_hrs net_flow passthrough_ratio ch_MCR_rate max_txn_to_balance active_span_days balance_range max_amount median_amount near_10k_rate avg_balance acct_age_txn_ratio credit_mean std_amount ch_UPC_rate ch_IPM_rate min_amount n_txn n_credit n_debit sum_credit sum_debit amt_mean amt_std amt_max amt_min amt_cv amt_median amt_p25 amt_p75 amt_iqr cr_mean cr_std cr_max dr_mean dr_std dr_max txn_span_days inter_txn_mean_sec inter_txn_std_sec inter_txn_min_sec inter_txn_max_sec inter_txn_cv burstiness max_gap_days dormancy_events pct_night_txn pct_business_hours pct_weekend_txn hour_entropy dow_entropy channel_entropy channel_hhi pct_UPC pct_UPD pct_ATW pct_CHQ pct_CSD pct_NTD pct_IPM pct_END n_unique_mcc mcc_entropy n_unique_cp_credit n_unique_cp_debit fan_in_out_ratio top_cp_share near_50000_ratio near_100000_ratio round_amount_ratio age_years
feature_infos=[4.0240736859275404e-13:0.87428668976210078] [0:1] [9.8322545844631293e-05:0.99942838270759915] [0.00077982870595563866:0.89416815404460315] [30.300883157071244:1498.4212271426343] [0.0002116428253433611:0.99975902791247706] [0.00011213969704026994:0.99990608901688405] [0.00014672174729735143:0.99951398116564938] [0.10337024105745203:14.977198854799919] [3.6585179350123731e-05:0.99998938482621469] [0.000498854722523423:0.99955513564460541] [18:80] [0:21] [1.5770746034315941e-05:0.99983979925265765] [0.00013282602441344604:0.99985211337181223] [6.5719976020117699e-06:0.99909448502333553] [0.0003100932452277938:0.99986905256026204] [2.6241959780626267e-05:0.9998851972177728] [0.00017273292859754097:0.99966603025260503] [0.00036292081969069301:0.99898484368990914] [0.0010809363994214172:0.99944430058477252] [0.00011735159773351711:0.99998298473251901] [4.7786091631474292e-06:0.99982247006341007] [0.001508067711543104:0.99990993320055033] [0.5:7.9915376607059674] [0.00020009778201635076:0.99962673049006145] [1.2172154948455106e-11:0.73896626310669] [3.9585097265648628e-05:0.99981268184150085] [0.00014683644526236606:0.99950824967171858] [0.00086056778543175394:0.9995641152781598] [0.00014641005253412942:0.99957658101519964] [0.00028903557857076003:0.99159698910153171] [0.00023482421389509067:0.99957969141775693] [0.0015600805980584553:0.99997777314359848] [0.00050179012685425128:0.99988208736922257] [0.00023442084124358775:0.9981999131740763] [4.8670020198704478e-05:0.99997502853471398] [0.00026723790090676935:0.99968202865432709] [0.00025456246246435832:0.9993491268462974] [0.00027709791653507398:0.99991304244037271] [3.4594305764246158e-05:0.99997926141864235] [0.00025099779325343796:0.99948179442679863] [0.0011699304918608711:0.99990260410436249] [5.5921450154983177e-06:0.99952901940071748] [0.00027385816628655579:0.99979519749866763] [2.2981826180989984e-06:0.99992976914315346] [11:59] [0.00061084742262240699:0.99941412938724772] [0.00061986357073184895:0.99991656276516749] [0.00027016634336085588:0.99984036516500552] [0.00034293958955089465:0.99964467109611188] [15.635907142982248:153120.32544645711] [0.00028892582385176002:0.99924638116255682] [0.00034641156324211053:0.99941581780044497] [0.00036114419176136447:0.99981062701256329] [1.4606622623758447e-05:0.99978184756652366] [0.00028099877696363684:0.99966289883085002] [0.00012724234132432954:0.99987487403593134] [0.00010799548956996752:0.999551745066106] [5.6890311591395459e-05:0.99987595033839149] [0.00056543357974181419:0.99915381780485013] [0.00019502893123912735:0.99985662946989717] [0.00046396112163848979:0.99991080683972178] [0.0002508553854757567:0.99969732273976097] [0.00028155251476946752:0.99988850293709086] [0.00038409741354339388:0.99983633549636419] [3.6061434947165516e-05:0.99959981449921753] [0.00029430976413613585:0.99978106481338114] [8.4929334572825255e-06:0.99979560105369958] [0.00038489321971724166:0.99983093091114894] [0.00058801235508010308:0.99992717781016582] [0.00027265813009813566:0.99920615832783288] [0.001463667599354735:0.8905599180478091] [0.0015011473035542178:0.99920576163663843] [2.2272957072022592e-06:0.99980451772155809] [1.2132768733780606e-06:0.73544462980714975] [0.00013645815849094856:0.99895272524048362] [8.7087976466948547e-06:0.99939553555636429] [0.00058855379954780851:0.99987610388935377] [2.2324053626232576e-05:0.99967351684203698] [0.00054671098061509493:0.9999420561030431] [0.00077240536955680561:0.99999460925617056] [0.00026676152147186993:0.99987757869195992] [1.8448658276715157e-05:0.99964866952724418] [0.00041712574260843738:0.99959217267005962] [0.00020187477268562848:0.99878281517835588] [0.00018657227795570996:0.99914815204228957] [0.00022776462925111485:0.99984337846165627] [0.00024450333542214153:0.99992851979238462] [0.00044954705775845927:0.99957808265921477] [0.00038260449235083538:0.9993295190053425] [0.0010925922468508764:0.99981384276911089] [0.00010110363466608874:0.99907397213969473] [0.00040651784247469624:0.99987694778896463] [0.00017797327238455729:0.99902698659711375] [0.00041055213604590524:0.99939969417678221] [1.2172154948455106e-11:0.73896626310669] [5.9639995684812597e-05:0.99963268572824937] [3.0384478103707899e-06:0.79403065449005561] [18:80]
tree_sizes=558 668 775 1221 1332 1668 1664 1112 1664 1015 1229 1342 1116 1125 1124 1121 1121 1120 1118 1116 1119 1550 1118 1115 1113 1114 1229 1116 1118 1225 1124 1114 1225 1121 1107 1564 1124 1117 1118 1225 1118 1119 1340 1113 1220 1227 1218 1226 1230 1228 1227 1123 1224 1225 1123 1217 1228 1232 1338 1233 1126 1129 1123 1128 1126 1127 1120 1231 1234 1234 1345 1021 1234 1126 1457 1232 1236 1238 1342 1133 1229 1230 1231 1238 1127 1133 1130 1236 1131 1334 1235 1243 1240 1243 1135 1351 1240 1243 1246 1245 1242 1239 1233 1242 1246 1233 1125 1134 1347 1239 1241 1450 1243 1454 1345 1247 1239 1354 1244 1350 1237 1350 1236 1131 1121 1240 1131 1131 1351 1128 1130 1132 1132 1135 1132 1132 1132 1240 1126 1133 1029 1131 1135 1246 1138 1144 1144 1145 1143 1144 1145 1259 1142 1144 1147 1248 1249 1142 1145 1249 1241 1246 1139 1145 1135 1036 1145 1032 1142 1033 1247 1139 1142 1141 1140 1138 1142 1143 1141 1142 1141 1143 1137 1142 1141 1136 1138 1138 1142 1141 1241 1137 1248 1136 1136 1137 1138 1137 1139 1140 1140 1031 1129 1138 1141 1139 1143 1136 1142 1140 1134 1140 1140 1143 1250 1138 1140 1139 1140 1139 1141 1147 1148 1260 1146 1150 1152 1156 1149 1151 1254 1153 1259 1149 1148 1149 1155 1151 1153 1149 1149 1148 1151 1153 1149 1263 1259 1261 1152 1152 1266 1154 1153 1153 1152 1148 1152 1153 1150 1147 1254 1261 1381 1261 1264 1156 1159 1509 1156 1394 1157 1158 1159 1158 1279 1157 1155 1165 1283 1160 1270 1270 1270 1274 1271 1278 1161 1163 1168 1276 1398 1395 1163 1166 1162 1288 1398 1500 1391 1399

Tree=0
num_leaves=4
num_cat=0
split_feature=8 51 0
split_gain=40679.5 1.12337 1.42109e-14
threshold=2.0371001353086622 13038.817184074887 0.007692020815786421
decision_type=2 2 2
left_child=1 -1 -2
right_child=2 -3 -4
leaf_value=-2.4849403094545854 -3.5070265232833098 -2.4760987332103928 -3.5070265232833098
leaf_weight=16.965300500392914 66.493501961231232 54.417001605033875 0.61110001802444358
leaf_count=22 2285 55 21
internal_value=-2.97672 -2.4782 -3.50703
internal_weight=138.487 71.3823 67.1046
internal_count=2383 77 2306
is_linear=0
shrinkage=1


Tree=1
num_leaves=5
num_cat=0
split_feature=0 4 51 8
split_gain=9237.23 0.208173 0.174262 0.000423773
threshold=0.0096325209818127165 612.81777663669243 16566.818685071012 2.141237364629021
decision_type=2 2 2 2
left_child=3 -2 -3 -1
right_child=1 2 -4 -5
leaf_value=-0.031579567060638788 0.38539070548940374 0.38910184436283679 0.38684307322410455 -0.030899578652101887
leaf_weight=0.83553125523030658 46.374332370236516 50.805471181869507 77.831924438476562 64.501642476767302
leaf_count=22 26 21 32 2282
internal_value=0.273478 0.387114 0.387735 -0.0309083
internal_weight=240.349 175.012 128.637 65.3372
internal_count=2383 79 53 2304
is_linear=0
shrinkage=0.03


Tree=2
num_leaves=6
num_cat=0
split_feature=4 11 51 8 0
split_gain=5139.86 0.0872329 0.0542165 0.000384902 2.67682e-05
threshold=364.14132658787264 25.341599068317162 18581.568828432853 2.141237364629021 0.007692020815786421
decision_type=2 2 2 2 2
left_child=3 2 -2 -1 -5
right_child=1 -3 -4 4 -6
leaf_value=-0.03153159041848088 0.27359112265076302 0.2716418149573504 0.27249898545042095 -0.030872208176198981 -0.03106321424914181
leaf_weight=0.8120526447892179 66.387688398361206 66.809720864519477 106.59339427947998 62.073456021025777 0.66744093224406142
leaf_count=22 20 27 32 2261 21
internal_value=0.208988 0.272563 0.272918 -0.0308826 -0.0308742
internal_weight=303.344 239.791 172.981 63.5529 62.7409
internal_count=2383 79 52 2304 2282
is_linear=0
shrinkage=0.03


Tree=3
num_leaves=10
num_cat=0
split_feature=26 72 51 8 0 72 95 87 90
split_gain=3421.91 0.0436074 0.0226417 0.000350433 2.40965e-05 6.50406e-07 3.48638e-07 1.60655e-06 1.84985e-07
threshold=0.0062325620946786829 0.75256635313286346 18581.568828432853 2.141237364629021 0.007692020815786421 0.21560287520911792 0.95004251580948573 0.16852168636137102 0.98966496385683411
decision_type=2 2 2 2 2 2 2 2 2
left_child=3 -2 -3 -1 5 6 8 -8 -5
right_child=1 2 -4 4 -6 -7 7 -9 -10
leaf_value=-0.031485114622301968 0.21411372742210283 0.2153363705746455 0.21470311795732622 -0.030845880288446276 -0.031030785237169119 -0.030875447044565928 -0.030902391102850792 -0.030845691928712046 -0.03086199283198417
leaf_weight=0.78919861651956935 77.838577343150973 81.537228584289551 134.86884355545044 56.138877719640732 0.64838175103068252 0.7107553631067266 0.55949513800442163 2.2932031564414501 0.6486943643540134
leaf_count=22 26 20 33 2105 21 26 20 86 24
internal_value=0.172103 0.214723 0.214942 -0.030857 -0.0308489 -0.0308469 -0.0308466 -0.0308568 -0.0308461
internal_weight=356.033 294.245 216.406 61.7886 60.9994 60.351 59.6403 2.8527 56.7876
internal_count=2383 79 53 2304 2282 2261 2235 106 2129
is_linear=0
shrinkage=0.03


Tree=4
num_leaves=11
num_cat=0
split_feature=98 3 51 8 4 26 43 87 3 10
split_gain=2499.7 0.0256874 0.0119851 0.000319357 8.08076e-06 3.35388e-06 4.09506e-06 7.49787e-07 1.3078e-06 4.95547e-07
threshold=0.099769326286756541 0.73300221293239853 21437.275641227348 2.141237364629021 360.91319721741928 0.0033305480120910014 0.56032803793281682 0.98011670739910528 0.056809240729456763 0.01171497967600005
decision_type=2 2 2 2 2 2 2 2 2 2
left_child=3 -2 -3 -1 5 7 -7 9 -9 -5
right_child=1 2 -4 4 -6 6 -8 8 -10 -11
leaf_value=-0.031440081069629852 0.17862306850954282 0.17944819333949552 0.17902465572096984 -0.030849052137491714 -0.030920804042849359 -0.030911279948737543 -0.030820004063163722 -0.030820003250679049 -0.030879556108928723 -0.030820590873489598
leaf_weight=0.76695470698177715 95.037340616807342 104.14422988891602 142.28327369689941 0.55616629868745704 0.76544584892690082 0.84178216196596511 0.93233941122889519 0.85464373975992092 0.5425696112215519 54.799367541447282
leaf_count=22 27 22 30 21 27 30 36 33 20 2115
internal_value=0.147649 0.179042 0.179204 -0.0308318 -0.030824 -0.0308227 -0.0308633 -0.0308214 -0.0308431 -0.0308209
internal_weight=401.524 341.465 246.428 60.0593 59.2923 58.5269 1.77412 56.7527 1.39721 55.3555
internal_count=2383 79 52 2304 2282 2255 66 2189 53 2136
is_linear=0
shrinkage=0.03


Tree=5
num_leaves=14
num_cat=0
split_feature=72 3 66 55 26 81 64 4 26 94 82 89 4
split_gain=1931.09 0.0122709 0.00399494 2.05771e-05 4.74454e-05 2.07128e-05 6.07408e-05 6.76616e-06 4.33099e-06 9.60421e-07 9.78861e-12 1.64757e-13 7.77156e-15
threshold=0.24317340227985554 0.77963639597812184 0.46411035875162193 0.97760786480620832 0.00085589216945700997 0.947503160563689 0.76621990691828257 360.91319721741928 0.0045101591111416017 0.054459545513709524 0.27771060385820379 0.73386529128507838 179.8609519507792
decision_type=2 2 2 2 2 2 2 2 2 2 2 2 2
left_child=3 -2 -3 5 12 7 10 8 9 -1 -7 -12 -5
right_child=1 2 -4 4 -6 6 -8 -9 -10 -11 11 -13 -14
leaf_value=-0.030815601335095515 0.15437720526123316 0.15461963387892139 0.1548679122041636 -0.030795117217612928 -0.031142967516190025 -0.030794961400182109 -0.031079977912253056 -0.030898902348929322 -0.030880342628426507 -0.030796571731132528 -0.030795116298914904 -0.030795096141475391 -0.030795112069267765
leaf_weight=2.5063941162079564 133.09408321976662 122.28836584091187 111.51859998703003 0.5282108075916756 0.53647401370108116 0.50296433642506588 0.94584126584231842 0.60946338064968486 0.57386543229222198 50.091069210320711 1.3331021256744859 0.50304538384079922 0.50305484421551228
leaf_count=98 31 23 21 21 18 20 33 22 21 1989 53 20 20
internal_value=0.129059 0.154607 0.154738 -0.0308069 -0.0309141 -0.030804 -0.0308771 -0.0307995 -0.0307984 -0.0307975 -0.0307951 -0.0307951 -0.0307951
internal_weight=425.535 366.901 233.807 58.6335 1.56774 57.0657 3.28495 53.7808 53.1713 52.5975 2.33911 1.83615 1.03127
internal_count=2390 75 44 2315 59 2256 126 2130 2108 2087 93 73 41
is_linear=0
shrinkage=0.03


Tree=6
num_leaves=14
num_cat=0
split_feature=75 70 51 55 5 81 89 0 4 26 90 83 26
split_gain=1556.3 0.00749773 0.00297658 1.86581e-05 4.34545e-05 1.94356e-05 4.73605e-05 1.27907e-05 6.32451e-06 4.07132e-06 3.67935e-08 1.03497e-11 1.01212e-11
threshold=0.044266990499645449 0.65947146407908852 23189.167045559803 0.97760786480620832 0.55253986548481293 0.947503160563689 0.74119424715687421 0.007692020815786421 360.91319721741928 0.0045101591111416017 0.69316179309808124 0.70411970050358341 0.00050806218163444218
decision_type=2 2 2 2 2 2 2 2 2 2 2 2 2
left_child=3 2 -2 5 12 7 10 8 9 -1 11 -7 -5
right_child=1 -3 -4 4 -6 6 -8 -9 -10 -11 -12 -13 -14
leaf_value=-0.030772069302837143 0.1369519195826617 0.13655893148308951 0.1367570434338635 -0.030771002956265753 -0.031108659640829581 -0.030770954826197142 -0.031020990419158061 -0.030912582752570351 -0.030871584831169703 -0.030853595361811301 -0.030780223297438711 -0.030770790958094034 -0.030770812150575231
leaf_weight=50.49860574118793 127.96024322509766 116.58558685332537 157.20308017730713 0.51299478672444709 0.52129876054823387 1.1969169005751608 1.0166625343263147 0.6072344072163095 0.59196647442877193 0.5573806706815948 0.49321841076016415 0.48843884468078602 0.48845202103257179
leaf_count=2065 22 26 27 21 18 49 37 22 22 21 20 20 20
internal_value=0.115953 0.136762 0.136844 -0.0307829 -0.0308865 -0.0307801 -0.0308519 -0.0307757 -0.0307741 -0.030773 -0.030773 -0.0307709 -0.0307709
internal_weight=458.722 401.749 285.163 56.9732 1.52275 55.4504 3.19524 52.2552 51.648 51.056 2.17857 1.68536 1.00145
internal_count=2390 75 49 2315 59 2256 126 2130 2108 2086 89 69 41
is_linear=0
shrinkage=0.03


Tree=7
num_leaves=9
num_cat=0
split_feature=75 3 95 8 0 4 26 72
split_gain=1290.42 0.00643867 0.00255173 0.000220863 9.9667e-06 5.09509e-06 4.6034e-06 1.49863e-06
threshold=0.044266990499645449 0.77963639597812184 0.37760283859208077 2.141237364629021 0.007692020815786421 360.91319721741928 0.0045101591111416017 0.21560287520911792
decision_type=2 2 2 2 2 2 2 2
left_child=3 -2 -3 -1 5 6 7 -5
right_child=1 2 -4 4 -6 -7 -8 -9
leaf_value=-0.031261990463188456 0.12295560187974952 0.12310515134948839 0.1232877260356062 -0.030748207554262347 -0.030865813537996951 -0.030834365394792142 -0.030834315701533561 -0.030801569191368436
leaf_weight=0.77534483186900516 156.81565637141466 137.86183881759644 137.72331714630127 52.175969855859876 0.68466563895344634 0.64611468836665054 0.57124041393399139 0.4780115969479074
leaf_count=25 31 22 22 2198 26 25 22 19
internal_value=0.105653 0.123109 0.123196 -0.0307592 -0.0307521 -0.0307506 -0.0307496 -0.0307487
internal_weight=487.732 432.401 275.585 55.3313 54.556 53.8713 53.2252 52.654
internal_count=2390 75 44 2315 2290 2264 2239 2217
is_linear=0
shrinkage=0.03


Tree=8
num_leaves=14
num_cat=0
split_feature=72 3 51 55 5 81 64 4 75 98 98 82 22
split_gain=1094.4 0.00425478 0.00244424 1.54672e-05 3.63578e-05 1.67396e-05 4.52348e-05 5.17354e-06 2.52265e-06 1.6666e-06 1.37372e-07 1.19698e-11 3.00704e-12
threshold=0.24317340227985554 0.77963639597812184 23189.167045559803 0.97760786480620832 0.55253986548481293 0.947503160563689 0.76621990691828257 359.7440208084144 0.03498855868538802 0.084150932073779119 0.034896398668964136 0.33451826790000838 0.53706367744073014
decision_type=2 2 2 2 2 2 2 2 2 2 2 2 2
left_child=3 -2 -3 5 12 7 10 8 9 -1 11 -7 -5
right_child=1 2 -4 4 -6 6 -8 -9 -10 -11 -12 -13 -14
leaf_value=-0.030727434631568653 0.11220408157103198 0.11248074922400618 0.11230737188229209 -0.030724965283459669 -0.031042945505435675 -0.030724768700481641 -0.030985547769105417 -0.03080925623427869 -0.030797813681418928 -0.030782981774110128 -0.030743252569295308 -0.030724943137922466 -0.030724858194859029
leaf_weight=47.614186443388462 166.53202501498163 146.2913966178894 146.43505144119263 0.48381020128726848 0.49205708689987659 0.50671764276921738 0.86729195527732361 0.72786619327962299 0.47039845958351989 0.49114128760993381 0.46894874796271313 1.1749312225729225 0.46070686727762222
leaf_count=2062 31 22 22 21 18 22 33 29 19 20 20 51 20
internal_value=0.097334 0.112325 0.112394 -0.0307367 -0.0308338 -0.0307341 -0.0308027 -0.0307299 -0.0307287 -0.030728 -0.0307289 -0.0307249 -0.0307249
internal_weight=513.017 459.258 292.726 53.7581 1.43657 52.3215 3.01789 49.3036 48.5757 48.1053 2.1506 1.68165 0.944517
internal_count=2390 75 44 2315 59 2256 126 2130 2101 2082 93 73 41
is_linear=0
shrinkage=0.03


Tree=9
num_leaves=8
num_cat=0
split_feature=98 85 8 72 75 26 4
split_gain=944.363 0.00466369 0.000184138 6.67941e-06 4.64851e-06 4.14269e-06 2.82312e-06
threshold=0.099769326286756541 0.47972151672071417 2.141237364629021 0.21560287520911792 0.03498855868538802 0.0045101591111416017 360.91319721741928
decision_type=2 2 2 2 2 2 2
left_child=2 -2 -1 4 5 6 -4
right_child=1 -3 3 -5 -6 -7 -8
leaf_value=-0.031187291018566481 0.10366298376427423 0.10347553211398725 -0.030704500766926414 -0.030816876698142665 -0.030796550774402225 -0.030783766406425075 -0.030775673471162932
leaf_weight=0.73218707740306754 265.70256404019892 217.01633686199784 49.353963788598776 0.50370556116104026 0.51747928932309051 0.61180619895458122 0.50673501938581367
leaf_count=25 39 36 2203 20 21 25 21
internal_value=0.0904678 0.103579 -0.0307149 -0.0307082 -0.0307071 -0.0307062 -0.0307052
internal_weight=534.945 482.719 52.2259 51.4937 50.99 50.4725 49.8607
internal_count=2390 75 2315 2290 2270 2249 2224
is_linear=0
shrinkage=0.03


Tree=10
num_leaves=10
num_cat=0
split_feature=26 51 4 33 6 78 94 36 75
split_gain=821.436 0.00668353 0.00028124 2.52133e-05 8.73318e-06 4.73956e-06 7.29932e-06 4.75042e-06 4.53449e-06
threshold=0.33604674365287451 14284.928250601037 889.21778814173297 0.012160178317662808 0.98702577743680309 0.024162652514995501 0.42641375675893162 0.98512301921640544 0.03498855868538802
decision_type=2 2 2 2 2 2 2 2 2
left_child=3 -2 -3 -1 5 6 -5 8 -7
right_child=1 2 -4 4 -6 7 -8 -9 -10
leaf_value=-0.030874039960081406 0.096561679859188315 0.09635213718468004 0.096297670646371611 -0.030681751771485966 -0.030818479038109515 -0.030687561785189246 -0.030844743201353504 -0.030759773508981101 -0.030770754782799288
leaf_weight=0.69797711633145709 152.90926599502563 160.38177585601807 182.30848073959351 0.54315935634076495 0.4901336133480062 46.78522533364594 0.45395549014210701 0.85955115221440692 0.59718060493469138
leaf_count=29 21 22 25 25 21 2141 19 38 25
internal_value=0.0846595 0.0963968 0.0963232 -0.030695 -0.0306925 -0.0306912 -0.030756 -0.0306899 -0.0306886
internal_weight=546.027 495.6 342.69 50.4272 49.7292 49.2391 0.997115 48.242 47.3824
internal_count=2366 68 47 2298 2269 2248 44 2204 2166
is_linear=0
shrinkage=0.03


Tree=11
num_leaves=11
num_cat=0
split_feature=26 73 93 0 55 42 6 63 72 5
split_gain=726.833 0.00155527 0.000719608 1.91929e-05 1.13624e-05 2.83641e-05 8.24574e-06 8.4639e-06 5.73306e-06 2.17444e-11
threshold=0.33604674365287451 0.29341525049415201 0.55614732119288079 0.0086053913621967019 0.97760786480620832 0.69593489463104163 0.98702577743680309 0.98832423377034662 0.21560287520911792 0.44357511585347581
decision_type=2 2 2 2 2 2 2 2 2 2
left_child=3 -2 -3 4 6 9 7 8 -1 -6
right_child=1 2 -4 -5 5 -7 -8 -9 -10 -11
leaf_value=-0.030665910974443433 0.090376093335587021 0.090224143633544265 0.09030939349006481 -0.030864525593159838 -0.030661115457536577 -0.03095202049652402 -0.03079390379507304 -0.030794245222369055 -0.030760161635487018 -0.030660820956022922
leaf_weight=45.599733078852296 150.79527902603149 203.74591302871704 158.39387226104736 0.4712393656373014 0.48523360863327869 0.45133675076067448 0.47602183185517688 0.47615244425833125 0.58833895809948344 0.42176184430718422
leaf_count=2152 20 27 21 18 23 18 21 21 25 20
internal_value=0.0797527 0.0902951 0.0902614 -0.030674 -0.0306721 -0.0307577 -0.0306697 -0.0306684 -0.0306671 -0.030661
internal_weight=561.905 512.935 362.14 48.9698 48.4986 1.35833 47.1402 46.6642 46.1881 0.906995
internal_count=2366 68 48 2298 2280 61 2219 2198 2177 43
is_linear=0
shrinkage=0.03


Tree=12
num_leaves=9
num_cat=0
split_feature=26 51 4 8 0 72 75 4
split_gain=649.324 0.00415087 0.000174343 0.000149836 1.87025e-05 5.39014e-06 4.26532e-06 2.80923e-06
threshold=0.33604674365287451 14284.928250601037 889.21778814173297 2.141237364629021 0.0086053913621967019 0.21560287520911792 0.03498855868538802 360.91319721741928
decision_type=2 2 2 2 2 2 2 2
left_child=3 -2 -3 -1 5 6 7 -5
right_child=1 2 -4 4 -6 -7 -8 -9
leaf_value=-0.031112831964683167 0.08521528558477677 0.085055252446064669 0.08501369295670512 -0.0306426500549557 -0.030838301504553817 -0.030737163181873466 -0.030728046548981515 -0.03071332341673785
leaf_weight=0.63106938265263934 162.87086009979248 170.77302694320679 194.10342454910278 44.838705176487565 0.45769515261053939 0.57137166522443195 0.5427931547164907 0.51197501644492049
leaf_count=23 21 22 25 2185 18 25 24 23
internal_value=0.0755222 0.0850894 0.0850331 -0.0306536 -0.0306475 -0.0306456 -0.0306444 -0.0306434
internal_weight=575.301 527.747 364.876 47.5536 46.9225 46.4648 45.8935 45.3507
internal_count=2366 68 47 2298 2275 2257 2232 2208
is_linear=0
shrinkage=0.03


Tree=13
num_leaves=9
num_cat=0
split_feature=31 73 15 8 0 72 75 98
split_gain=584.803 0.000949662 0.000481113 0.000136951 1.70648e-05 4.91902e-06 3.89252e-06 2.74697e-06
threshold=0.80519873567073807 0.29341525049415201 0.48994689072299663 2.141237364629021 0.0086053913621967019 0.21560287520911792 0.03498855868538802 0.084150932073779119
decision_type=2 2 2 2 2 2 2 2
left_child=3 -2 -3 -1 5 6 7 -5
right_child=1 2 -4 4 -6 -7 -8 -9
leaf_value=-0.031079316355685168 0.080657366150149484 0.080603764778911735 0.080536376997374148 -0.03062324668254205 -0.030812894127547258 -0.030714876864928742 -0.030706039536890804 -0.030695696783437296
leaf_weight=0.61306892707943816 158.84894704818726 190.67042446136475 190.73536205291748 43.561704266816378 0.44452894106507201 0.55488134361803432 0.52712301351129909 0.47614570707082648
leaf_count=23 20 24 24 2186 18 25 24 22
internal_value=0.0718372 0.0805957 0.0805701 -0.0306339 -0.0306279 -0.0306261 -0.030625 -0.030624
internal_weight=586.432 540.255 381.406 46.1775 45.5644 45.1199 44.565 44.0378
internal_count=2366 68 48 2298 2275 2257 2232 2208
is_linear=0
shrinkage=0.03


Tree=14
num_leaves=9
num_cat=0
split_feature=26 51 8 81 0 75 98 26
split_gain=530.356 0.00270931 0.000125173 9.26877e-05 1.55711e-05 3.31709e-06 3.15293e-06 1.22644e-06
threshold=0.33604674365287451 14284.928250601037 2.141237364629021 0.46497979946839457 0.0086053913621967019 0.03498855868538802 0.084150932073779119 0.0045101591111416017
decision_type=2 2 2 2 2 2 2 2
left_child=2 -2 -1 -3 5 6 7 -4
right_child=1 3 4 -5 -6 -7 -8 -9
leaf_value=-0.031046828480739502 0.07677752473124759 0.076616275080888738 -0.030604893771396399 0.076646214913687463 -0.030788274322179406 -0.03068173305106706 -0.030682119766970512 -0.03065243717393943
leaf_weight=0.59556317701935668 169.97615909576416 162.00396156311035 42.299591528251767 218.67486476898193 0.43173088133335014 0.53120214492082496 0.48814727179705997 0.49402697011828323
leaf_count=23 21 20 2185 27 18 25 23 24
internal_value=0.0685989 0.0766779 -0.0306148 0.0766335 -0.030609 -0.0306072 -0.0306063 -0.0306054
internal_weight=595.495 550.655 44.8403 380.679 44.2447 43.813 43.2818 42.7936
internal_count=2366 68 2298 47 2275 2257 2232 2209
is_linear=0
shrinkage=0.03


Tree=15
num_leaves=9
num_cat=0
split_feature=24 52 88 8 0 72 75 26
split_gain=499.461 0.790782 0.0106403 0.000104042 9.35317e-06 4.85262e-06 3.00213e-06 1.68607e-06
threshold=2.5140337760898661 0.39996398370611408 0.4923769283511098 2.141237364629021 0.0086053913621967019 0.21560287520911792 0.03498855868538802 0.0045101591111416017
decision_type=2 2 2 2 2 2 2 2
left_child=3 -2 -3 -1 5 6 7 -5
right_child=1 2 -4 4 -6 -7 -8 -9
leaf_value=-0.030977100372744149 0.075820277466166583 0.073516024606899738 0.073199960418425219 -0.030586333201064003 -0.030737910794374851 -0.030687060475835977 -0.030658491279321111 -0.030644895052947565
leaf_weight=0.63455057516693969 162.12969207763672 164.23790454864502 230.26053810119629 41.864177061244845 0.38231558911502261 0.44830995984375377 0.53461101651191612 0.44720047153532405
leaf_count=26 20 20 28 2228 17 21 26 22
internal_value=0.0663398 0.0740564 0.0733315 -0.0305957 -0.0305902 -0.0305889 -0.0305878 -0.030587
internal_weight=600.939 556.628 394.498 44.3112 43.6766 43.2943 42.846 42.3114
internal_count=2408 68 48 2340 2314 2297 2276 2250
is_linear=0
shrinkage=0.03


Tree=16
num_leaves=9
num_cat=0
split_feature=4 33 73 8 0 98 72 26
split_gain=456.466 0.911791 0.0130733 9.5335e-05 8.58995e-06 4.97688e-06 3.79069e-06 1.56377e-06
threshold=364.14132658787264 0.26059912497730559 0.30164802698163734 2.141237364629021 0.0086053913621967019 0.09021221277759163 0.21560287520911792 0.0045101591111416017
decision_type=2 2 2 2 2 2 2 2
left_child=3 -2 -3 -1 5 6 7 -5
right_child=1 2 -4 4 -6 -7 -8 -9
leaf_value=-0.030947760221412761 0.073094728245586632 0.070466151952285741 0.070119424906005021 -0.030568210918182789 -0.030715616853488621 -0.030681873542486408 -0.030660371875391321 -0.030625442764327406
leaf_weight=0.61637178808450599 131.16238518618047 149.60737705230713 283.01157607324421 40.737047458067536 0.37128168903291126 0.35917486064135928 0.41104501858353515 0.43425519578158756
leaf_count=26 18 18 36 2234 17 17 20 22
internal_value=0.0637231 0.0709036 0.0702393 -0.0305773 -0.030572 -0.0305707 -0.0305697 -0.0305688
internal_weight=606.711 563.781 432.619 42.9292 42.3128 41.9415 41.5823 41.1713
internal_count=2408 72 54 2336 2310 2293 2276 2256
is_linear=0
shrinkage=0.03


Tree=17
num_leaves=9
num_cat=0
split_feature=24 32 27 8 72 75 96 90
split_gain=421.284 0.635085 0.0100602 8.68295e-05 4.41452e-06 2.39727e-06 1.32977e-06 3.19424e-07
threshold=2.5140337760898661 0.71002277554327531 0.56816699837456242 2.141237364629021 0.21560287520911792 0.03498855868538802 0.0045101591111416017 0.14816754613157909
decision_type=2 2 2 2 2 2 2 2
left_child=3 2 -2 -1 5 6 7 -5
right_child=1 -3 -4 4 -6 -7 -8 -9
leaf_value=-0.030919314724869803 0.067358528623674405 0.069689412239763202 0.067662600035030898 -0.030559420329465532 -0.030651584657139588 -0.030619422282230073 -0.030606590221873495 -0.030551904369891334
leaf_weight=0.5986972413957109 235.15920734405518 166.14012861251831 167.80208301544189 5.9896404705941668 0.42512866482138534 0.50414517521858115 0.42167668044567008 33.848553461953998
leaf_count=26 28 20 20 335 21 26 22 1910
internal_value=0.0613778 0.0681286 0.0674852 -0.0305606 -0.0305554 -0.0305544 -0.0305536 -0.030553
internal_weight=610.889 569.101 402.961 41.7878 41.1891 40.764 40.2599 39.8382
internal_count=2408 68 48 2340 2314 2293 2267 2245
is_linear=0
shrinkage=0.03


Tree=18
num_leaves=9
num_cat=0
split_feature=24 73 73 8 72 98 75 4
split_gain=389.381 0.544009 0.00908276 7.93766e-05 4.02938e-06 4.08184e-06 2.25116e-06 1.51633e-06
threshold=2.5140337760898661 0.72085525782504567 0.30164802698163734 2.141237364629021 0.21560287520911792 0.09021221277759163 0.03498855868538802 360.91319721741928
decision_type=2 2 2 2 2 2 2 2
left_child=3 2 -2 -1 5 6 7 -5
right_child=1 -3 -4 4 -6 -7 -8 -9
leaf_value=-0.030891737624621551 0.065199453298501756 0.067063790398682821 0.064911454668195714 -0.030535439634812495 -0.030631939619383503 -0.030641420733029452 -0.030600761557899075 -0.030596285629258205
leaf_weight=0.58151391707360645 168.89845085144043 167.48499631881714 236.63700485229492 38.380079109221697 0.41282483004033466 0.33873389661312003 0.48953930474817653 0.37218946032225986
leaf_count=26 20 20 28 2230 21 17 26 20
internal_value=0.0592661 0.0656254 0.0650314 -0.0305438 -0.0305387 -0.0305377 -0.0305368 -0.030536
internal_weight=613.595 573.02 405.535 40.5749 39.9934 39.5805 39.2418 38.7523
internal_count=2408 68 48 2340 2314 2293 2276 2250
is_linear=0
shrinkage=0.03


Tree=19
num_leaves=9
num_cat=0
split_feature=24 20 33 8 72 4 26 44
split_gain=361.217 0.483961 0.00884637 7.25622e-05 3.67789e-06 1.39176e-06 8.8847e-07 3.411e-07
threshold=2.5140337760898661 0.68610186409470486 0.68572782229868989 2.141237364629021 0.21560287520911792 359.7440208084144 0.0045101591111416017 0.98759061252849623
decision_type=2 2 2 2 2 2 2 2
left_child=3 2 -2 -1 5 6 7 -5
right_child=1 -3 -4 4 -6 -7 -8 -9
leaf_value=-0.030864997581898146 0.06269224768561614 0.064722486893360132 0.062975901026459002 -0.030520116430345773 -0.030612896591335179 -0.030572099081632675 -0.030567824169741156 -0.030544223362546037
leaf_weight=0.56480909883975883 237.56067657470703 168.41205549240112 169.59821701049805 37.050947679206729 0.40086944960057636 0.48411289788782497 0.3598538264632215 0.53589091077446838
leaf_count=26 28 20 20 2215 21 27 20 31
internal_value=0.0573546 0.0633699 0.0628104 -0.0305274 -0.0305225 -0.0305216 -0.0305209 -0.0305205
internal_weight=614.967 575.571 407.159 39.3965 38.8317 38.4308 37.9467 37.5868
internal_count=2408 68 48 2340 2314 2293 2266 2246
is_linear=0
shrinkage=0.03


Tree=20
num_leaves=9
num_cat=0
split_feature=75 35 63 8 4 98 0 72
split_gain=337.168 0.949855 0.000815771 4.87691e-05 6.97007e-06 3.38087e-06 3.28377e-06 3.10385e-06
threshold=0.34207318301595363 0.24075617655363848 0.47346052322540549 2.141237364629021 362.70284810990762 0.09021221277759163 0.007692020815786421 0.21560287520911792
decision_type=2 2 2 2 2 2 2 2
left_child=3 -2 -3 -1 5 6 7 -5
right_child=1 2 -4 4 -6 -7 -8 -9
leaf_value=-0.030813586702786829 0.063368952667305259 0.060743671316980982 0.060659454032457295 -0.03050348962745603 -0.030643404742671441 -0.030603405831448334 -0.030587264835655992 -0.030587126796378199
leaf_weight=0.47421879880130191 168.70176887512207 246.46241569519043 178.47849655151367 36.208400150761008 0.33634624630212684 0.319428825750946 0.43565079942345519 0.40379485301673312
leaf_count=23 20 29 21 2232 17 17 24 22
internal_value=0.0559068 0.0614644 0.0607083 -0.0305113 -0.0305074 -0.0305062 -0.0305054 -0.0305044
internal_weight=631.821 593.643 424.941 38.1778 37.7036 37.3673 37.0478 36.6122
internal_count=2405 70 50 2335 2312 2295 2278 2254
is_linear=0
shrinkage=0.03


Tree=21
num_leaves=13
num_cat=0
split_feature=3 35 15 92 4 55 83 81 71 0 98 72
split_gain=313.656 1.4595 0.00138711 0.001865 6.00795e-06 5.09374e-06 1.12311e-05 2.96532e-06 1.43512e-05 3.20353e-06 2.38121e-06 1.8642e-07
threshold=0.17850401716788752 0.17204811203402967 0.15086370874123498 0.43640726841186617 362.70284810990762 0.97760786480620832 0.80701437841347912 0.95866908684762675 0.83953763573372564 0.007692020815786421 0.084150932073779119 0.11819576815307227
decision_type=2 2 2 2 2 2 2 2 2 2 2 2
left_child=4 -2 -3 -4 5 7 -7 9 11 10 -1 -9
right_child=1 2 3 -5 -6 6 -8 8 -10 -11 -12 -13
leaf_value=-0.030489080523794669 0.062705262354305541 0.058960304182772864 0.05874486105905026 0.058889468660830661 -0.030624015972625526 -0.030486785493979773 -0.030702298744424133 -0.030486882474321145 -0.030719163513194744 -0.030576268832773059 -0.030562315229710438 -0.030513020717558483
leaf_weight=33.094136978499591 109.5765983350575 118.96284198760986 119.04586918279529 246.41160011291504 0.32660924270748992 0.61277452483773132 0.33749137632548809 1.1786375120282162 0.30192722752690304 0.39161231182515521 0.4044665303081264 0.31020688265562046
leaf_count=2099 14 14 20 29 17 39 18 75 16 22 23 19
internal_value=0.0543025 0.0595786 0.0588713 0.0588424 -0.0304959 -0.0304948 -0.0305633 -0.030493 -0.0305306 -0.030491 -0.03049 -0.0304923
internal_weight=630.955 593.997 484.42 365.457 36.9579 36.6313 0.950266 35.681 1.79077 33.8902 33.4986 1.48884
internal_count=2405 77 63 49 2328 2311 57 2254 110 2144 2122 94
is_linear=0
shrinkage=0.03


Tree=22
num_leaves=9
num_cat=0
split_feature=75 35 33 8 0 75 26 13
split_gain=294.489 0.680515 0.000596837 4.07564e-05 2.59117e-06 1.76025e-06 9.46065e-07 4.95861e-07
threshold=0.34207318301595363 0.24075617655363848 0.61126203178784544 2.141237364629021 0.007692020815786421 0.033530455419015635 0.0045101591111416017 0.99436795059564342
decision_type=2 2 2 2 2 2 2 2
left_child=3 -2 -3 -1 5 6 7 -5
right_child=1 2 -4 4 -6 -7 -8 -9
leaf_value=-0.030765698416330922 0.059498200963241522 0.057206959507252374 0.05727866310654281 -0.03047494621766355 -0.030552477148469301 -0.030530735833363989 -0.03052094322589867 -0.030511389847413212
leaf_weight=0.447380181401967 169.0510892868042 186.55387687683105 237.46200084686279 33.853996294550598 0.4107405599206676 0.53407669812440772 0.41379583533853193 0.3393840529024591
leaf_count=23 20 22 28 2210 24 32 25 21
internal_value=0.0528317 0.0578888 0.0572471 -0.0304811 -0.0304776 -0.0304767 -0.0304759 -0.0304753
internal_weight=629.066 593.067 424.016 35.9994 35.552 35.1413 34.6072 34.1934
internal_count=2405 70 50 2335 2312 2288 2256 2231
is_linear=0
shrinkage=0.03


Tree=23
num_leaves=9
num_cat=0
split_feature=75 35 60 8 4 98 0 72
split_gain=276.215 0.581617 0.00054612 3.72611e-05 5.2962e-06 2.56716e-06 2.49046e-06 2.35761e-06
threshold=0.34207318301595363 0.24075617655363848 0.67951157370272885 2.141237364629021 362.70284810990762 0.09021221277759163 0.007692020815786421 0.21560287520911792
decision_type=2 2 2 2 2 2 2 2
left_child=3 -2 -3 -1 5 6 7 -5
right_child=1 2 -4 4 -6 -7 -8 -9
leaf_value=-0.030742794414249468 0.057814553242129592 0.05576134100915274 0.055692628711878571 -0.0304596248248683 -0.030587077509629568 -0.03055061593644115 -0.030535877755702674 -0.030535804272536365
leaf_weight=0.43447668291628261 168.75864696502686 236.62414169311523 185.88088512420654 33.148286168463528 0.30799222644418378 0.29246297013014455 0.39881475456058879 0.36970604117959638
leaf_count=23 20 28 22 2232 17 17 24 22
internal_value=0.0514815 0.0563258 0.0557311 -0.0304667 -0.0304632 -0.0304621 -0.0304614 -0.0304605
internal_weight=626.215 591.264 422.505 34.9517 34.5173 34.2093 33.9168 33.518
internal_count=2405 70 50 2335 2312 2295 2278 2254
is_linear=0
shrinkage=0.03


Tree=24
num_leaves=9
num_cat=0
split_feature=3 35 15 8 4 98 0 72
split_gain=258.752 0.94855 0.00138937 3.40941e-05 4.8447e-06 2.35053e-06 2.2824e-06 2.16031e-06
threshold=0.17850401716788752 0.17204811203402967 0.44174786961540147 2.141237364629021 362.70284810990762 0.09021221277759163 0.007692020815786421 0.21560287520911792
decision_type=2 2 2 2 2 2 2 2
left_child=3 -2 -3 -1 5 6 7 -5
right_child=1 2 -4 4 -6 -7 -8 -9
leaf_value=-0.030720582433545779 0.057393731182946967 0.054353633209398171 0.054251081581701485 -0.030445698399822078 -0.03056941662613602 -0.030534065763712016 -0.030519784899260136 -0.030519704900097588
leaf_weight=0.4219362074509253 109.40269513241947 218.61416530609131 260.66877357102931 32.073097782209516 0.29905975144356389 0.28397090546786685 0.38722899928688903 0.35896598640829225
leaf_count=23 14 26 37 2225 17 17 24 22
internal_value=0.050237 0.0548732 0.0542979 -0.0304526 -0.0304492 -0.0304481 -0.0304474 -0.0304465
internal_weight=622.51 588.686 479.283 33.8243 33.4023 33.1033 32.8193 32.4321
internal_count=2405 77 63 2328 2305 2288 2271 2247
is_linear=0
shrinkage=0.03


Tree=25
num_leaves=9
num_cat=0
split_feature=72 38 53 8 4 0 72 98
split_gain=244.639 0.87339 0.00462725 4.64406e-05 4.97535e-06 2.747e-06 2.0065e-06 1.61046e-06
threshold=0.6441844089355816 0.17984606919275684 0.30256129687723021 2.141237364629021 362.70284810990762 0.007692020815786421 0.21560287520911792 0.084150932073779119
decision_type=2 2 2 2 2 2 2 2
left_child=3 -2 -3 -1 5 6 7 -5
right_child=1 2 -4 4 -6 -7 -8 -9
leaf_value=-0.030749176076678746 0.055587343773439123 0.053168877600478219 0.052968814029228484 -0.030432560166694381 -0.030553037711492679 -0.030514934500981212 -0.030507167040346232 -0.030495234512671179
leaf_weight=0.43253560364246268 167.55534744262695 167.16816711425781 275.55495071411133 30.886534906923782 0.32497534714639087 0.3828626349568357 0.33458747901022334 0.37345049902796645
leaf_count=23 20 20 33 2206 19 24 21 24
internal_value=0.0494569 0.0537425 0.0530444 -0.0304404 -0.0304362 -0.0304351 -0.0304341 -0.0304333
internal_weight=643.013 610.278 442.723 32.7349 32.3024 31.9774 31.5946 31.26
internal_count=2390 73 53 2317 2294 2275 2251 2230
is_linear=0
shrinkage=0.03


Tree=26
num_leaves=10
num_cat=0
split_feature=31 38 73 35 8 98 75 26 3
split_gain=230.097 0.764898 0.00713662 0.00108247 4.24799e-05 1.81054e-06 1.21549e-06 3.53324e-07 2.65593e-07
threshold=0.30159733179475062 0.17984606919275684 0.26003896787633174 0.36592126580052248 2.141237364629021 0.084150932073779119 0.033530455419015635 0.0045101591111416017 0.16729807733394611
decision_type=2 2 2 2 2 2 2 2 2
left_child=4 -2 -3 -4 -1 6 7 8 -6
right_child=1 2 3 -5 5 -7 -8 -9 -10
leaf_value=-0.030726752626233193 0.054224511384472603 0.052029769853766158 0.051692566087592678 0.051806358008956756 -0.030420832803627819 -0.030487907027899448 -0.030469876294589707 -0.030451020312329408 -0.030446791199334786
leaf_weight=0.42005395051092165 166.62718677520752 124.48237133026123 124.27134461887181 190.68459613993764 29.696206704713418 0.38256741035729547 0.47467857133597036 0.36050168517976899 0.35902273189276357
leaf_count=23 20 15 18 26 2181 25 32 25 25
internal_value=0.048373 0.0524937 0.0518375 0.0517615 -0.0304271 -0.030423 -0.0304222 -0.0304215 -0.0304211
internal_weight=637.759 606.065 439.438 314.956 31.693 31.273 30.8904 30.4157 30.0552
internal_count=2390 79 59 44 2311 2288 2263 2231 2206
is_linear=0
shrinkage=0.03


Tree=27
num_leaves=9
num_cat=0
split_feature=24 82 65 8 4 0 98 75
split_gain=217.42 0.536864 0.00369038 2.96171e-05 4.1395e-06 2.52326e-06 1.30408e-06 1.18565e-06
threshold=1.5359167475247728 0.60363866951722123 0.27903904920817346 2.1958684789597434 362.70284810990762 0.007692020815786421 0.084150932073779119 0.03498855868538802
decision_type=2 2 2 2 2 2 2 2
left_child=3 2 -2 -1 5 6 7 -5
right_child=1 -3 -4 4 -6 -7 -8 -9
leaf_value=-0.03063763227346963 0.050848307058523903 0.05262441343735489 0.05065466975415215 -0.030407235254920246 -0.030520360069732903 -0.030488192298278233 -0.030465961454034175 -0.030465037289321418
leaf_weight=0.52638754900545137 131.58880060445517 198.47537855897099 271.01793609280139 28.899178475141539 0.30640558712184329 0.36255857162177463 0.35203265864401956 0.32295340579002996
leaf_count=32 17 27 36 2189 19 24 24 22
internal_value=0.0473659 0.0513475 0.050718 -0.0304145 -0.0304107 -0.0304095 -0.0304086 -0.0304079
internal_weight=631.852 601.082 402.607 30.7695 30.2431 29.9367 29.5742 29.2221
internal_count=2390 80 53 2310 2278 2259 2235 2211
is_linear=0
shrinkage=0.03


Tree=28
num_leaves=9
num_cat=0
split_feature=72 38 37 8 4 0 72 98
split_gain=206.456 0.589426 0.00322942 2.7057e-05 3.77247e-06 2.29819e-06 1.521e-06 1.21718e-06
threshold=0.6441844089355816 0.17984606919275684 0.49078449305900873 2.1958684789597434 362.70284810990762 0.007692020815786421 0.21560287520911792 0.084150932073779119
decision_type=2 2 2 2 2 2 2 2
left_child=3 -2 -3 -1 5 6 7 -5
right_child=1 2 -4 4 -6 -7 -8 -9
leaf_value=-0.030618601595874966 0.051825446896194408 0.049814624140678387 0.049646792093523594 -0.030395035300166899 -0.030504736833059778 -0.030473554095381803 -0.030462931571049495 -0.030451991803972466
leaf_weight=0.51114315260201948 164.20516586303711 171.00907611846924 260.16843700408936 28.160315813496723 0.29749992303550143 0.35200980771332879 0.30626847222447295 0.34178287349641223
leaf_count=32 20 21 32 2197 19 24 21 24
internal_value=0.0464285 0.0502959 0.0497134 -0.0304022 -0.0303984 -0.0303974 -0.0303964 -0.0303957
internal_weight=625.352 595.383 431.178 29.969 29.4579 29.1604 28.8084 28.5021
internal_count=2390 73 53 2317 2285 2266 2242 2221
is_linear=0
shrinkage=0.03


Tree=29
num_leaves=10
num_cat=0
split_feature=31 38 73 35 8 4 0 98 26
split_gain=195.042 0.522648 0.00489414 0.000745229 3.24335e-05 3.4613e-06 1.46717e-06 1.0866e-06 2.8791e-07
threshold=0.30159733179475062 0.17984606919275684 0.26003896787633174 0.38172099785688546 2.141237364629021 362.70284810990762 0.007692020815786421 0.084150932073779119 0.0045101591111416017
decision_type=2 2 2 2 2 2 2 2 2
left_child=4 -2 -3 -4 -1 6 7 8 -6
right_child=1 2 3 -5 5 -7 -8 -9 -10
leaf_value=-0.030663559795003351 0.050739581398042799 0.048902764918650907 0.048622332315945878 0.048717211744655042 -0.030383498385691852 -0.030489590805079011 -0.030448914207197895 -0.030438446432420049 -0.030411692423062853
leaf_weight=0.38472955022007482 162.71011161804199 120.90562725067139 128.63242835830897 177.06183144450188 27.350372856482878 0.28884872980415721 0.32171112485229869 0.33182703889906306 0.32990722078829904
leaf_count=23 20 15 19 25 2197 19 23 24 25
internal_value=0.0455548 0.049293 0.0487412 0.0486773 -0.0303899 -0.0303863 -0.0303852 -0.0303845 -0.0303838
internal_weight=618.317 589.31 426.6 305.694 29.0074 28.6227 28.3338 28.0121 27.6803
internal_count=2390 79 59 44 2311 2288 2269 2246 2222
is_linear=0
shrinkage=0.03


Tree=30
num_leaves=9
num_cat=0
split_feature=0 73 85 8 75 0 26 98
split_gain=186.742 0.590542 0.0112218 1.72922e-05 1.40217e-06 1.32882e-06 7.66936e-07 7.35293e-07
threshold=0.45395775567046376 0.72085525782504567 0.64835676851746882 2.141237364629021 0.037635033422750992 0.007692020815786421 0.0049213177150411484 0.084150932073779119
decision_type=2 2 2 2 2 2 2 2
left_child=3 2 -2 -1 5 6 7 -5
right_child=1 -3 -4 4 -6 -7 -8 -9
leaf_value=-0.030572856578010683 0.047765406235549569 0.049908026191810617 0.048082805822645458 -0.030372200216926409 -0.030446790593143862 -0.030435462013030084 -0.030424730993996126 -0.030418131622648892
leaf_weight=0.40149637963623064 270.03391361236572 185.68950939178467 159.44734859466553 26.729509714059546 0.23980508279055257 0.31233573704957862 0.25778191164135833 0.31740246899425884
leaf_count=27 34 23 20 2211 17 23 19 24
internal_value=0.0450305 0.0484944 0.0478832 -0.0303774 -0.0303746 -0.0303739 -0.0303732 -0.0303727
internal_weight=643.429 615.171 429.481 28.2583 27.8568 27.617 27.3047 27.0469
internal_count=2398 77 54 2321 2294 2277 2254 2235
is_linear=0
shrinkage=0.03


Tree=31
num_leaves=9
num_cat=0
split_feature=0 73 39 8 75 0 72 4
split_gain=177.39 0.516741 0.0106872 1.58105e-05 1.28023e-06 1.21354e-06 1.15369e-06 9.01788e-07
threshold=0.45395775567046376 0.72085525782504567 0.41541826415378807 2.141237364629021 0.037635033422750992 0.007692020815786421 0.21560287520911792 360.91319721741928
decision_type=2 2 2 2 2 2 2 2
left_child=3 2 -2 -1 5 6 7 -5
right_child=1 -3 -4 4 -6 -7 -8 -9
leaf_value=-0.030555779236253799 0.047243335071189184 0.048952335136217155 0.046931641257663463 -0.030360785274268564 -0.030433401916477438 -0.030422423091925492 -0.030422605183816606 -0.03041026739808558
leaf_weight=0.38984484598040836 157.49278593063354 183.66572332382202 266.58679342269897 25.8912316421047 0.23281861189752717 0.30323276855051418 0.28031059633940358 0.33577355276793142
leaf_count=27 20 23 34 2207 17 23 21 26
internal_value=0.0442548 0.0476231 0.0470474 -0.0303661 -0.0303634 -0.0303627 -0.0303621 -0.0303614
internal_weight=635.179 607.745 424.08 27.4332 27.0434 26.8105 26.5073 26.227
internal_count=2398 77 54 2321 2294 2277 2254 2233
is_linear=0
shrinkage=0.03


Tree=32
num_leaves=10
num_cat=0
split_feature=31 38 56 35 8 75 72 26 98
split_gain=168.169 0.414281 0.0400998 0.00176607 1.44819e-05 1.17499e-06 1.03606e-06 6.43335e-07 6.17643e-07
threshold=0.30159733179475062 0.17984606919275684 0.24379474242519336 0.30578077291490319 2.141237364629021 0.037635033422750992 0.21560287520911792 0.0049213177150411484 0.084150932073779119
decision_type=2 2 2 2 2 2 2 2 2
left_child=4 -2 -3 -4 -1 6 7 8 -6
right_child=1 2 3 -5 5 -7 -8 -9 -10
leaf_value=-0.030539213730861596 0.048163121199393318 0.046798759587101987 0.046081667798427262 0.046224155504186362 -0.030350131476391307 -0.030420419481660327 -0.030409950586057076 -0.030399689592993322 -0.030393492567908728
leaf_weight=0.37852531578392046 149.89067266043276 125.02375331893563 131.4137306092307 193.656504413113 25.13329189922662 0.2260327460244288 0.2721376558765759 0.24297729507088561 0.29917029477655788
leaf_count=27 20 17 20 26 2207 17 21 19 24
internal_value=0.0435274 0.0467971 0.0463422 0.0461666 -0.030355 -0.0303523 -0.0303517 -0.0303511 -0.0303506
internal_weight=626.537 599.985 450.094 325.07 26.5521 26.1736 25.9476 25.6754 25.4325
internal_count=2398 83 63 46 2315 2288 2271 2250 2231
is_linear=0
shrinkage=0.03


Tree=33
num_leaves=9
num_cat=0
split_feature=0 73 39 8 0 72 4 26
split_gain=160.637 0.408012 0.00850732 1.31995e-05 9.45895e-07 9.38254e-07 7.29431e-07 3.72063e-07
threshold=0.45395775567046376 0.72085525782504567 0.41541826415378807 2.141237364629021 0.007692020815786421 0.21560287520911792 360.91319721741928 0.0045101591111416017
decision_type=2 2 2 2 2 2 2 2
left_child=3 2 -2 -1 5 6 7 -5
right_child=1 -3 -4 4 -6 -7 -8 -9
leaf_value=-0.030523146592075827 0.045700406427264847 0.047237510368791369 0.045418442447119359 -0.030339863758035591 -0.030395312343452472 -0.030397680412534669 -0.030386101828047199 -0.030374164136236281
leaf_weight=0.3675286471843745 153.23877573013306 179.25614023208618 259.20641803741455 24.326717874966576 0.29681541677564283 0.26419976726174255 0.31648050993680854 0.28798644337803025
leaf_count=27 20 23 34 2199 24 21 26 24
internal_value=0.0428439 0.0460426 0.0455232 -0.0303446 -0.0303421 -0.0303414 -0.0303408 -0.0303403
internal_weight=617.561 591.701 412.445 25.8597 25.4922 25.1954 24.9312 24.6147
internal_count=2398 77 54 2321 2294 2270 2249 2223
is_linear=0
shrinkage=0.03


Tree=34
num_leaves=9
num_cat=0
split_feature=0 82 38 8 75 0 72 4
split_gain=153.076 0.308223 0.0125021 1.2068e-05 9.7202e-07 9.21532e-07 8.74801e-07 6.83948e-07
threshold=0.45395775567046376 0.60363866951722123 0.5360710981856357 2.141237364629021 0.037635033422750992 0.007692020815786421 0.21560287520911792 360.91319721741928
decision_type=2 2 2 2 2 2 2 2
left_child=3 2 -2 -1 5 6 7 -5
right_child=1 -3 -4 4 -6 -7 -8 -9
leaf_value=-0.03050756282387674 0.044724188685348366 0.046339038980896953 0.045070348634854616 -0.030329506562177054 -0.030395650457039607 -0.030385655414209574 -0.030385782457040742 -0.030374556108009713
leaf_weight=0.35684597678482788 247.77096843719482 184.2003288269043 151.20687866210938 23.69273583684118 0.21305418107658525 0.27748111169785161 0.25649036839604278 0.30724207405000825
leaf_count=27 33 24 20 2207 17 23 21 26
internal_value=0.0422016 0.045324 0.0448554 -0.0303343 -0.0303318 -0.0303313 -0.0303307 -0.0303301
internal_weight=608.282 583.178 398.978 25.1038 24.747 24.5339 24.2565 24
internal_count=2398 77 53 2321 2294 2277 2254 2233
is_linear=0
shrinkage=0.03


Tree=35
num_leaves=13
num_cat=0
split_feature=31 53 54 0 13 5 0 4 36 98 26 24
split_gain=146.889 0.270688 0.0342837 1.96818e-06 4.28331e-06 4.28502e-06 1.8819e-06 7.48278e-07 7.65148e-07 3.40802e-07 2.15928e-07 7.95192e-08
threshold=0.30159733179475062 0.7152867495227877 0.45644523913442692 0.0027183183624060214 0.95243009837513726 0.94110066391155212 0.0086053913621967019 359.7440208084144 0.98512301921640544 0.080677021635117349 0.0045101591111416017 1.1232275891557475
decision_type=2 2 2 2 2 2 2 2 2 2 2 2
left_child=3 2 -2 7 5 6 11 8 9 10 -1 -5
right_child=1 -3 -4 4 -6 -7 -8 -9 -10 -11 -12 -13
leaf_value=-0.030319402357395039 0.044056583618603061 0.045806368323801874 0.044640184879953915 -0.030318829840687258 -0.030479128360024896 -0.030471596708352023 -0.030415624701093436 -0.030364013049811844 -0.030367815338331008 -0.03035434193159206 -0.030348999028252419 -0.030330662627655814
leaf_weight=20.0779044814408 214.28718476928771 151.98282603640109 156.94480585306883 2.0283076595515022 0.20542272925376881 0.20123710762709368 0.20714977290481318 0.36817417852580447 0.30784047301858564 0.25929202232509752 0.22433165553957124 0.68334621377289284
leaf_count=1928 31 22 22 195 16 16 16 32 28 23 20 64
internal_value=0.0413739 0.0447399 0.0443033 -0.030325 -0.0303464 -0.0303377 -0.0303285 -0.0303216 -0.0303209 -0.0303202 -0.0303197 -0.0303218
internal_weight=547.778 523.215 371.232 24.563 3.32546 3.12004 2.9188 21.2375 20.8694 20.5615 20.3022 2.71165
internal_count=2413 75 53 2338 307 291 275 2031 1999 1971 1948 259
is_linear=0
shrinkage=0.03


Tree=36
num_leaves=9
num_cat=0
split_feature=31 53 16 8 0 72 75 98
split_gain=140.212 0.239015 0.0309382 1.57152e-05 1.86053e-06 1.19818e-06 6.55655e-07 5.33664e-07
threshold=0.30159733179475062 0.7152867495227877 0.67158949331467577 2.141237364629021 0.0086053913621967019 0.22478613708570025 0.037635033422750992 0.080677021635117349
decision_type=2 2 2 2 2 2 2 2
left_child=3 2 -2 -1 5 6 7 -5
right_child=1 -3 -4 4 -6 -7 -8 -9
leaf_value=-0.030516799478826476 0.043456756196621177 0.045106710574644528 0.044019652731882866 -0.030309887176669454 -0.030403186528576112 -0.030383519839818261 -0.030365384705707921 -0.030348840283641095
leaf_weight=0.34324182197451847 218.12385110929608 149.74388641584665 147.16992685664445 22.575765123590841 0.20110857486724754 0.20632089208811422 0.19709851033985515 0.32103987783193488
leaf_count=26 32 22 21 2233 16 17 17 29
internal_value=0.0408047 0.0440973 0.0436835 -0.0303153 -0.0303123 -0.0303115 -0.0303109 -0.0303104
internal_weight=538.882 515.038 365.294 23.8446 23.5013 23.3002 23.0939 22.8968
internal_count=2413 75 53 2338 2312 2296 2279 2262
is_linear=0
shrinkage=0.03


Tree=37
num_leaves=9
num_cat=0
split_feature=31 95 9 8 0 72 75 98
split_gain=133.946 0.216215 0.0579898 1.43649e-05 1.69906e-06 1.09417e-06 5.98775e-07 4.87444e-07
threshold=0.30159733179475062 0.17590495484962407 0.57584634018184488 2.141237364629021 0.0086053913621967019 0.22478613708570025 0.037635033422750992 0.080677021635117349
decision_type=2 2 2 2 2 2 2 2
left_child=3 -2 -3 -1 5 6 7 -5
right_child=1 2 -4 4 -6 -7 -8 -9
leaf_value=-0.030501397521171411 0.044660185090193392 0.042874943615095862 0.043621285251202721 -0.03030063489072643 -0.0303911237134094 -0.030372049527651903 -0.03035446262125762 -0.030338419175785822
leaf_weight=0.33326315321028488 111.16448870208114 243.0272758230567 152.48322346061468 21.915138849988594 0.19524121377617021 0.20029766391962667 0.19134115427732368 0.31165711767971416
leaf_count=26 16 37 22 2233 16 17 17 29
internal_value=0.0402672 0.0434912 0.0431627 -0.0303059 -0.030303 -0.0303022 -0.0303016 -0.0303012
internal_weight=529.822 506.675 395.51 23.1469 22.8137 22.6184 22.4181 22.2268
internal_count=2413 75 59 2338 2312 2296 2279 2262
is_linear=0
shrinkage=0.03


Tree=38
num_leaves=9
num_cat=0
split_feature=31 53 16 83 4 9 6 72
split_gain=128.055 0.192389 0.0248283 9.33536e-07 9.33911e-07 7.95077e-07 5.48911e-07 5.42679e-07
threshold=0.30159733179475062 0.7152867495227877 0.67158949331467577 0.99008292298671807 362.70284810990762 0.99448091132555339 0.98702577743680309 0.21560287520911792
decision_type=2 2 2 2 2 2 2 2
left_child=3 2 -2 4 5 6 7 -1
right_child=1 -3 -4 -5 -6 -7 -8 -9
leaf_value=-0.030294006904498166 0.042333997306703557 0.043838274030366921 0.042846887327380359 -0.030363089568006239 -0.030360247448886487 -0.030355717548885615 -0.030337389667588657 -0.030339625098899346
leaf_weight=21.372025177814084 210.69073668029159 145.13802072778344 142.32976786419749 0.18920052610337634 0.2028372110798945 0.19610321614891191 0.27203934639692207 0.23730402160435815
leaf_count=2234 32 22 21 18 18 19 27 22
internal_value=0.0397589 0.0429188 0.0425408 -0.0302967 -0.0302962 -0.0302956 -0.030295 -0.0302945
internal_weight=520.628 498.159 353.021 22.4695 22.2803 22.0775 21.8814 21.6093
internal_count=2413 75 53 2338 2320 2302 2283 2256
is_linear=0
shrinkage=0.03


Tree=39
num_leaves=10
num_cat=0
split_feature=98 95 15 92 8 31 4 72 75
split_gain=122.514 0.174791 0.0519079 0.00306667 1.19741e-05 9.48983e-07 9.23718e-07 5.07803e-07 5.0349e-07
threshold=0.099769326286756541 0.17590495484962407 0.15086370874123498 0.57338614016359568 2.141237364629021 0.27638605428782842 362.70284810990762 0.21560287520911792 0.037635033422750992
decision_type=2 2 2 2 2 2 2 2 2
left_child=4 -2 -3 -4 -1 6 7 8 -6
right_child=1 2 3 -5 5 -7 -8 -9 -10
leaf_value=-0.030472043531351824 0.043445320637547774 0.042642690616131219 0.041743966254128101 0.041946226788232809 -0.030283268646097761 -0.030343264288983252 -0.030349484595997969 -0.030327632416101424 -0.030333615751808277
leaf_weight=0.31420756503939884 107.66565803438425 105.53345060348511 117.04952472820878 159.26593410782516 20.628202567808344 0.2529345927759995 0.19691121578216453 0.2395725017413487 0.18032861780375142
leaf_count=26 16 15 21 24 2229 24 18 23 17
internal_value=0.0392779 0.0423777 0.0420767 0.0418605 -0.0302882 -0.0302855 -0.0302848 -0.0302842 -0.0302837
internal_weight=511.327 489.515 381.849 276.315 21.8122 21.4979 21.245 21.0481 20.8085
internal_count=2413 76 60 45 2337 2311 2287 2269 2246
is_linear=0
shrinkage=0.03


Tree=40
num_leaves=9
num_cat=0
split_feature=75 51 55 8 31 98 72 4
split_gain=117.624 0.183256 0.00454739 1.18113e-05 4.60801e-06 1.56096e-06 9.06025e-07 5.42765e-07
threshold=0.044266990499645449 32938.014635335938 0.23158866629570449 2.1958684789597434 0.28300008376908331 0.09021221277759163 0.22478613708570025 360.91319721741928
decision_type=2 2 2 2 2 2 2 2
left_child=3 2 -2 -1 5 6 7 -5
right_child=1 -3 -4 4 -6 -7 -8 -9
leaf_value=-0.03044241132653832 0.04152237986280824 0.042593765157877411 0.041280724565728531 -0.030274664376951071 -0.030418223216387867 -0.030361608769594414 -0.030341985813175706 -0.030325001144918248
leaf_weight=0.40061812661588447 102.20154958683997 161.18314743041992 223.00458542816341 20.105800193734481 0.20869974046945472 0.19235553126782079 0.18418239802122016 0.19465624913573165
leaf_count=35 16 23 37 2239 17 17 17 19
internal_value=0.0387457 0.0417666 0.0413567 -0.0302811 -0.030278 -0.0302765 -0.0302757 -0.0302751
internal_weight=507.676 486.389 325.206 21.2863 20.8857 20.677 20.4846 20.3005
internal_count=2420 76 53 2344 2309 2292 2275 2258
is_linear=0
shrinkage=0.03


Tree=41
num_leaves=9
num_cat=0
split_feature=75 51 55 8 31 98 72 0
split_gain=112.687 0.163184 0.00405067 1.07969e-05 4.20933e-06 1.42557e-06 8.27404e-07 6.93479e-07
threshold=0.044266990499645449 32938.014635335938 0.23158866629570449 2.1958684789597434 0.28300008376908331 0.09021221277759163 0.22478613708570025 0.007692020815786421
decision_type=2 2 2 2 2 2 2 2
left_child=3 2 -2 -1 5 6 7 -5
right_child=1 -3 -4 4 -6 -7 -8 -9
leaf_value=-0.030429244596115741 0.041053282155492851 0.042073492608619152 0.040823044132989768 -0.030266331048956117 -0.030405727816228752 -0.030350803636199433 -0.030331769995022066 -0.030318749691063105
leaf_weight=0.3889437541365649 100.29708941653371 158.3242621421814 218.8031747918576 19.475920642726138 0.20261371042579313 0.18673601932823558 0.17879827320575614 0.22982591576874156
leaf_count=35 16 23 37 2235 17 17 17 23
internal_value=0.0383175 0.0412861 0.0408954 -0.0302727 -0.0302697 -0.0302683 -0.0302675 -0.0302669
internal_weight=498.087 477.425 319.1 20.6628 20.2739 20.0713 19.8845 19.7057
internal_count=2420 76 53 2344 2309 2292 2275 2258
is_linear=0
shrinkage=0.03


Tree=42
num_leaves=11
num_cat=0
split_feature=75 51 68 33 92 98 72 81 71 4
split_gain=108.019 0.145538 0.00361024 1.29969e-06 1.8929e-06 1.01243e-06 6.78556e-07 6.33318e-07 1.99021e-06 3.13646e-07
threshold=0.044266990499645449 32938.014635335938 0.33542818121173573 0.01920464604373712 0.64578622445559175 0.09021221277759163 0.22478613708570025 0.947503160563689 0.84994424034628302 359.7440208084144
decision_type=2 2 2 2 2 2 2 2 2 2
left_child=3 2 -2 4 -1 6 7 9 -9 -5
right_child=1 -3 -4 5 -6 -7 -8 8 -10 -11
leaf_value=-0.030257313188083605 0.040594663370681953 0.041580616336299205 0.040381849414472745 -0.030260476571466695 -0.030386583879149998 -0.030336638522695806 -0.030321864061898303 -0.030267732236329795 -0.030381088576793464 -0.030295429999050265
leaf_weight=0.21922792494297283 111.38288688659668 155.43858242034912 201.58674176875502 17.941771760582938 0.19056218210607767 0.16862744837999244 0.17356982082128425 0.96676121465861686 0.16288125049322844 0.23406248819082875
leaf_count=26 17 23 36 2113 18 16 17 113 16 25
internal_value=0.037911 0.0408303 0.0404576 -0.0302645 -0.0303174 -0.0302634 -0.0302628 -0.0302623 -0.0302841 -0.0302609
internal_weight=488.466 468.408 312.97 20.0575 0.40979 19.6477 19.479 19.3055 1.12964 18.1758
internal_count=2420 76 53 2344 44 2300 2284 2267 129 2138
is_linear=0
shrinkage=0.03


Tree=43
num_leaves=9
num_cat=0
split_feature=75 51 55 8 31 98 4 3
split_gain=103.601 0.129994 0.00328384 9.02712e-06 3.51556e-06 1.18907e-06 6.63755e-07 1.01172e-07
threshold=0.044266990499645449 32938.014635335938 0.23158866629570449 2.1958684789597434 0.28300008376908331 0.09021221277759163 360.91319721741928 0.17235128475512304
decision_type=2 2 2 2 2 2 2 2
left_child=3 2 -2 -1 5 6 7 -5
right_child=1 -3 -4 4 -6 -7 -8 -9
leaf_value=-0.030404117984514145 0.04018655390188184 0.041113223520969924 0.039975164263498453 -0.0302510111358649 -0.03038190314155113 -0.030330161238540682 -0.030305859780878949 -0.030274307585793938
leaf_weight=0.36663625389337795 96.470329177565873 152.53345441818237 210.35677793808281 18.364442792721107 0.19098510779440303 0.17597927898168464 0.2023068480193605 0.16932076215743919
leaf_count=35 16 23 37 2235 17 17 21 19
internal_value=0.0375246 0.0403975 0.0400416 -0.0302567 -0.0302538 -0.0302525 -0.0302518 -0.0302512
internal_weight=478.83 459.361 306.827 19.4697 19.103 18.912 18.7361 18.5338
internal_count=2420 76 53 2344 2309 2292 2275 2254
is_linear=0
shrinkage=0.03


Tree=44
num_leaves=10
num_cat=0
split_feature=26 2 63 38 8 0 98 75 72
split_gain=99.4216 0.126006 0.0233959 0.000845149 8.19312e-06 1.99992e-06 1.06208e-06 1.07312e-06 6.29068e-07
threshold=0.0062325620946786829 0.2448202144202872 0.217476914369956 0.1954354259495307 2.1958684789597434 0.0086053913621967019 0.09021221277759163 0.03498855868538802 0.22478613708570025
decision_type=2 2 2 2 2 2 2 2 2
left_child=4 -2 -3 -4 -1 6 7 8 -6
right_child=1 2 3 -5 5 -7 -8 -9 -10
leaf_value=-0.030392097695996528 0.041022617095171646 0.040112306659879214 0.039506631840942372 0.039623874335651288 -0.030243851417147211 -0.03035018800922118 -0.030320305481121222 -0.03031449213976832 -0.030302952915435298
leaf_weight=0.3559391144663121 85.541384220123291 108.59957027435303 80.860983475111425 175.29715448990464 17.844111226499095 0.1668442003428926 0.1708329813554873 0.19868778623640437 0.16357101034372945
leaf_count=35 13 17 15 33 2236 16 17 21 17
internal_value=0.0371571 0.0399863 0.0397433 0.0395869 -0.0302495 -0.0302468 -0.0302459 -0.0302452 -0.0302444
internal_weight=469.199 450.299 364.758 256.158 18.9 18.544 18.3772 18.2064 18.0077
internal_count=2420 78 65 48 2342 2307 2291 2274 2253
is_linear=0
shrinkage=0.03


Tree=45
num_leaves=10
num_cat=0
split_feature=26 82 38 8 8 75 0 98 72
split_gain=95.3614 0.184074 0.00195229 6.09789e-06 7.39385e-06 2.57272e-06 1.11648e-06 7.23035e-07 3.07785e-07
threshold=0.0062325620946786829 0.56028542782612345 0.48701481226628462 2.2442420023828658 2.07399235302 0.037635033422750992 0.007692020815786421 0.084150932073779119 0.21560287520911792
decision_type=2 2 2 2 2 2 2 2 2
left_child=3 2 -2 4 -1 6 7 8 -5
right_child=1 -3 -4 5 -6 -7 -8 -9 -10
leaf_value=-0.030487447395525485 0.039202228907689221 0.040594250276756443 0.039363730848686052 -0.030236612044409 -0.030233983685465118 -0.030350019318736311 -0.030305778412815749 -0.030291815564068354 -0.030274733286155878
leaf_weight=0.19986622640863316 140.52423511631787 148.65910541731864 129.39290121290833 17.050934833940133 0.2150121801532805 0.18840991426259179 0.21971054608002205 0.21963240019976993 0.19276931416243215
leaf_count=16 24 27 22 2201 28 18 24 24 22
internal_value=0.0368169 0.0397465 0.0392796 -0.0302424 -0.0303561 -0.0302397 -0.0302386 -0.0302377 -0.030237
internal_weight=436.863 418.576 269.917 18.2863 0.414878 17.8715 17.683 17.4633 17.2437
internal_count=2406 73 46 2333 44 2289 2271 2247 2223
is_linear=0
shrinkage=0.03


Tree=46
num_leaves=10
num_cat=0
split_feature=31 82 38 8 8 31 98 4 0
split_gain=91.9347 0.168169 0.00174871 5.5345e-06 6.7543e-06 2.88523e-06 6.31207e-07 5.23478e-07 2.96589e-07
threshold=0.80519873567073807 0.56028542782612345 0.48701481226628462 2.2442420023828658 2.07399235302 0.28300008376908331 0.084150932073779119 359.7440208084144 0.007692020815786421
decision_type=2 2 2 2 2 2 2 2 2
left_child=3 2 -2 4 -1 6 7 8 -5
right_child=1 -3 -4 5 -6 -7 -8 -9 -10
leaf_value=-0.030472887486270334 0.038853456910103168 0.04019694444970439 0.039007924737407364 -0.030230033820733321 -0.030227015832174464 -0.030359906933471095 -0.030283115206250686 -0.030270720082628939 -0.030266621701661594
leaf_weight=0.19405056536197918 137.5848913192749 145.70162105560303 126.70491552352905 16.542024468071773 0.20870498707517982 0.159730130340903 0.2132015940733244 0.29602167755365272 0.20183175662532349
leaf_count=16 23 23 21 2197 28 15 24 35 24
internal_value=0.0364796 0.0393786 0.0389275 -0.0302355 -0.0303455 -0.030233 -0.0302318 -0.0302312 -0.0302305
internal_weight=427.807 409.991 264.29 17.8156 0.402756 17.4128 17.2531 17.0399 16.7439
internal_count=2406 67 44 2339 44 2295 2280 2256 2221
is_linear=0
shrinkage=0.03


Tree=47
num_leaves=10
num_cat=0
split_feature=31 82 38 8 8 31 75 72 26
split_gain=88.3306 0.150423 0.00155907 5.05699e-06 6.17009e-06 2.63566e-06 2.18028e-06 3.25796e-07 2.1949e-07
threshold=0.80519873567073807 0.56028542782612345 0.48701481226628462 2.2442420023828658 2.07399235302 0.28300008376908331 0.037635033422750992 0.21560287520911792 0.0045101591111416017
decision_type=2 2 2 2 2 2 2 2 2
left_child=3 2 -2 4 -1 6 7 8 -5
right_child=1 -3 -4 5 -6 -7 -8 -9 -10
leaf_value=-0.030458765179759897 0.038516070685616639 0.039799779376255021 0.03866348697288445 -0.030222956285294506 -0.030220256616947386 -0.030349168004036996 -0.030329475064336524 -0.030262603106960249 -0.030255033518827659
leaf_weight=0.18840150022879498 134.67045593261719 142.78503894805908 124.03898859024048 16.182670149020865 0.20258143730461597 0.15506341448053618 0.17757407249882717 0.19240714097395439 0.1942886165343215
leaf_count=16 23 23 21 2215 28 15 18 23 24
internal_value=0.0361587 0.0390181 0.0385867 -0.0302285 -0.0303352 -0.0302261 -0.0302249 -0.0302238 -0.0302233
internal_weight=418.787 401.494 258.709 17.293 0.390983 16.902 16.7469 16.5694 16.377
internal_count=2406 67 44 2339 44 2295 2280 2262 2239
is_linear=0
shrinkage=0.03


Tree=48
num_leaves=10
num_cat=0
split_feature=26 82 38 8 8 75 0 98 72
split_gain=84.5768 0.131257 0.00138213 4.65199e-06 5.63655e-06 1.96238e-06 8.52369e-07 5.51429e-07 2.34705e-07
threshold=0.0062325620946786829 0.56028542782612345 0.48701481226628462 2.2442420023828658 2.07399235302 0.037635033422750992 0.007692020815786421 0.084150932073779119 0.21560287520911792
decision_type=2 2 2 2 2 2 2 2 2
left_child=3 2 -2 4 -1 6 7 8 -5
right_child=1 -3 -4 5 -6 -7 -8 -9 -10
leaf_value=-0.030445069832542873 0.038188965221188094 0.039401181262967801 0.038329270134990365 -0.030216097578949257 -0.030213699882964705 -0.030319647022213885 -0.030279283694017937 -0.030266504079034789 -0.030250905061822639
leaf_weight=0.18291440047323959 131.78489217534661 139.91500099375844 121.39889909140766 15.593743179459125 0.19663627445697784 0.17238097963854571 0.20098839467391449 0.20090411975979883 0.17632024921476919
leaf_count=16 24 27 22 2201 28 18 24 24 22
internal_value=0.0358527 0.0386638 0.0382562 -0.0302214 -0.0303252 -0.030219 -0.0302179 -0.0302171 -0.0302165
internal_weight=409.823 393.099 253.184 16.7239 0.379551 16.3443 16.172 15.971 15.7701
internal_count=2406 73 46 2333 44 2289 2271 2247 2223
is_linear=0
shrinkage=0.03


Tree=49
num_leaves=10
num_cat=0
split_feature=31 82 38 8 8 31 75 98 26
split_gain=81.662 0.120723 0.00124296 4.21284e-06 5.1492e-06 2.19675e-06 1.81509e-06 5.00952e-07 3.18427e-07
threshold=0.80519873567073807 0.56028542782612345 0.48701481226628462 2.2442420023828658 2.07399235302 0.28300008376908331 0.037635033422750992 0.084150932073779119 0.0045101591111416017
decision_type=2 2 2 2 2 2 2 2 2
left_child=3 2 -2 4 -1 6 7 8 -5
right_child=1 -3 -4 5 -6 -7 -8 -9 -10
leaf_value=-0.030431786914508048 0.037887278352290873 0.039061712947802883 0.038021808161468058 -0.030209701957583854 -0.03020733954600301 -0.03032868448141024 -0.030310115788531034 -0.030258565120201971 -0.030249060802835286
leaf_weight=0.17758477432653563 128.90121030807495 136.97405242919922 118.75746154785156 15.233021499123415 0.19086436554789543 0.14614700945094306 0.16733816359192211 0.19501688983291465 0.18727280665189106
leaf_count=16 23 23 21 2214 28 15 18 24 24
internal_value=0.0355601 0.0383471 0.0379518 -0.0302152 -0.0303155 -0.0302129 -0.0302118 -0.0302108 -0.0302102
internal_weight=400.93 384.633 247.659 16.2972 0.368449 15.9288 15.7826 15.6153 15.4203
internal_count=2406 67 44 2339 44 2295 2280 2262 2238
is_linear=0
shrinkage=0.03


Tree=50
num_leaves=10
num_cat=0
split_feature=24 73 39 8 8 31 75 0 96
split_gain=77.7208 0.0728627 0.00578101 2.73407e-06 3.88223e-06 1.54267e-06 1.1461e-06 4.98291e-07 4.24477e-07
threshold=1.5359167475247728 0.59380419020087738 0.41541826415378807 2.2442420023828658 2.07399235302 0.28300008376908331 0.037635033422750992 0.0086053913621967019 0.0045101591111416017
decision_type=2 2 2 2 2 2 2 2 2
left_child=3 2 -2 4 -1 6 7 8 -5
right_child=1 -3 -4 5 -6 -7 -8 -9 -10
leaf_value=-0.030403327488268891 0.037897530886553565 0.038523160576321706 0.037599488352427428 -0.030203416738956282 -0.030201353810037957 -0.030301746784705826 -0.030293360888144716 -0.030260945321972186 -0.030250790920626252
leaf_weight=0.15460076415911217 89.319450378417969 155.60598586313426 170.14749964559451 14.65478710923343 0.1920501827262342 0.15066484501585442 0.13177428487688381 0.13943497976288277 0.1722215926274665
leaf_count=15 16 29 35 2195 29 17 15 17 22
internal_value=0.0355396 0.0380099 0.0377021 -0.0302081 -0.0302914 -0.0302062 -0.0302053 -0.0302045 -0.030204
internal_weight=430.668 415.073 259.467 15.5955 0.346651 15.2489 15.0982 14.9664 14.827
internal_count=2390 80 51 2310 44 2266 2249 2234 2217
is_linear=0
shrinkage=0.03


Tree=51
num_leaves=9
num_cat=0
split_feature=24 73 39 31 75 0 26 81
split_gain=74.7881 0.0655029 0.00523001 1.35382e-06 1.00131e-06 4.23873e-07 3.55284e-07 3.21604e-07
threshold=1.5359167475247728 0.59380419020087738 0.41541826415378807 0.28300008376908331 0.037635033422750992 0.0086053913621967019 0.0045101591111416017 0.947503160563689
decision_type=2 2 2 2 2 2 2 2
left_child=3 2 -2 4 5 6 7 -1
right_child=1 -3 -4 -5 -6 -7 -8 -9
leaf_value=-0.030198172055395586 0.03760466461468704 0.038203825581669654 0.037317982222930972 -0.030292761455918787 -0.030284619307779693 -0.030253171755811305 -0.030243324192919734 -0.030216372008559478
leaf_weight=13.62728516338392 87.344483375549316 152.25020147208124 166.34555328963324 0.14625474112108428 0.12791611859574992 0.13534829579293806 0.16717231553047973 0.93369507044553834
leaf_count=2100 16 29 35 17 15 17 22 139
internal_value=0.0352704 0.0377119 0.0374167 -0.0302019 -0.030201 -0.0302003 -0.0301998 -0.0301993
internal_weight=421.078 405.94 253.69 15.1377 14.9914 14.8635 14.7282 14.561
internal_count=2390 80 51 2310 2293 2278 2261 2239
is_linear=0
shrinkage=0.03


Tree=52
num_leaves=10
num_cat=0
split_feature=24 2 24 8 8 31 0 26 4
split_gain=71.9905 0.0566223 0.0174556 2.28557e-06 3.24339e-06 1.28779e-06 4.04421e-07 3.42421e-07 3.01707e-07
threshold=1.5359167475247728 0.31954049893658976 6.1104352583844967 2.2442420023828658 2.07399235302 0.28300008376908331 0.0086053913621967019 0.0045101591111416017 359.7440208084144
decision_type=2 2 2 2 2 2 2 2 2
left_child=3 -2 -3 4 -1 6 7 8 -5
right_child=1 2 -4 5 -6 -7 -8 -9 -10
leaf_value=-0.030379717340528967 0.03802233821917958 0.037033040417876806 0.037513748386851925 -0.030191705553438624 -0.030189551840537072 -0.030284044615345271 -0.030245633001344627 -0.030236081375855327 -0.030228131385209585
leaf_weight=0.14573584729805489 105.57649253495038 183.22597663430497 108.09250497817993 13.723123226780436 0.18093495909124613 0.1419724980369218 0.13138039596378881 0.16226990194991309 0.20774688897654492
leaf_count=15 22 38 20 2181 29 17 17 22 29
internal_value=0.0350131 0.0374271 0.0372114 -0.0301959 -0.0302744 -0.0301941 -0.0301932 -0.0301928 -0.0301922
internal_weight=411.588 396.895 291.318 14.6932 0.326671 14.3665 14.2245 14.0931 13.9309
internal_count=2390 80 58 2310 44 2266 2249 2232 2210
is_linear=0
shrinkage=0.03


Tree=53
num_leaves=10
num_cat=0
split_feature=24 73 90 8 8 31 75 0 26
split_gain=69.3196 0.0537277 0.00416554 2.08862e-06 2.96334e-06 1.17665e-06 8.74417e-07 3.79844e-07 3.23685e-07
threshold=1.5359167475247728 0.59380419020087738 0.24945747066680748 2.2442420023828658 2.07399235302 0.28300008376908331 0.037635033422750992 0.0086053913621967019 0.0045101591111416017
decision_type=2 2 2 2 2 2 2 2 2
left_child=3 2 -2 4 -1 6 7 8 -5
right_child=1 -3 -4 5 -6 -7 -8 -9 -10
leaf_value=-0.030368405180730959 0.037052472939647377 0.037610069074815296 0.036790759562876973 -0.030185798336169203 -0.030183914120114681 -0.030275589784409924 -0.030267940652310227 -0.030238318890066444 -0.030229056269799447
leaf_weight=0.14148058462887902 83.538645894266665 145.66373343952 158.74328388925642 13.40113093238323 0.1756198238581419 0.13781447429210025 0.12054193718358952 0.12752789305523116 0.15751014743000347
leaf_count=15 18 29 33 2195 29 17 15 17 22
internal_value=0.0347668 0.0371547 0.036881 -0.0301901 -0.0302662 -0.0301884 -0.0301875 -0.0301868 -0.0301863
internal_weight=402.207 387.946 242.282 14.2616 0.3171 13.9445 13.8067 13.6862 13.5586
internal_count=2390 80 51 2310 44 2266 2249 2234 2217
is_linear=0
shrinkage=0.03


Tree=54
num_leaves=9
num_cat=0
split_feature=72 2 56 31 75 0 26 13
split_gain=66.7749 0.048957 0.0118926 1.03183e-06 7.63345e-07 3.22703e-07 2.70471e-07 2.38401e-07
threshold=0.24317340227985554 0.31954049893658976 0.34911137077349824 0.28300008376908331 0.037635033422750992 0.0086053913621967019 0.0045101591111416017 0.95720536685257851
decision_type=2 2 2 2 2 2 2 2
left_child=3 -2 -3 4 5 6 7 -1
right_child=1 2 -4 -5 -6 -7 -8 -9
leaf_value=-0.030181198065712976 0.037460293786916378 0.036925939264643041 0.036526595309238546 -0.030267387369454529 -0.030259962263807633 -0.0302312248946306 -0.030222239796187933 -0.030199787355731984
leaf_weight=12.663596292957653 100.95137643814087 113.12632274627686 165.01979323662817 0.13377713644877154 0.11700976034626442 0.1237874776124962 0.15288897324353534 0.65291830152273256
leaf_count=2134 19 22 39 17 15 17 22 105
internal_value=0.0345311 0.0368944 0.036689 -0.0301845 -0.0301837 -0.030183 -0.0301826 -0.0301821
internal_weight=392.941 379.097 278.146 13.844 13.7102 13.5932 13.4694 13.3165
internal_count=2390 80 61 2310 2293 2278 2261 2239
is_linear=0
shrinkage=0.03


Tree=55
num_leaves=10
num_cat=0
split_feature=31 2 2 35 72 8 96 4 98
split_gain=64.7417 0.047724 0.0106598 0.000139223 4.44152e-07 4.66216e-07 3.96346e-07 2.01081e-07 1.83263e-07
threshold=0.30159733179475062 0.2295199446772552 0.727335877715514 0.39805743324948295 0.22478613708570025 2.1958684789597434 0.0049213177150411484 359.7440208084144 0.084150932073779119
decision_type=2 2 2 2 2 2 2 2 2
left_child=4 -2 3 -3 5 -1 7 8 -7
right_child=1 2 -4 -5 -6 6 -8 -9 -10
leaf_value=-0.030226196091787182 0.037277885920504239 0.036273313432261138 0.036661679378075109 0.03632614636343208 -0.030232321139724259 -0.03017518375306362 -0.030228944402575494 -0.030205817619448655 -0.030207745831033236
leaf_weight=0.172544692642984 78.637809558771551 82.977423028089106 125.61769917514175 97.79468822479248 0.13287829793989736 12.725142611656331 0.12873330339789468 0.20104623539373356 0.15748355397954661
leaf_count=27 16 21 26 20 18 2211 18 31 24
internal_value=0.034353 0.0366186 0.0364494 0.0363019 -0.0301777 -0.0301772 -0.0301766 -0.030176 -0.0301756
internal_weight=398.545 385.028 306.39 180.772 13.5178 13.385 13.2124 13.0837 12.8826
internal_count=2412 83 67 41 2329 2311 2284 2266 2235
is_linear=0
shrinkage=0.03


Tree=56
num_leaves=10
num_cat=0
split_feature=98 2 2 19 75 31 8 72 26
split_gain=62.4041 0.0421713 0.00955181 0.000174594 6.07565e-07 4.63025e-07 4.34314e-07 4.30776e-07 3.76754e-07
threshold=0.099769326286756541 0.2295199446772552 0.727335877715514 0.43394149475732058 0.037635033422750992 0.27638605428782842 2.1958684789597434 0.22478613708570025 0.0049213177150411484
decision_type=2 2 2 2 2 2 2 2 2
left_child=4 -2 3 -3 5 6 -1 8 -8
right_child=1 2 -4 -5 -6 -7 7 -9 -10
leaf_value=-0.030219486705718682 0.037007594092497202 0.036044177678693383 0.036423069661007342 0.036104423000367349 -0.030241116909790328 -0.030224662514234574 -0.030169777785068765 -0.030225405221869409 -0.030222130863620196
leaf_weight=0.16748184198513172 76.857389788143337 76.129836417734623 122.69297749083489 100.37525331228971 0.11582339322194535 0.1491128960624345 12.435955171473319 0.12898020958528 0.12495639687404114
leaf_count=27 17 19 26 22 16 22 2227 18 18
internal_value=0.0341367 0.0363808 0.0362198 0.0360784 -0.0301727 -0.0301721 -0.0301715 -0.0301709 -0.0301703
internal_weight=389.178 376.055 299.198 176.505 13.1223 13.0065 12.8574 12.6899 12.5609
internal_count=2412 84 67 41 2328 2312 2290 2263 2245
is_linear=0
shrinkage=0.03


Tree=57
num_leaves=10
num_cat=0
split_feature=0 2 63 93 31 72 26 8 98
split_gain=60.2173 0.0396333 0.00976784 0.00149525 4.10655e-07 3.73174e-07 3.25129e-07 3.00006e-07 2.49059e-07
threshold=0.0096325209818127165 0.2295199446772552 0.23323816467904854 0.48086358337616047 0.27638605428782842 0.22478613708570025 0.0049213177150411484 2.2442420023828658 0.084150932073779119
decision_type=2 2 2 2 2 2 2 2 2
left_child=4 -2 -3 -4 5 6 7 -1 -9
right_child=1 2 3 -5 -6 -7 -8 8 -10
leaf_value=-0.030201619730529497 0.036769549482376318 0.036311853263672603 0.035835325347836136 0.035992310087418343 -0.030217982452064758 -0.03021869730047072 -0.030215522134773878 -0.030165063806523451 -0.030203680802503144
leaf_weight=0.21111328434198462 75.075248241424561 67.943531292490661 130.04903801344335 94.130213260650635 0.14473744854331094 0.12519563641399223 0.12128949817270118 11.99409751500934 0.15221762331202704
leaf_count=36 15 16 32 20 22 18 18 2211 24
internal_value=0.0339294 0.0361547 0.0359967 0.0359012 -0.0301677 -0.0301672 -0.0301666 -0.0301662 -0.0301655
internal_weight=379.947 367.198 292.123 224.179 12.7487 12.6039 12.4787 12.3574 12.1463
internal_count=2412 83 68 52 2329 2307 2289 2271 2235
is_linear=0
shrinkage=0.03


Tree=58
num_leaves=11
num_cat=0
split_feature=3 51 95 58 31 72 26 8 59 98
split_gain=58.038 0.0324881 0.0078655 0.000878888 3.71201e-07 3.37295e-07 2.93692e-07 2.17628e-07 3.97776e-07 2.24122e-07
threshold=0.17850401716788752 32938.014635335938 0.19956490429035381 0.31810934380311157 0.27638605428782842 0.22478613708570025 0.0049213177150411484 2.2979912147016037 0.7490564683057569 0.084150932073779119
decision_type=2 2 2 2 2 2 2 2 2 2
left_child=4 2 -2 -4 5 6 7 8 -1 -9
right_child=1 -3 3 -5 -6 -7 -8 9 -10 -11
leaf_value=-0.030157615451601338 0.036067741711108235 0.036388932120878979 0.035769036952978832 0.035628353463978468 -0.030211502183579216 -0.030212189797295976 -0.030209111407696044 -0.030160442184075192 -0.030235048560498703 -0.030197625899122855
leaf_weight=0.1455678450874921 56.557218342553824 101.66653203964233 55.157897263299674 145.10544912796468 0.14048948464915234 0.12152131879702288 0.11772945290431458 11.593982346355912 0.10122783575206995 0.14774808753281909
leaf_count=28 13 21 13 39 22 18 18 2200 16 24
internal_value=0.0337306 0.035935 0.0357553 0.0356671 -0.030163 -0.0301625 -0.030162 -0.0301615 -0.0301894 -0.0301609
internal_weight=370.855 358.487 256.821 200.263 12.3683 12.2278 12.1063 11.9885 0.246796 11.7417
internal_count=2412 86 65 52 2326 2304 2286 2268 44 2224
is_linear=0
shrinkage=0.03


Tree=59
num_leaves=10
num_cat=0
split_feature=0 2 63 93 75 31 72 26 98
split_gain=56.0203 0.032577 0.00792865 0.00125508 4.60643e-07 3.49965e-07 3.17838e-07 2.77385e-07 2.07127e-07
threshold=0.0096325209818127165 0.2295199446772552 0.23323816467904854 0.48086358337616047 0.037635033422750992 0.27638605428782842 0.22478613708570025 0.0049213177150411484 0.084150932073779119
decision_type=2 2 2 2 2 2 2 2 2
left_child=4 -2 -3 -4 5 6 7 8 -1
right_child=1 2 3 -5 -6 -7 -8 -9 -10
leaf_value=-0.030155471258481819 0.036297467080967601 0.035870804168572495 0.035429963526199287 0.035577338844152678 -0.030220266348979161 -0.030205216023100744 -0.030205877005156947 -0.030202893187220064 -0.030191751249675845
leaf_weight=11.395784244406958 71.629687786102295 64.765059395693243 123.83900629822165 89.661476612091064 0.10594078758731562 0.13636534009128887 0.11795409535989243 0.11427319236099798 0.14340894808992821
leaf_count=2231 15 16 32 20 16 22 18 18 24
internal_value=0.0335398 0.0357269 0.0355801 0.0354919 -0.030158 -0.0301574 -0.0301569 -0.0301564 -0.0301559
internal_weight=361.909 349.895 278.266 213.5 12.0137 11.9078 11.7714 11.6535 11.5392
internal_count=2412 83 68 52 2329 2313 2291 2273 2255
is_linear=0
shrinkage=0.03


Tree=60
num_leaves=9
num_cat=0
split_feature=0 73 70 8 31 75 98 26
split_gain=53.6168 0.0315441 0.0039963 8.90826e-07 5.08086e-07 4.61452e-07 3.44415e-07 2.25338e-07
threshold=0.0096325209818127165 0.72085525782504567 0.30441490521006981 2.1958684789597434 0.28300008376908331 0.037635033422750992 0.09021221277759163 0.0049213177150411484
decision_type=2 2 2 2 2 2 2 2
left_child=3 2 -2 -1 5 6 7 -5
right_child=1 -3 -4 4 -6 -7 -8 -9
leaf_value=-0.030215864643032116 0.035539100459374709 0.036028538456294945 0.03526772774660273 -0.030150601978238354 -0.030215043276551383 -0.030216930576019384 -0.030206178819047618 -0.03019623274788269
leaf_weight=0.20473669935017724 79.98112154006958 97.555487168952823 125.43225977104157 10.973327352665356 0.11654893076047379 0.097901242319495263 0.10277877422049719 0.098272875417024674
leaf_count=35 18 23 31 2213 18 15 16 16
internal_value=0.0331615 0.0355843 0.0353734 -0.0301538 -0.0301527 -0.0301521 -0.0301515 -0.030151
internal_weight=314.562 302.969 205.413 11.5936 11.3888 11.2723 11.1744 11.0716
internal_count=2385 72 49 2313 2278 2260 2245 2229
is_linear=0
shrinkage=0.03


Tree=61
num_leaves=9
num_cat=0
split_feature=0 82 97 8 75 98 26 24
split_gain=51.7343 0.0286076 0.00240608 8.14372e-07 4.13233e-07 3.07108e-07 1.99826e-07 1.36644e-07
threshold=0.0096325209818127165 0.56028542782612345 0.52104967166292182 2.1958684789597434 0.037635033422750992 0.09021221277759163 0.0049213177150411484 1.4849253390213424
decision_type=2 2 2 2 2 2 2 2
left_child=3 2 -2 -1 5 6 7 -5
right_child=1 -3 -4 4 -6 -7 -8 -9
leaf_value=-0.030209464128748403 0.035290495976297999 0.035765050133882356 0.035068450210392392 -0.030146451872348556 -0.03021048063192058 -0.030200046739233082 -0.030190399281659619 -0.030180982232732356
leaf_weight=0.19872727477922936 73.308121681213379 112.7430246565491 109.56044629961252 10.659551986493161 0.095027802977711739 0.099761147983372989 0.095386623404920878 0.10414888709783632
leaf_count=35 17 26 29 2213 15 16 16 18
internal_value=0.0329859 0.0353892 0.0351575 -0.0301493 -0.0301482 -0.0301477 -0.0301472 -0.0301468
internal_weight=306.864 295.612 182.869 11.2526 11.0539 10.9588 10.8591 10.7637
internal_count=2385 72 46 2313 2278 2263 2247 2231
is_linear=0
shrinkage=0.03


Tree=62
num_leaves=9
num_cat=0
split_feature=0 82 97 8 31 98 26 4
split_gain=49.9283 0.0258862 0.00220161 7.44485e-07 4.24359e-07 2.815e-07 1.83294e-07 1.39435e-07
threshold=0.0096325209818127165 0.56028542782612345 0.52104967166292182 2.1958684789597434 0.28300008376908331 0.09021221277759163 0.0049213177150411484 359.7440208084144
decision_type=2 2 2 2 2 2 2 2
left_child=3 2 -2 -1 5 6 7 -5
right_child=1 -3 -4 4 -6 -7 -8 -9
leaf_value=-0.030203254355837168 0.035107401976066724 0.03556368989883979 0.034892334578061748 -0.030141907012070628 -0.030202460846060621 -0.030194099760949198 -0.030184739112163725 -0.030170057670935734
leaf_weight=0.19289304735138912 71.506942749023438 110.0210657697171 106.85097548551857 10.268660785164675 0.10981347132474262 0.096831541042775693 0.092584616504610362 0.16083713714033443
leaf_count=35 17 26 29 2198 18 16 16 30
internal_value=0.0328173 0.0352018 0.0349786 -0.0301448 -0.0301438 -0.0301432 -0.0301427 -0.0301423
internal_weight=299.301 288.379 178.358 10.9216 10.7287 10.6189 10.5221 10.4295
internal_count=2385 72 46 2313 2278 2260 2244 2228
is_linear=0
shrinkage=0.03


Tree=63
num_leaves=9
num_cat=0
split_feature=0 73 70 8 31 75 98 26
split_gain=48.1952 0.0235711 0.00301977 6.80569e-07 3.87715e-07 3.52112e-07 2.62632e-07 1.71838e-07
threshold=0.0096325209818127165 0.72085525782504567 0.30441490521006981 2.1958684789597434 0.28300008376908331 0.037635033422750992 0.09021221277759163 0.0049213177150411484
decision_type=2 2 2 2 2 2 2 2
left_child=3 2 -2 -1 5 6 7 -5
right_child=1 -3 -4 4 -6 -7 -8 -9
leaf_value=-0.03019722925431724 0.03498177169498487 0.035419769808679086 0.034736865158474427 -0.030137579491589732 -0.030196443577414144 -0.030198165901943221 -0.030188330445235438 -0.030179249416986343
leaf_weight=0.18722898559644718 74.228253126144409 90.726305858232081 116.31830776203424 10.033122473396352 0.10658890893682915 0.089535073842854085 0.093987424857915225 0.089864425826818528
leaf_count=35 18 23 31 2213 18 15 16 16
internal_value=0.0326552 0.0350218 0.0348323 -0.0301405 -0.0301395 -0.0301389 -0.0301384 -0.0301379
internal_weight=291.873 281.273 190.547 10.6003 10.4131 10.3065 10.217 10.123
internal_count=2385 72 49 2313 2278 2260 2245 2229
is_linear=0
shrinkage=0.03


Tree=64
num_leaves=9
num_cat=0
split_feature=0 82 97 8 75 98 26 24
split_gain=46.5311 0.0213957 0.00187051 6.22153e-07 3.15324e-07 2.34206e-07 1.52386e-07 1.04281e-07
threshold=0.0096325209818127165 0.56028542782612345 0.52104967166292182 2.1958684789597434 0.037635033422750992 0.09021221277759163 0.0049213177150411484 1.4849253390213424
decision_type=2 2 2 2 2 2 2 2
left_child=3 2 -2 -1 5 6 7 -5
right_child=1 -3 -4 4 -6 -7 -8 -9
leaf_value=-0.030191382828360657 0.034762288234454541 0.035185879121144591 0.034558983003241173 -0.03013378956807709 -0.030192276401202131 -0.03018273353235058 -0.030173923217186586 -0.030165334281165024
leaf_weight=0.18173018423840304 67.999234914779663 104.73486082907766 101.56058208178729 9.746117516886434 0.086905603762716832 0.091226336080581727 0.087223690934480014 0.0952396737411626
leaf_count=35 17 26 29 2213 15 16 16 18
internal_value=0.0324994 0.0348488 0.0346405 -0.0301364 -0.0301354 -0.0301349 -0.0301344 -0.0301341
internal_weight=284.583 274.295 169.56 10.2884 10.1067 10.0198 9.92858 9.84136
internal_count=2385 72 46 2313 2278 2263 2247 2231
is_linear=0
shrinkage=0.03


Tree=65
num_leaves=9
num_cat=0
split_feature=72 55 5 0 75 98 26 60
split_gain=45.899 0.0135983 0.00165751 2.95776e-06 3.26597e-07 1.5522e-07 1.49748e-07 1.2327e-07
threshold=0.6441844089355816 0.7231719110185103 0.40941717402554562 0.0086053913621967019 0.037635033422750992 0.09021221277759163 0.0049213177150411484 0.99290157780059696
decision_type=2 2 2 2 2 2 2 2
left_child=3 2 -2 4 5 6 7 -1
right_child=1 -3 -4 -5 -6 -7 -8 -9
leaf_value=-0.03013128718501604 0.034589140562596932 0.034943830770122516 0.034410686811634852 -0.030282324650711862 -0.030187834717523392 -0.030172458299190383 -0.030169340020858988 -0.030167139347180363
leaf_weight=9.7308848863467468 77.779827356338501 81.043542146682739 117.77135014533997 0.12056046258658248 0.096283855848015132 0.085952454712242665 0.095571123994887652 0.087084155064076962
leaf_count=2266 20 20 31 17 17 16 18 18
internal_value=0.0323106 0.0346171 0.0344817 -0.0301346 -0.0301328 -0.0301323 -0.030132 -0.0301316
internal_weight=286.811 276.595 195.551 10.2163 10.0958 9.99949 9.91354 9.81797
internal_count=2423 71 51 2352 2335 2318 2302 2284
is_linear=0
shrinkage=0.03


Tree=66
num_leaves=9
num_cat=0
split_feature=72 55 7 31 8 4 98 26
split_gain=44.3343 0.0123093 0.00168725 1.59882e-06 1.08114e-06 1.57797e-07 1.48794e-07 8.09744e-08
threshold=0.6441844089355816 0.7231719110185103 0.61935549417975633 0.28300008376908331 2.1958684789597434 359.7440208084144 0.09021221277759163 0.0045101591111416017
decision_type=2 2 2 2 2 2 2 2
left_child=3 2 -2 4 -1 6 7 -6
right_child=1 -3 -4 -5 5 -7 -8 -9
leaf_value=-0.030200378421507874 0.034257285984858693 0.034775223192316511 0.034439619648303575 -0.030248399820427797 -0.03012677503587248 -0.030155398067157405 -0.030167335220899219 -0.030151651857161836
leaf_weight=0.18932313146069368 114.69403839111328 79.023898601531982 75.903988122940063 0.10264627542346794 9.2356535675935376 0.18536228686571199 0.083426128141582789 0.11928161606192667
leaf_count=36 31 20 20 16 2221 38 16 25
internal_value=0.0321693 0.0344604 0.0343299 -0.0301306 -0.0301294 -0.030128 -0.0301274 -0.0301271
internal_weight=279.538 269.622 190.598 9.91569 9.81305 9.62372 9.43836 9.35494
internal_count=2423 71 51 2352 2336 2300 2262 2246
is_linear=0
shrinkage=0.03


Tree=67
num_leaves=10
num_cat=0
split_feature=24 55 47 54 31 8 75 26 4
split_gain=42.6729 0.0117681 0.00209437 0.000102805 1.46559e-06 9.93094e-07 2.8416e-07 1.30497e-07 1.02869e-07
threshold=1.5359167475247728 0.7231719110185103 0.30687896091132799 0.34647457064486176 0.28300008376908331 2.1958684789597434 0.037635033422750992 0.0049213177150411484 362.70284810990762
decision_type=2 2 2 2 2 2 2 2 2
left_child=4 2 -2 -4 5 -1 7 8 -7
right_child=1 -3 3 -5 -6 6 -8 -9 -10
leaf_value=-0.030194438385587427 0.034333396742088289 0.034613112145671886 0.03413767357386429 0.034084886689978826 -0.030241036953919789 -0.030122806656677478 -0.030176849532683268 -0.030159432580237025 -0.030153783595889702
leaf_weight=0.18376338668167314 52.127514708787203 77.042125940322876 61.561158180236816 72.088397491257638 0.099636508151889625 9.0281452960334647 0.090713823214174094 0.090035699307919326 0.09752478031441647
leaf_count=36 15 20 17 25 16 2239 17 18 20
internal_value=0.0320333 0.0343014 0.0341721 0.0341092 -0.0301266 -0.0301254 -0.030124 -0.0301235 -0.0301231
internal_weight=272.409 262.819 185.777 133.65 9.58982 9.49018 9.30642 9.21571 9.12567
internal_count=2423 77 57 42 2346 2330 2294 2277 2259
is_linear=0
shrinkage=0.03


Tree=68
num_leaves=10
num_cat=0
split_feature=24 55 28 54 0 8 31 75 26
split_gain=41.2311 0.0107144 0.00197474 0.000168516 2.26515e-06 9.20087e-07 2.87811e-07 2.69611e-07 1.26092e-07
threshold=1.5359167475247728 0.7231719110185103 0.32345068616061723 0.4206709316819206 0.0086053913621967019 2.1958684789597434 0.28300008376908331 0.037635033422750992 0.0049213177150411484
decision_type=2 2 2 2 2 2 2 2 2
left_child=4 2 -2 -4 5 -1 7 8 -7
right_child=1 -3 3 -5 -6 6 -8 -9 -10
leaf_value=-0.030188674151200714 0.034182110795402829 0.034457197744584979 0.034006791714416056 0.033936636558049488 -0.030257965685878227 -0.03011848232671125 -0.030176447730825628 -0.030171596909753597 -0.030154697672281076
leaf_weight=0.17836589529178759 54.412373997271061 75.098371267318726 53.008239269256592 73.602343417704105 0.11029912764206606 8.7632460391614515 0.080193130299449744 0.088047918165103378 0.087388254236430707
leaf_count=36 16 20 15 26 17 2243 15 17 18
internal_value=0.0319019 0.0341559 0.034031 0.033966 -0.0301228 -0.0301212 -0.0301199 -0.0301194 -0.0301188
internal_weight=265.429 256.121 181.023 126.611 9.30754 9.19724 9.01888 8.93868 8.85063
internal_count=2423 77 57 41 2346 2329 2293 2278 2261
is_linear=0
shrinkage=0.03


Tree=69
num_leaves=10
num_cat=0
split_feature=24 55 28 54 0 8 31 75 98
split_gain=39.8441 0.00976316 0.00180126 0.000163028 2.07009e-06 8.40961e-07 2.62966e-07 2.46344e-07 1.20678e-07
threshold=1.5359167475247728 0.7231719110185103 0.32345068616061723 0.4206709316819206 0.0086053913621967019 2.1958684789597434 0.28300008376908331 0.037635033422750992 0.09021221277759163
decision_type=2 2 2 2 2 2 2 2 2
left_child=4 2 -2 -4 5 -1 7 8 -7
right_child=1 -3 3 -5 -6 6 -8 -9 -10
leaf_value=-0.030183081195790391 0.034041275185606422 0.034307196740016317 0.033872824943365298 0.033802914815151332 -0.030250308793252332 -0.030114977911069908 -0.03017120722553699 -0.030166501629025233 -0.030152878364726542
leaf_weight=0.17312597739509961 53.019402398262173 73.192705392837524 51.641983032226562 71.705352585297078 0.10706598218530494 8.5137611194513667 0.077836378244683924 0.085459924302995982 0.076287712436170163
leaf_count=36 16 20 15 26 17 2245 15 17 16
internal_value=0.0317755 0.0340159 0.033895 0.0338322 -0.0301192 -0.0301176 -0.0301163 -0.0301158 -0.0301153
internal_weight=258.593 249.559 176.367 123.347 9.03354 8.92647 8.75335 8.67551 8.59005
internal_count=2423 77 57 41 2346 2329 2293 2278 2261
is_linear=0
shrinkage=0.03


Tree=70
num_leaves=11
num_cat=0
split_feature=96 58 16 8 8 75 24 37 3 96
split_gain=38.1725 0.00790464 0.00147165 4.87617e-07 8.82663e-07 2.44501e-07 2.07178e-07 2.02427e-07 3.07567e-07 1.00666e-07
threshold=0.33604674365287451 0.73517583071470471 0.40995220801442922 2.2979912147016037 2.07399235302 0.037635033422750992 1.4849253390213424 0.018273778758785057 0.058983958666233724 0.0033305480120910014
decision_type=2 2 2 2 2 2 2 2 2 2
left_child=3 2 -2 4 -1 6 7 8 -5 -9
right_child=1 -3 -4 5 -6 -7 -8 9 -10 -11
leaf_value=-0.030229352840431521 0.033889988448507359 0.03416109241470381 0.033703911726539179 -0.030110526539217006 -0.030110098477186379 -0.030164560241845068 -0.030159242790035273 -0.030112955744762838 -0.030191423472201023 -0.030132184425269774
leaf_weight=0.095386838074772551 68.602427959442139 75.168638467788696 86.466488122940063 0.095088058849792101 0.13479317026212811 0.089592409553007069 0.09308763965964395 7.8605085425078851 0.076188645092770457 0.25291695096530009
leaf_count=16 20 21 26 26 37 18 19 2124 17 62
internal_value=0.031578 0.0339086 0.0337862 -0.0301164 -0.0301595 -0.0301153 -0.0301147 -0.0301142 -0.0301465 -0.0301136
internal_weight=238.935 230.238 155.069 8.69756 0.23018 8.46738 8.37779 8.2847 0.171277 8.11343
internal_count=2386 67 46 2319 53 2266 2248 2229 43 2186
is_linear=0
shrinkage=0.03


Tree=71
num_leaves=8
num_cat=0
split_feature=96 9 0 75 31 24 33
split_gain=36.8992 0.00719407 3.07095e-06 2.29556e-07 2.10709e-07 1.99133e-07 1.20483e-07
threshold=0.33604674365287451 0.54233005730378714 0.0096325209818127165 0.037635033422750992 0.28300008376908331 1.4849253390213424 0.012160178317662808
decision_type=2 2 2 2 2 2 2
left_child=2 -2 3 4 5 6 -1
right_child=1 -3 -4 -5 -6 -7 -8
leaf_value=-0.030139041374004732 0.033625962008748941 0.033967731732939425 -0.03029529738800945 -0.030159673917464509 -0.030161292679866052 -0.030154514484692536 -0.030109273055474645
leaf_weight=0.1242699008434921 124.11491799354553 100.16510534286499 0.082339609973133387 0.086958427680657091 0.073361091082916441 0.09035043488256711 7.9841843084432185
leaf_count=31 38 29 9 18 15 19 2227
internal_value=0.0314611 0.0337786 -0.030113 -0.0301112 -0.0301107 -0.0301102 -0.0301097
internal_weight=232.721 224.28 8.44146 8.35912 8.27217 8.1988 8.10845
internal_count=2386 67 2319 2310 2292 2277 2258
is_linear=0
shrinkage=0.03


Tree=72
num_leaves=10
num_cat=0
split_feature=26 58 16 31 8 8 75 24 26
split_gain=35.6732 0.00652442 0.00121146 9.22847e-07 5.0293e-07 6.62679e-07 2.13817e-07 1.82197e-07 9.63707e-08
threshold=0.33604674365287451 0.73517583071470471 0.40995220801442922 0.28300008376908331 2.2442420023828658 2.07399235302 0.037635033422750992 1.4849253390213424 0.0033305480120910014
decision_type=2 2 2 2 2 2 2 2 2
left_child=3 2 -2 4 5 -1 7 8 -6
right_child=1 -3 -4 -5 6 -7 -8 -9 -10
leaf_value=-0.030215953088708343 0.033635820257666801 0.033888757582330134 0.033462475207325849 -0.030207446046131407 -0.030105829231209386 -0.030103545499815285 -0.030154933792928943 -0.030149927469583716 -0.030124743937814408
leaf_weight=0.089880733750756892 65.084832668304443 71.363628149032593 82.000677824020386 0.085898703429848733 7.4950658541638404 0.099403802771121264 0.084401484113186487 0.08769331476651121 0.25053471839055408
leaf_count=16 20 21 26 16 2156 29 18 19 65
internal_value=0.0313484 0.0336534 0.0335392 -0.0301096 -0.0301086 -0.0301569 -0.0301074 -0.0301069 -0.0301064
internal_weight=226.642 218.449 147.086 8.19288 8.10698 0.189285 7.9177 7.83329 7.7456
internal_count=2386 67 46 2319 2303 45 2258 2240 2221
is_linear=0
shrinkage=0.03


Tree=73
num_leaves=9
num_cat=0
split_feature=26 9 0 8 8 75 24 26
split_gain=34.4924 0.0059399 2.5646e-06 4.7312e-07 6.05511e-07 2.01353e-07 1.72168e-07 6.54135e-08
threshold=0.33604674365287451 0.54233005730378714 0.0096325209818127165 2.2442420023828658 2.07399235302 0.037635033422750992 1.4849253390213424 0.0045101591111416017
decision_type=2 2 2 2 2 2 2 2
left_child=2 -2 3 4 -1 6 7 -5
right_child=1 -3 -4 5 -6 -7 -8 -9
leaf_value=-0.030209540152325003 0.033390275951495893 0.033709123980303755 -0.030278001566343589 -0.030102263521922371 -0.030100475205803782 -0.030150334959477963 -0.030145477093570832 -0.030128189873523729
leaf_weight=0.087242592126130059 117.68903660774231 95.055116176605225 0.077600307762622722 7.4346076317597181 0.096475667785853148 0.08191934716887761 0.085113960085436591 0.088628518627956399
leaf_count=16 38 29 9 2206 29 18 19 22
internal_value=0.0312398 0.0335327 -0.0301064 -0.0301047 -0.0301523 -0.0301036 -0.030103 -0.0301026
internal_weight=220.696 212.744 7.95159 7.87399 0.183718 7.69027 7.60835 7.52324
internal_count=2386 67 2319 2310 45 2265 2247 2228
is_linear=0
shrinkage=0.03


Tree=74
num_leaves=12
num_cat=0
split_feature=26 58 16 8 8 24 74 8 26 41 94
split_gain=33.3549 0.00538969 0.000998286 3.40259e-07 6.15588e-07 1.40963e-07 1.2112e-07 1.98011e-07 7.29136e-08 8.64899e-08 4.66803e-08
threshold=0.33604674365287451 0.73517583071470471 0.40995220801442922 2.2979912147016037 2.07399235302 1.4849253390213424 0.98289340454539265 11.370900045602575 0.0033305480120910014 0.32263056803459145 0.054459545513709524
decision_type=2 2 2 2 2 2 2 2 2 2 2
left_child=3 2 -2 4 -1 6 8 -8 10 -10 -5
right_child=1 -3 -4 5 -6 -7 7 -9 9 -11 -12
leaf_value=-0.030203318430606006 0.033399942441556932 0.033636080584111862 0.033238337558892148 -0.030111172631749176 -0.030097607056586487 -0.030141159602596057 -0.03009800533658652 -0.030167435743303814 -0.030141172092410625 -0.03010346139506229 -0.030100091282819326
leaf_weight=0.084681360283865525 61.717950582504272 67.715835809707642 77.730164527893066 0.36057804315350939 0.11959922173991799 0.082610115176066645 0.084385631838813313 0.065791110740974545 0.088031983003020176 0.14472266007214785 6.6869793105870485
leaf_count=16 20 21 26 104 37 19 26 17 21 43 2036
internal_value=0.0311352 0.0334165 0.0333099 -0.0301032 -0.0301414 -0.0301022 -0.0301018 -0.0301284 -0.0301012 -0.0301177 -0.0301007
internal_weight=214.881 207.164 139.448 7.71738 0.204281 7.5131 7.43049 0.150177 7.28031 0.232755 7.04756
internal_count=2386 67 46 2319 53 2266 2247 43 2204 64 2140
is_linear=0
shrinkage=0.03


Tree=75
num_leaves=10
num_cat=0
split_feature=3 40 4 8 95 24 75 31 26
split_gain=32.4059 0.0123269 0.00289525 2.42449e-07 3.37807e-07 1.07158e-07 1.58207e-07 1.00802e-07 7.46481e-08
threshold=0.17850401716788752 0.17737896199173656 889.21778814173297 2.2979912147016037 0.42947125939231823 1.4849253390213424 0.037635033422750992 0.28300008376908331 0.0049213177150411484
decision_type=2 2 2 2 2 2 2 2 2
left_child=3 -2 -3 4 -1 6 7 8 -5
right_child=1 2 -4 5 -6 -7 -8 -9 -10
leaf_value=-0.030174374536399741 0.033842739545493473 0.033122203275763963 0.033369877179698845 -0.03009691825254136 -0.030094574719910817 -0.030133372839895194 -0.030145702777077194 -0.030133731774801525 -0.030126842833968534
leaf_weight=0.091159097384660437 38.915056636556983 81.752156717702746 88.422909736633301 7.0259394028689712 0.10024280706420541 0.077910069841891416 0.062036934075876959 0.0687791013624518 0.075834627496078499
leaf_count=20 13 35 29 2209 32 19 14 17 19
internal_value=0.031163 0.033361 0.0332509 -0.0300993 -0.0301326 -0.0300984 -0.030098 -0.0300976 -0.0300972
internal_weight=216.592 209.09 170.175 7.5019 0.191402 7.3105 7.23259 7.17055 7.10177
internal_count=2407 77 64 2330 52 2278 2259 2245 2228
is_linear=0
shrinkage=0.03


Tree=76
num_leaves=10
num_cat=0
split_feature=4 9 87 0 8 95 31 96 3
split_gain=31.3474 0.0128222 8.76973e-05 6.86275e-07 2.36088e-07 3.08705e-07 9.37232e-08 6.96731e-08 1.16514e-08
threshold=364.14132658787264 0.54233005730378714 0.56842091144252693 0.0086053913621967019 2.2979912147016037 0.42947125939231823 0.28300008376908331 0.0049213177150411484 0.16729807733394611
decision_type=2 2 2 2 2 2 2 2 2
left_child=3 2 -2 4 5 -1 7 8 -6
right_child=1 -3 -4 -5 6 -7 -8 -9 -10
leaf_value=-0.030169203835335671 0.032993403762025419 0.03350401058629051 0.03304871911292135 -0.030182397343111619 -0.030093595075062422 -0.030091770932003704 -0.030129764061581656 -0.030123079893126559 -0.030104576202844138
leaf_weight=0.08847987256012757 42.561823799274862 95.532168586738408 65.480139017105103 0.082295228028669842 6.7855565315112472 0.097289111698046327 0.066755027975886949 0.07360243098810304 0.088090057251974829
leaf_count=20 21 32 23 16 2201 32 17 19 26
internal_value=0.0310631 0.0332508 0.0330269 -0.0300963 -0.0300953 -0.0301287 -0.0300944 -0.030094 -0.0300937
internal_weight=210.856 203.574 108.042 7.28207 7.19977 0.185769 7.014 6.94725 6.87365
internal_count=2407 76 44 2331 2315 52 2263 2246 2227
is_linear=0
shrinkage=0.03


Tree=77
num_leaves=10
num_cat=0
split_feature=72 9 6 0 8 47 75 24 31
split_gain=30.3321 0.0111139 4.66023e-05 6.26153e-07 2.0711e-07 2.51011e-07 1.35672e-07 9.69827e-08 8.90913e-08
threshold=0.24317340227985554 0.54233005730378714 0.35751082701915343 0.0086053913621967019 2.2979912147016037 0.56245825687274043 0.037635033422750992 1.4849253390213424 0.28300008376908331
decision_type=2 2 2 2 2 2 2 2 2
left_child=3 2 -2 4 5 -1 7 8 -6
right_child=1 -3 -4 -5 6 -7 -8 -9 -10
leaf_value=-0.030089030410669345 0.032956895004066553 0.033383705284383343 0.032916462711424836 -0.030176980445428943 -0.030090564554934942 -0.030160701943258698 -0.03013719000970953 -0.030125581751062367 -0.030125915392270594
leaf_weight=0.088500708341597512 44.426520109176636 93.030444600153714 60.724632522091269 0.079877154435962328 6.6173725428525358 0.087420445634052157 0.058443185873329528 0.073394248262047657 0.064790270989760645
leaf_count=30 16 34 26 16 2214 21 14 19 17
internal_value=0.0309666 0.0331449 0.0329335 -0.0300935 -0.0300925 -0.0301246 -0.0300917 -0.0300913 -0.0300909
internal_weight=205.251 198.182 105.151 7.0698 6.98992 0.175921 6.814 6.75556 6.68216
internal_count=2407 76 42 2331 2315 51 2264 2250 2231
is_linear=0
shrinkage=0.03


Tree=78
num_leaves=11
num_cat=0
split_feature=3 79 66 24 0 8 95 75 24 31
split_gain=29.3455 0.00938487 0.003449 3.7437e-05 5.70846e-07 1.98475e-07 2.60775e-07 1.23617e-07 8.82857e-08 8.11118e-08
threshold=0.17850401716788752 0.16928419164158523 0.2557064858875544 5.3460658236745999 0.0086053913621967019 2.2979912147016037 0.42947125939231823 0.037635033422750992 1.4849253390213424 0.28300008376908331
decision_type=2 2 2 2 2 2 2 2 2 2
left_child=4 -2 -3 -4 5 6 -1 8 9 -7
right_child=1 2 3 -5 -6 7 -8 -9 -10 -11
leaf_value=-0.030159672167905084 0.033459063797654016 0.03314506189370129 0.032822767978479592 0.032858582785459778 -0.030171725655818674 -0.030087943113201017 -0.030086408863153905 -0.030133118964392854 -0.030121856568518394 -0.030122181511865069
leaf_weight=0.083630488486959531 38.812257289886475 48.971580821555108 53.821837592404336 51.308198213577271 0.077529725385829695 6.4183735139667988 0.09163726819679141 0.056723474524915107 0.071233795722946414 0.062883104663342126
leaf_count=20 13 20 25 19 16 2212 32 14 19 17
internal_value=0.0308736 0.0330421 0.0329371 0.0328402 -0.0300908 -0.0300899 -0.0301214 -0.030089 -0.0300886 -0.0300883
internal_weight=199.776 192.914 154.102 105.13 6.86201 6.78448 0.175268 6.60921 6.55249 6.48126
internal_count=2407 77 64 44 2330 2314 52 2262 2248 2229
is_linear=0
shrinkage=0.03


Tree=79
num_leaves=9
num_cat=0
split_feature=72 9 6 0 24 75 26 33
split_gain=28.3978 0.00924898 4.36472e-05 5.22211e-07 7.50615e-08 1.10652e-07 5.10707e-08 4.38445e-08
threshold=0.24317340227985554 0.54233005730378714 0.35751082701915343 0.0086053913621967019 1.4849253390213424 0.037635033422750992 0.0049213177150411484 0.01920464604373712
decision_type=2 2 2 2 2 2 2 2
left_child=3 2 -2 4 5 6 7 -1
right_child=1 -3 -4 -5 -6 -7 -8 -9
leaf_value=-0.030102937787137758 0.032768323880815277 0.033166982923718148 0.032728114127454085 -0.030166628297252952 -0.030118243252913571 -0.030129169780338687 -0.030112456235488243 -0.030085816080951067
leaf_weight=0.13756501930765708 42.073326587677002 88.192257253453135 57.501442692708224 0.075250898022204527 0.069136688951402792 0.055054149357601889 0.067294739186763652 6.2569251363165677
leaf_count=45 16 34 26 16 19 14 19 2218
internal_value=0.0307838 0.0329433 0.0327451 -0.030088 -0.0300871 -0.0300868 -0.0300865 -0.0300862
internal_weight=194.428 187.767 99.5748 6.66123 6.58598 6.51684 6.46178 6.39449
internal_count=2407 76 42 2331 2315 2296 2282 2263
is_linear=0
shrinkage=0.03


Tree=80
num_leaves=10
num_cat=0
split_feature=26 38 24 8 8 72 4 98 94
split_gain=27.2921 0.0177374 0.00265497 2.25043e-07 3.65479e-07 6.76194e-08 4.40242e-08 4.12944e-08 3.71461e-08
threshold=0.0062325620946786829 0.17984606919275684 6.1104352583844967 2.2979912147016037 2.07399235302 0.22478613708570025 359.7440208084144 0.09021221277759163 0.054459545513709524
decision_type=2 2 2 2 2 2 2 2 2
left_child=3 -2 -3 4 -1 6 7 8 -5
right_child=1 2 -4 5 -6 -7 -8 -9 -10
leaf_value=-0.030173222495015726 0.033426856875446109 0.032652802229917198 0.0329179946094042 -0.03009380525821451 -0.03008154416372491 -0.030117663911920872 -0.030104288279395548 -0.030109827960524468 -0.030083153833083454
leaf_weight=0.068154846318065121 49.812135825864971 79.018899995833635 59.60601806640625 0.31069145328365255 0.091914240503683686 0.055023911641910561 0.097213610541075357 0.054949688259512075 5.7152695318218321
leaf_count=15 18 35 22 107 34 15 30 16 2089
internal_value=0.0308731 0.0329413 0.0327668 -0.0300855 -0.0301206 -0.0300846 -0.0300843 -0.0300839 -0.0300837
internal_weight=194.83 188.437 138.625 6.39322 0.160069 6.23315 6.17812 6.08091 6.02596
internal_count=2381 75 57 2306 49 2257 2242 2212 2196
is_linear=0
shrinkage=0.03


Tree=81
num_leaves=10
num_cat=0
split_feature=26 38 24 0 8 8 72 98 24
split_gain=26.4079 0.0161701 0.00243476 3.48109e-07 2.14804e-07 3.33962e-07 6.48092e-08 3.91704e-08 3.28691e-08
threshold=0.0062325620946786829 0.17984606919275684 6.1104352583844967 0.0086053913621967019 2.2979912147016037 2.07399235302 0.22478613708570025 0.09021221277759163 1.4849253390213424
decision_type=2 2 2 2 2 2 2 2 2
left_child=3 -2 -3 4 5 -1 7 8 -6
right_child=1 2 -4 -5 6 -7 -8 -9 -10
leaf_value=-0.030168082494181833 0.033315759055470393 0.032566333443535316 0.032823776389347296 -0.030150797367753685 -0.03008053430006756 -0.030079127576233607 -0.03011417489479043 -0.030106572247318591 -0.030104594006027132
leaf_weight=0.066151664825155332 48.498727485537529 76.884069828782231 58.007922887802124 0.067267475649714359 5.823868787381798 0.089204821502789855 0.053403802681714185 0.053331359289586433 0.051555732265114673
leaf_count=15 18 35 22 16 2194 34 15 16 16
internal_value=0.0307865 0.032846 0.032677 -0.0300829 -0.0300822 -0.030117 -0.0300813 -0.030081 -0.0300807
internal_weight=189.596 183.391 134.892 6.20478 6.13752 0.155356 5.98216 5.92876 5.87542
internal_count=2381 75 57 2306 2290 49 2241 2226 2210
is_linear=0
shrinkage=0.03


Tree=82
num_leaves=10
num_cat=0
split_feature=3 82 92 0 8 8 75 31 72
split_gain=25.6544 0.0130316 0.000856287 3.16005e-07 1.9374e-07 3.05166e-07 9.3117e-08 7.38513e-08 6.10998e-08
threshold=0.61773730272608895 0.60363866951722123 0.67326486738929148 0.0086053913621967019 2.2979912147016037 2.07399235302 0.037635033422750992 0.28300008376908331 0.22478613708570025
decision_type=2 2 2 2 2 2 2 2 2
left_child=3 2 -2 4 5 -1 7 8 -6
right_child=1 -3 -4 -5 6 -7 -8 -9 -10
leaf_value=-0.030163096081715898 0.032501123262853121 0.033109709467034995 0.032665754262840296 -0.030146322956628977 -0.030078068501563512 -0.030076782981243218 -0.030116254077355107 -0.03011240895192072 -0.030110789423872297
leaf_weight=0.064207040704785778 65.205382108688354 62.814206123352051 50.421154499053955 0.065288963261991628 5.658665286609903 0.086575068067759275 0.060065795900300034 0.057931749615818151 0.051831220509484299
leaf_count=15 27 23 20 16 2197 34 17 17 15
internal_value=0.0307029 0.0327619 0.0325729 -0.0300807 -0.03008 -0.0301135 -0.0300791 -0.0300787 -0.0300784
internal_weight=184.485 178.441 115.627 6.04457 5.97928 0.150782 5.82849 5.76843 5.7105
internal_count=2381 70 47 2311 2295 49 2246 2229 2212
is_linear=0
shrinkage=0.03


Tree=83
num_leaves=10
num_cat=0
split_feature=3 73 68 72 4 26 43 98 33
split_gain=24.8284 0.0103651 0.00118304 4.53088e-08 2.98453e-08 3.27274e-08 4.80222e-08 2.96623e-08 2.45264e-08
threshold=0.61773730272608895 0.72085525782504567 0.64100661487676713 0.22478613708570025 359.7440208084144 0.0033305480120910014 0.56345600504604809 0.09021221277759163 0.02839598178541575
decision_type=2 2 2 2 2 2 2 2 2
left_child=3 2 -2 4 5 7 -7 8 -1
right_child=1 -3 -4 -5 -6 6 -8 -9 -10
leaf_value=-0.030088728750795806 0.032417494316451106 0.032989363220024874 0.03261321546080815 -0.030105960739413531 -0.030095289935913552 -0.030108911662007305 -0.030074707374496683 -0.030100349678756525 -0.030076846760888423
leaf_weight=0.16104248282499511 63.346602439880371 60.756640434265137 49.525438070297241 0.052778159268200286 0.088875882793217786 0.073438016930594929 0.07433642097748816 0.050237078685313352 5.3656722449231893
leaf_count=60 27 23 20 16 30 23 30 16 2136
internal_value=0.0306225 0.0326734 0.0325034 -0.0300783 -0.030078 -0.0300778 -0.0300917 -0.0300774 -0.0300772
internal_weight=179.495 173.629 112.872 5.86638 5.8136 5.72473 0.147774 5.57695 5.52671
internal_count=2381 70 47 2311 2295 2265 53 2212 2196
is_linear=0
shrinkage=0.03


Tree=84
num_leaves=9
num_cat=0
split_feature=3 82 92 0 75 31 72 13
split_gain=24.031 0.0108565 0.000709579 2.63961e-07 7.41602e-08 5.84648e-08 4.56098e-08 3.38048e-08
threshold=0.61773730272608895 0.60363866951722123 0.67326486738929148 0.0086053913621967019 0.037635033422750992 0.28300008376908331 0.22478613708570025 0.95720536685257851
decision_type=2 2 2 2 2 2 2 2
left_child=3 2 -2 4 5 6 7 -1
right_child=1 -3 -4 -5 -6 -7 -8 -9
leaf_value=-0.030073822433482875 0.032343479212156155 0.032914136291268846 0.03249753470600205 -0.030137780231841719 -0.030109466121891217 -0.030105846392786646 -0.030102818378047864 -0.030084395148568397
leaf_weight=5.1822878709062925 61.692503690719604 59.515045404434204 47.72445011138916 0.06150759127922345 0.056582211749628075 0.054571533575653919 0.051223594928160199 0.28726221527904261
leaf_count=2134 27 23 20 16 17 17 16 111
internal_value=0.030545 0.032588 0.0324107 -0.030076 -0.0300753 -0.0300749 -0.0300746 -0.0300744
internal_weight=174.625 168.932 109.417 5.69344 5.63193 5.57535 5.52077 5.46955
internal_count=2381 70 47 2311 2295 2278 2261 2245
is_linear=0
shrinkage=0.03


Tree=85
num_leaves=9
num_cat=0
split_feature=75 53 28 0 72 75 26 24
split_gain=23.6008 0.00954145 0.00115894 8.18493e-07 5.53115e-08 5.63215e-08 5.20808e-08 4.52315e-08
threshold=0.34207318301595363 0.75142694992228776 0.72030473977861831 0.0096325209818127165 0.22478613708570025 0.037635033422750992 0.0049213177150411484 1.4849253390213424
decision_type=2 2 2 2 2 2 2 2
left_child=3 2 -2 4 5 6 7 -1
right_child=1 -3 -4 -5 -6 -7 -8 -9
leaf_value=-0.030072035457053965 0.032261162645385401 0.032819828712590017 0.032449186568469478 -0.030196586637739622 -0.030103127796434315 -0.030104370662607856 -0.030103818930118431 -0.030098719268532297
leaf_weight=5.3422780057881019 79.765930891036987 50.100394487380981 46.82234525680542 0.048802535515278467 0.054987383540719637 0.050674842903390416 0.047662103548645862 0.057791083585470804
leaf_count=2262 36 20 20 8 17 16 15 19
internal_value=0.0305473 0.0324694 0.0323307 -0.0300743 -0.0300732 -0.0300729 -0.0300726 -0.0300723
internal_weight=182.291 176.689 126.588 5.6022 5.55339 5.49841 5.44773 5.40007
internal_count=2413 76 56 2337 2329 2312 2296 2281
is_linear=0
shrinkage=0.03


Tree=86
num_leaves=9
num_cat=0
split_feature=75 53 28 75 72 26 24 39
split_gain=22.8475 0.00870148 0.00105388 4.7066e-08 4.78828e-08 4.42914e-08 3.79163e-08 3.51245e-08
threshold=0.34207318301595363 0.75142694992228776 0.72030473977861831 0.037635033422750992 0.22478613708570025 0.0049213177150411484 1.4849253390213424 0.97931615159926666
decision_type=2 2 2 2 2 2 2 2
left_child=3 2 -2 4 5 6 7 -1
right_child=1 -3 -4 -5 -6 -7 -8 -9
leaf_value=-0.030070620434580031 0.032189380159218302 0.032730176287079533 0.03237117966985744 -0.030101277324602119 -0.030100071683826723 -0.030100741067031634 -0.03009579239352006 -0.030087141500881369
leaf_weight=5.1136194523423901 77.578505277633667 48.750868082046509 45.546377897262573 0.049182151909917482 0.053367598913609871 0.046258133137598523 0.056088470388203748 0.11850199662148941
leaf_count=2221 36 20 20 16 17 15 19 49
internal_value=0.0304756 0.0323909 0.0322566 -0.0300721 -0.0300718 -0.0300715 -0.0300713 -0.030071
internal_weight=177.313 171.876 123.125 5.43702 5.38784 5.33447 5.28821 5.23212
internal_count=2413 76 56 2337 2321 2304 2289 2270
is_linear=0
shrinkage=0.03


Tree=87
num_leaves=10
num_cat=0
split_feature=75 53 74 0 8 8 72 75 26
split_gain=22.12 0.00793622 0.000963289 6.83651e-07 1.27213e-07 1.65001e-07 5.10686e-08 4.94476e-08 4.57841e-08
threshold=0.34207318301595363 0.75142694992228776 0.58153732109719203 0.0096325209818127165 2.2442420023828658 2.07399235302 0.22478613708570025 0.037635033422750992 0.0049213177150411484
decision_type=2 2 2 2 2 2 2 2 2
left_child=3 2 -2 4 5 -1 7 8 -6
right_child=1 -3 -4 -5 6 -7 -8 -9 -10
leaf_value=-0.030134892552561778 0.032119859262526938 0.032643574977326478 0.032296093801151858 -0.030185098683549703 -0.030067323626068815 -0.03006597051535731 -0.030098475514994668 -0.030098275565215788 -0.03009775582742124
leaf_weight=0.059657248668371632 75.439066410064697 47.433676481246948 44.308588027954102 0.045983058400452026 4.9631488884333521 0.065679222112521529 0.049601356731727608 0.047733288723975309 0.044895384460687526
leaf_count=17 36 20 20 8 2235 30 16 16 15
internal_value=0.0304064 0.0323152 0.0321851 -0.0300699 -0.0300689 -0.0300988 -0.0300682 -0.0300679 -0.0300676
internal_weight=172.458 167.181 119.748 5.2767 5.23072 0.125336 5.10538 5.05578 5.00804
internal_count=2413 76 56 2337 2329 47 2282 2266 2250
is_linear=0
shrinkage=0.03


Tree=88
num_leaves=9
num_cat=0
split_feature=75 2 0 0 72 75 26 24
split_gain=21.4174 0.0071538 0.000574388 6.24656e-07 4.22016e-08 4.29772e-08 3.97405e-08 3.45193e-08
threshold=0.34207318301595363 0.31954049893658976 0.75044812403089312 0.0096325209818127165 0.22478613708570025 0.037635033422750992 0.0049213177150411484 1.4849253390213424
decision_type=2 2 2 2 2 2 2 2
left_child=3 -2 -3 4 5 6 7 -1
right_child=1 2 -4 -5 -6 -7 -8 -9
leaf_value=-0.030065821265338639 0.032529061305373856 0.032051501884936204 0.032193622803948094 -0.030179599754911992 -0.030094226114968776 -0.030095363122599892 -0.030094858783330437 -0.030090201360460294
leaf_weight=4.8834616949316105 52.756827116012573 69.247794508934021 40.598665475845337 0.044632061850279459 0.050269326427951344 0.046326971147209295 0.043572656344622263 0.052833148278295883
leaf_count=2262 23 34 19 8 17 16 15 19
internal_value=0.0303394 0.0322419 0.032104 -0.0300679 -0.0300669 -0.0300666 -0.0300663 -0.0300661
internal_weight=167.724 162.603 109.846 5.1211 5.07646 5.02619 4.97987 4.93629
internal_count=2413 76 53 2337 2329 2312 2296 2281
is_linear=0
shrinkage=0.03


Tree=89
num_leaves=11
num_cat=0
split_feature=26 83 76 25 0 8 8 72 98 4
split_gain=20.6276 0.00747904 0.00163846 6.3969e-05 5.73282e-07 1.08142e-07 1.37827e-07 4.34017e-08 2.44717e-08 2.04985e-08
threshold=0.0062325620946786829 0.15040506139561025 0.6047324489815401 0.45999807203614235 0.0096325209818127165 2.2442420023828658 2.07399235302 0.22478613708570025 0.09021221277759163 359.7440208084144
decision_type=2 2 2 2 2 2 2 2 2 2
left_child=4 -2 3 -3 5 6 -1 8 9 -7
right_child=1 2 -4 -5 -6 7 -8 -9 -10 -11
leaf_value=-0.030127022570262216 0.032589870161970617 0.031994428997956709 0.032174132355968936 0.031935021259587151 -0.030174266457757372 -0.030063202078059618 -0.030062120193615021 -0.030092724363144308 -0.030086128063223916 -0.030078668908261712
leaf_weight=0.056201177649198963 29.723493456840515 27.82122540473938 61.185370206832886 39.435115858213976 0.043320526834577211 4.6145292662549764 0.061861994676291943 0.046721653314307221 0.043259706115350016 0.078429825836792477
leaf_count=17 13 14 29 27 8 2211 30 16 16 32
internal_value=0.0302748 0.032161 0.0320618 0.0319596 -0.0300656 -0.0300647 -0.030093 -0.030064 -0.0300637 -0.0300635
internal_weight=163.11 158.165 128.442 67.2563 4.94432 4.901 0.118063 4.78294 4.73622 4.69296
internal_count=2413 83 70 41 2330 2322 47 2275 2259 2243
is_linear=0
shrinkage=0.03


Tree=90
num_leaves=10
num_cat=0
split_feature=3 73 85 0 8 8 26 75 31
split_gain=20.001 0.00714401 0.000384374 2.75433e-07 6.79257e-08 1.10277e-07 4.89671e-08 3.75468e-08 3.01397e-08
threshold=0.61773730272608895 0.72085525782504567 0.55535019098421989 0.0086053913621967019 2.2979912147016037 2.07399235302 0.0049213177150411484 0.037635033422750992 0.27638605428782842
decision_type=2 2 2 2 2 2 2 2 2
left_child=3 2 -2 4 5 -1 7 8 -6
right_child=1 -3 -4 -5 6 -7 -8 -9 -10
leaf_value=-0.030121026169197908 0.03192238747964702 0.032441885810857711 0.032047600396981707 -0.03013205021844997 -0.030061560992531548 -0.030062222317665661 -0.030094385444310198 -0.030089787947296484 -0.030084177956576492
leaf_weight=0.047106152400373413 46.176225543022156 46.393937706947327 42.256445646286011 0.052511801244690903 4.5054102246649563 0.07346543506719172 0.042651210678741225 0.043637023074552306 0.053660551318898686
leaf_count=15 24 21 21 16 2218 36 15 16 21
internal_value=0.029994 0.0321404 0.0319822 -0.0300637 -0.030063 -0.0300852 -0.0300624 -0.0300621 -0.0300618
internal_weight=139.645 134.827 88.4327 4.81844 4.76593 0.120572 4.64536 4.60271 4.55907
internal_count=2403 66 45 2337 2321 51 2270 2255 2239
is_linear=0
shrinkage=0.03


Tree=91
num_leaves=10
num_cat=0
split_feature=3 73 85 0 8 27 96 75 31
split_gain=19.3693 0.00651513 0.000349796 2.51738e-07 6.20828e-08 1.0581e-07 4.47489e-08 3.4311e-08 2.75441e-08
threshold=0.61773730272608895 0.72085525782504567 0.55535019098421989 0.0086053913621967019 2.2979912147016037 0.68979082171076367 0.0049213177150411484 0.037635033422750992 0.27638605428782842
decision_type=2 2 2 2 2 2 2 2 2
left_child=3 2 -2 4 5 -1 7 8 -6
right_child=1 -3 -4 -5 6 -7 -8 -9 -10
leaf_value=-0.030058392989126027 0.031861990599759221 0.032364992134794789 0.031983127188241298 -0.030128140632013665 -0.030059737478306928 -0.030116189775303899 -0.030091589091259995 -0.030087127344786465 -0.030081684518814128
leaf_weight=0.067857427755369737 44.895173668861389 45.128140211105347 41.088996052742004 0.050966356531716772 4.3725164680508897 0.049160394817590714 0.041394465602934249 0.042351041571237036 0.052078893757425138
leaf_count=35 24 21 21 16 2218 16 15 16 21
internal_value=0.0299333 0.0320731 0.0319199 -0.0300618 -0.0300611 -0.0300827 -0.0300605 -0.0300603 -0.03006
internal_weight=135.789 131.112 85.9842 4.67633 4.62536 0.117018 4.50834 4.46695 4.4246
internal_count=2403 66 45 2337 2321 51 2270 2255 2239
is_linear=0
shrinkage=0.03


Tree=92
num_leaves=10
num_cat=0
split_feature=3 38 89 31 8 27 96 75 24
split_gain=18.7588 0.00529707 0.000520237 1.95792e-07 5.59909e-08 9.66953e-08 4.05037e-08 3.10064e-08 2.23107e-08
threshold=0.61773730272608895 0.21939222576074499 0.77376754791532354 0.28300008376908331 2.2979912147016037 0.68979082171076367 0.0049213177150411484 0.037635033422750992 1.4849253390213424
decision_type=2 2 2 2 2 2 2 2 2
left_child=3 -2 -3 4 5 -1 7 8 -6
right_child=1 2 -4 -5 6 -7 -8 -9 -10
leaf_value=-0.030056663607820562 0.03228584388667629 0.031806831054041272 0.031955288682323321 -0.030127927088054299 -0.030058157017066368 -0.030112747574373013 -0.030088874783118266 -0.030084545985962791 -0.03008070899554529
leaf_weight=0.065855668974107995 41.607044577598572 47.359449982643127 38.525600552558899 0.037871922831982263 4.2658234996488318 0.047712857485748827 0.040174642461351939 0.041102852323092409 0.039849586086347588
leaf_count=35 20 26 20 11 2228 16 15 16 16
internal_value=0.0298745 0.032008 0.0318734 -0.03006 -0.0300594 -0.0300802 -0.0300589 -0.0300586 -0.0300584
internal_weight=132.03 127.492 85.8851 4.53839 4.50052 0.113569 4.38695 4.34678 4.30567
internal_count=2403 66 46 2337 2326 51 2275 2260 2244
is_linear=0
shrinkage=0.03


Tree=93
num_leaves=10
num_cat=0
split_feature=3 73 85 0 8 27 26 31 24
split_gain=18.1687 0.00543394 0.000291657 2.10304e-07 5.18487e-08 8.83646e-08 3.73645e-08 2.24489e-08 2.06484e-08
threshold=0.61773730272608895 0.72085525782504567 0.55535019098421989 0.0086053913621967019 2.2979912147016037 0.68979082171076367 0.0049213177150411484 0.27638605428782842 1.4849253390213424
decision_type=2 2 2 2 2 2 2 2 2
left_child=3 2 -2 4 5 -1 7 8 -6
right_child=1 -3 -4 -5 6 -7 -8 -9 -10
leaf_value=-0.030054985614069392 0.031746760416756968 0.032219133936220133 0.031860537778154563 -0.030120667821804763 -0.030056295152483047 -0.030109407145327793 -0.030086241504684287 -0.030076914259135029 -0.03007831829979131
leaf_weight=0.063912854064254954 42.423037886619568 42.698423981666565 38.842610955238342 0.048012650455348083 4.1195660167140886 0.046307788579724729 0.038990663597360142 0.049052741494960972 0.038674880517646559
leaf_count=35 24 21 21 16 2218 16 15 21 16
internal_value=0.0298177 0.0319451 0.0318011 -0.0300582 -0.0300575 -0.0300779 -0.030057 -0.0300567 -0.0300565
internal_weight=128.369 123.964 81.2656 4.40452 4.3565 0.110221 4.24628 4.20729 4.15824
internal_count=2403 66 45 2337 2321 51 2270 2255 2234
is_linear=0
shrinkage=0.03


Tree=94
num_leaves=9
num_cat=0
split_feature=3 73 90 0 96 75 72 31
split_gain=17.5982 0.00495679 0.000266086 1.92209e-07 3.29152e-08 2.5076e-08 1.99356e-08 2.03313e-08
threshold=0.61773730272608895 0.72085525782504567 0.27422455878631596 0.0086053913621967019 0.0049213177150411484 0.037635033422750992 0.22478613708570025 0.27638605428782842
decision_type=2 2 2 2 2 2 2 2
left_child=3 2 -2 4 5 6 7 -1
right_child=1 -3 -4 -5 -6 -7 -8 -9
leaf_value=-0.030054917195110682 0.031804993465847732 0.032149655229528951 0.03169444207140687 -0.030117096102808737 -0.030083686728766615 -0.030079613270656017 -0.030075777315787294 -0.030074636922864259
leaf_weight=4.0612348609138271 35.992284417152405 41.524691104888916 43.009441137313843 0.046599104767665156 0.037841480341739842 0.038716454990208038 0.042587440693750866 0.047606564708985277
leaf_count=2251 20 21 25 16 15 16 18 21
internal_value=0.0297627 0.0318843 0.0317448 -0.0300565 -0.0300558 -0.0300556 -0.0300554 -0.0300551
internal_weight=124.801 120.526 79.0017 4.27459 4.22799 4.19015 4.15143 4.10884
internal_count=2403 66 45 2337 2321 2306 2290 2272
is_linear=0
shrinkage=0.03


Tree=95
num_leaves=11
num_cat=0
split_feature=26 38 63 25 0 75 8 93 31 72
split_gain=16.9326 0.0077495 0.000638058 0.000108914 2.16531e-07 3.20359e-08 2.93185e-08 4.72438e-08 1.93465e-08 1.81734e-08
threshold=0.0062325620946786829 0.17984606919275684 0.18982957300590989 0.3760366671421535 0.0086053913621967019 0.037635033422750992 2.2442420023828658 0.56675353941497753 0.28300008376908331 0.22478613708570025
decision_type=2 2 2 2 2 2 2 2 2 2
left_child=4 -2 -3 -4 5 6 7 -1 9 -8
right_child=1 2 3 -5 -6 -7 8 -9 -10 -11
leaf_value=-0.030051715703455394 0.03223437105253385 0.031820539731948899 0.031694281295065789 0.031616685770974789 -0.030119280453919792 -0.030078765365438312 -0.030052684774239405 -0.030095025347259254 -0.030075484737710004 -0.030073850294860986
leaf_weight=0.053253629477693631 32.50912931910716 27.065285563468933 27.380509734153748 40.155942329438403 0.045910356566309818 0.04559978749603022 3.8517146632075319 0.039468784583732486 0.034393710433505364 0.036860222578979918
leaf_count=31 17 15 16 29 15 19 2210 16 15 16
internal_value=0.0298976 0.0318348 0.0316975 0.0316481 -0.0300545 -0.0300538 -0.0300535 -0.0300702 -0.0300531 -0.0300529
internal_weight=131.218 127.111 94.6017 67.5365 4.1072 4.06129 4.01569 0.0927224 3.92297 3.88857
internal_count=2399 77 60 45 2322 2307 2288 47 2241 2226
is_linear=0
shrinkage=0.03


Tree=96
num_leaves=10
num_cat=0
split_feature=3 38 24 0 26 8 95 31 24
split_gain=16.4267 0.00703894 0.000646296 1.9678e-07 3.1898e-08 2.40353e-08 4.00453e-08 1.73713e-08 1.62088e-08
threshold=0.17850401716788752 0.17984606919275684 6.1104352583844967 0.0086053913621967019 0.0049213177150411484 2.2979912147016037 0.42947125939231823 0.28300008376908331 1.4584901680109412
decision_type=2 2 2 2 2 2 2 2 2
left_child=3 -2 -3 4 5 6 -1 8 -7
right_child=1 2 -4 -5 -6 7 -8 -9 -10
leaf_value=-0.030087209371870163 0.032165690273701378 0.031577147313137301 0.031737622395303172 -0.03011574766905149 -0.030081427671826075 -0.030051295791397876 -0.030050269385432499 -0.030073249266516926 -0.030069417050518504
leaf_weight=0.046130834612995719 31.615552562056109 52.055719755357131 39.899353623390198 0.044558648020028957 0.033660587738267966 3.7272788608679557 0.061788806924596429 0.033379666390828677 0.044959807069972046
leaf_count=20 17 37 23 15 14 2200 37 15 21
internal_value=0.0298446 0.0317795 0.0316468 -0.0300531 -0.0300523 -0.0300521 -0.0300661 -0.0300517 -0.0300515
internal_weight=127.562 123.571 91.9551 3.99176 3.9472 3.91354 0.10792 3.80562 3.77224
internal_count=2399 77 60 2322 2307 2293 57 2236 2221
is_linear=0
shrinkage=0.03


Tree=97
num_leaves=10
num_cat=0
split_feature=98 73 28 0 26 75 8 93 31
split_gain=15.932 0.00389559 0.000659314 1.7973e-07 2.91118e-08 2.68736e-08 2.46594e-08 3.94618e-08 1.62444e-08
threshold=0.099769326286756541 0.72085525782504567 0.70467406108338981 0.0086053913621967019 0.0049213177150411484 0.037635033422750992 2.2442420023828658 0.56675353941497753 0.28300008376908331
decision_type=2 2 2 2 2 2 2 2 2
left_child=3 2 -2 4 5 6 7 -1 -8
right_child=1 -3 -4 -5 -6 -7 8 -9 -10
leaf_value=-0.03004869850601305 0.031538745542060903 0.031973661855059919 0.031713191678141461 -0.030112319333634955 -0.030079016222135477 -0.0300741702259931 -0.030049742380761479 -0.030089483118598104 -0.030071080458946815
leaf_weight=0.050156916724518719 49.104984916048124 38.676597849465907 32.341347843641415 0.043246589717455097 0.032668346422724315 0.04295180202461768 3.6398469827836384 0.037177709280513227 0.032395449583418556
leaf_count=31 33 22 20 15 14 19 2214 16 15
internal_value=0.0297935 0.0317257 0.031608 -0.0300515 -0.0300508 -0.0300506 -0.0300503 -0.0300661 -0.0300499
internal_weight=124.001 120.123 81.4463 3.87844 3.8352 3.80253 3.75958 0.0873346 3.67224
internal_count=2399 75 53 2324 2309 2295 2276 47 2229
is_linear=0
shrinkage=0.03


Tree=98
num_leaves=10
num_cat=0
split_feature=98 38 24 0 96 75 8 93 31
split_gain=15.4349 0.00579401 0.000514821 1.64254e-07 2.66036e-08 2.45589e-08 2.25385e-08 3.6063e-08 1.48444e-08
threshold=0.099769326286756541 0.17984606919275684 6.1104352583844967 0.0086053913621967019 0.0049213177150411484 0.037635033422750992 2.2442420023828658 0.56675353941497753 0.28300008376908331
decision_type=2 2 2 2 2 2 2 2 2
left_child=3 -2 -3 4 5 6 7 -1 -8
right_child=1 2 -4 -5 -6 -7 8 -9 -10
leaf_value=-0.030047257294283366 0.032031773130679821 0.031483662940216199 0.031631020810735377 -0.030108992579314341 -0.030076675802081967 -0.030071973834331453 -0.030048269569845038 -0.030086833845176689 -0.030068975000890775
leaf_weight=0.048676855629310789 29.905019829981029 49.162814077688381 37.701157569885254 0.041973026818595716 0.031705280649475642 0.041685382835566887 3.5324437292292719 0.036082070553675294 0.031440187245607265
leaf_count=31 17 35 23 15 14 19 2214 16 15
internal_value=0.0297442 0.0316716 0.0315476 -0.03005 -0.0300493 -0.0300491 -0.0300488 -0.0300641 -0.0300485
internal_weight=120.533 116.769 86.864 3.76401 3.72203 3.69033 3.64864 0.0847589 3.56388
internal_count=2399 75 58 2324 2309 2295 2276 47 2229
is_linear=0
shrinkage=0.03


Tree=99
num_leaves=10
num_cat=0
split_feature=98 73 28 0 26 75 8 93 31
split_gain=14.954 0.00325225 0.000551109 1.50116e-07 2.4311e-08 2.24426e-08 2.05991e-08 3.29578e-08 1.35654e-08
threshold=0.099769326286756541 0.72085525782504567 0.70467406108338981 0.0086053913621967019 0.0049213177150411484 0.037635033422750992 2.2442420023828658 0.56675353941497753 0.28300008376908331
decision_type=2 2 2 2 2 2 2 2 2
left_child=3 2 -2 4 5 6 7 -1 -8
right_child=1 -3 -4 -5 -6 -7 8 -9 -10
leaf_value=-0.030045858324102701 0.031443298922844955 0.031852120076218862 0.031607388828450884 -0.030105765616715647 -0.030074404551117949 -0.030069842082701945 -0.030046840437889483 -0.030084263120984136 -0.03006693227631459
leaf_weight=0.047240403597243907 46.376720173750073 36.566668425686657 30.559609972406179 0.040736836846917757 0.030770536512136348 0.040456218295730539 3.4282048218883578 0.035018631257116795 0.030513030476868042
leaf_count=31 33 22 20 15 14 19 2214 16 15
internal_value=0.0296964 0.0316192 0.0315085 -0.0300485 -0.0300479 -0.0300476 -0.0300474 -0.0300622 -0.030047
internal_weight=117.156 113.503 76.9363 3.65294 3.6122 3.58143 3.54098 0.082259 3.45872
internal_count=2399 75 53 2324 2309 2295 2276 47 2229
is_linear=0
shrinkage=0.03


Tree=100
num_leaves=10
num_cat=0
split_feature=31 38 20 0 96 8 36 98 4
split_gain=14.2475 0.0037274 8.95144e-05 4.99523e-08 3.28167e-08 2.81699e-08 4.2216e-08 2.13285e-08 8.79146e-09
threshold=0.80519873567073807 0.21939222576074499 0.47976608130743331 0.0086053913621967019 0.0049213177150411484 2.2979912147016037 0.60728757924988119 0.09021221277759163 362.70284810990762
decision_type=2 2 2 2 2 2 2 2 2
left_child=3 -2 -3 4 5 6 -1 8 -7
right_child=1 2 -4 -5 -6 7 -8 -9 -10
leaf_value=-0.030044575541945284 0.031800430146529314 0.031469934111054552 0.03140050135452619 -0.030082933422263765 -0.030075254961021959 -0.030045566196643277 -0.030087781336469839 -0.030069237129919157 -0.030060435548287183
leaf_weight=0.045922916033305561 38.691465616226196 30.038562178611755 37.665182590484619 0.03459485329221923 0.035857051494531222 3.2644107767846444 0.036554570659063756 0.035104962065815815 0.036183194955810793
leaf_count=31 23 20 26 15 16 2170 16 17 19
internal_value=0.0296094 0.0315655 0.0314313 -0.0300471 -0.0300467 -0.0300464 -0.0300637 -0.030046 -0.0300457
internal_weight=109.884 106.395 67.7037 3.48863 3.45403 3.41818 0.0824775 3.3357 3.30059
internal_count=2353 69 46 2284 2269 2253 47 2206 2189
is_linear=0
shrinkage=0.03


Tree=101
num_leaves=10
num_cat=0
split_feature=31 38 20 26 8 36 98 4 75
split_gain=13.8054 0.00340113 8.15548e-05 2.92357e-08 2.4663e-08 3.85801e-08 1.88589e-08 7.61707e-09 7.57021e-09
threshold=0.80519873567073807 0.21939222576074499 0.47976608130743331 0.0049213177150411484 2.2979912147016037 0.60728757924988119 0.09021221277759163 362.70284810990762 0.03498855868538802
decision_type=2 2 2 2 2 2 2 2 2
left_child=3 -2 -3 4 5 -1 7 8 -6
right_child=1 2 -4 -5 6 -7 -8 -9 -10
leaf_value=-0.030043256312524885 0.031744677703405687 0.031424437749988536 0.031357209155951471 -0.030073026028525837 -0.03004443284996873 -0.030085182484572748 -0.030067187253833144 -0.030058646195179211 -0.03005751260040249
leaf_weight=0.04456761642359186 37.612908959388733 29.192356109619141 36.60171115398407 0.034799855668097623 3.1613153094658641 0.035477238357998431 0.034069741261191555 0.035115878330543526 0.04033271491061885
leaf_count=31 23 20 26 16 2162 16 17 19 23
internal_value=0.0295654 0.0315171 0.031387 -0.0300457 -0.0300454 -0.0300618 -0.030045 -0.0300448 -0.0300446
internal_weight=106.793 103.407 65.7941 3.38568 3.35088 0.0800449 3.27083 3.23676 3.20165
internal_count=2353 69 46 2284 2268 47 2221 2204 2185
is_linear=0
shrinkage=0.03


Tree=102
num_leaves=10
num_cat=0
split_feature=24 38 30 24 0 98 4 75 83
split_gain=13.3268 0.00367211 0.000467297 1.65919e-05 4.19885e-08 1.68797e-08 7.14245e-09 6.6976e-09 4.8715e-09
threshold=1.5359167475247728 0.1722212822974257 0.33001409437795665 5.3460658236745999 0.0086053913621967019 0.09021221277759163 360.91319721741928 0.03498855868538802 0.98278032495194856
decision_type=2 2 2 2 2 2 2 2 2
left_child=4 -2 -3 -4 5 6 7 8 -1
right_child=1 2 3 -5 -6 -7 -8 -9 -10
leaf_value=-0.030043172089454579 0.031768252807726591 0.031470718893444577 0.031289261885160048 0.031323095721280989 -0.030078097404130297 -0.030065197859796847 -0.030055124891399942 -0.030055810636204841 -0.030052599131571253
leaf_weight=3.0706367786042406 26.200755953788757 22.130203366279602 26.04656129819341 26.132548332214355 0.032586536603048333 0.033064982970245071 0.048111585434526094 0.039142886409535893 0.05014053068589408
leaf_count=2164 16 15 24 19 15 17 28 23 32
internal_value=0.0295227 0.0314629 0.0313552 0.0313062 -0.0300442 -0.0300439 -0.0300437 -0.0300435 -0.0300433
internal_weight=103.784 100.51 74.3093 52.1791 3.27368 3.2411 3.20803 3.15992 3.12078
internal_count=2353 74 58 43 2279 2264 2247 2219 2196
is_linear=0
shrinkage=0.03


Tree=103
num_leaves=10
num_cat=0
split_feature=31 21 20 0 26 8 36 4 75
split_gain=12.9666 0.00286009 8.12974e-05 3.80783e-08 2.50012e-08 2.14446e-08 3.22276e-08 6.67429e-09 6.45649e-09
threshold=0.80519873567073807 0.65671870128022369 0.47183705784205249 0.0086053913621967019 0.0049213177150411484 2.2979912147016037 0.60728757924988119 360.91319721741928 0.03498855868538802
decision_type=2 2 2 2 2 2 2 2 2
left_child=3 2 -2 4 5 6 -1 8 -7
right_child=1 -3 -4 -5 -6 7 -8 -9 -10
leaf_value=-0.030040733760934513 0.031340271039946785 0.031639088601093018 0.031271149622885831 -0.030075785267605484 -0.030068766396381494 -0.03004171175506349 -0.030080217138478988 -0.03005367510448935 -0.030054158546604298
leaf_weight=0.041975609143264925 27.557961344718933 35.640407919883728 34.468761801719666 0.031625853618606814 0.032778631779365131 2.9680193602107474 0.033417918486520648 0.043722972157411166 0.037988095544278511
leaf_count=31 20 23 26 15 16 2157 16 26 23
internal_value=0.029481 0.0314249 0.0313019 -0.030043 -0.0300427 -0.0300424 -0.0300582 -0.030042 -0.0300419
internal_weight=100.857 97.6671 62.0267 3.18953 3.1579 3.12512 0.0753935 3.04973 3.00601
internal_count=2353 69 46 2284 2269 2253 47 2206 2180
is_linear=0
shrinkage=0.03


Tree=104
num_leaves=10
num_cat=0
split_feature=31 21 20 0 26 8 36 98 75
split_gain=12.5659 0.0026099 7.41048e-05 3.4796e-08 2.28464e-08 1.95957e-08 2.94517e-08 1.48421e-08 5.95297e-09
threshold=0.80519873567073807 0.65671870128022369 0.47183705784205249 0.0086053913621967019 0.0049213177150411484 2.2979912147016037 0.60728757924988119 0.09021221277759163 0.03498855868538802
decision_type=2 2 2 2 2 2 2 2 2
left_child=3 2 -2 4 5 6 -1 8 -7
right_child=1 -3 -4 -5 -6 7 -8 -9 -10
leaf_value=-0.030039528307390491 0.031298962446906581 0.031588531306090566 0.031232014683036508 -0.030073541356986529 -0.030066730882950334 -0.030040423465641793 -0.030077842196168769 -0.030061396082403848 -0.030052555067936179
leaf_weight=0.040736652212217783 26.778264045715332 34.641595363616943 33.491337537765503 0.030693423934280761 0.031811997876502462 2.8917066091671595 0.032432791427709162 0.031143976841121801 0.036867314716800936
leaf_count=31 20 23 26 15 16 2166 16 17 23
internal_value=0.0294411 0.031381 0.0312618 -0.0300418 -0.0300414 -0.0300412 -0.0300565 -0.0300408 -0.0300406
internal_weight=98.0066 94.9112 60.2696 3.09539 3.0647 3.03289 0.0731694 2.95972 2.92857
internal_count=2353 69 46 2284 2269 2253 47 2206 2189
is_linear=0
shrinkage=0.03


Tree=105
num_leaves=10
num_cat=0
split_feature=4 47 30 0 98 8 8 26 24
split_gain=12.4778 0.00234335 0.000686775 7.39241e-08 1.98507e-08 2.43973e-08 3.60595e-08 1.46354e-08 1.46434e-08
threshold=417.8230181766765 0.7321355199877646 0.4142800906474467 0.0086053913621967019 0.09021221277759163 2.2442420023828658 2.07399235302 0.0049213177150411484 1.4849253390213424
decision_type=2 2 2 2 2 2 2 2 2
left_child=3 2 -2 4 5 6 -1 8 -7
right_child=1 -3 -4 -5 -6 7 -8 -9 -10
leaf_value=-0.030080063360538752 0.031390353249750369 0.031605331267419372 0.03119640912991356 -0.030085961840915942 -0.030063581256603095 -0.030039199068319183 -0.030038386025962996 -0.030062156381799168 -0.030059396817498314
leaf_weight=0.033581124502234494 27.832457900047302 27.205008268356323 40.119191646575928 0.032264622626826056 0.032640449702739605 2.8749773707240829 0.042115745018236339 0.025719338445924111 0.03267271106597025
leaf_count=16 20 18 32 15 17 2220 33 14 18
internal_value=0.0294483 0.03137 0.0312758 -0.0300408 -0.0300403 -0.0300401 -0.0300569 -0.0300396 -0.0300394
internal_weight=98.2306 95.1567 67.9516 3.07397 3.04171 3.00907 0.0756969 2.93337 2.90765
internal_count=2403 70 52 2333 2318 2301 49 2252 2238
is_linear=0
shrinkage=0.03


Tree=106
num_leaves=9
num_cat=0
split_feature=4 47 71 98 26 24 72 74
split_gain=12.0929 0.002138 0.000622116 1.74005e-08 1.23006e-08 1.21519e-08 6.76561e-09 6.79761e-09
threshold=417.8230181766765 0.7321355199877646 0.79177016268270262 0.09021221277759163 0.0049213177150411484 1.4849253390213424 0.22478613708570025 0.98289340454539265
decision_type=2 2 2 2 2 2 2 2
left_child=3 2 -2 4 5 6 7 -1
right_child=1 -3 -4 -5 -6 -7 -8 -9
leaf_value=-0.030038608594353228 0.031163066746837075 0.031555865778879762 0.031351910597118504 -0.030061699355614438 -0.030060316643875092 -0.030057638022242057 -0.030053510433482859 -0.030048906284272082
leaf_weight=2.8074932449962957 40.307015419006348 26.441739082336426 25.717911243438721 0.03167773236054916 0.024960721842944511 0.031708913506008574 0.028496308019384631 0.05890286830253888
leaf_count=2223 33 18 19 17 14 18 17 44
internal_value=0.0294099 0.0313279 0.0312366 -0.0300396 -0.0300393 -0.0300392 -0.030039 -0.0300388
internal_weight=95.4499 92.4667 66.0249 2.98324 2.95156 2.9266 2.89489 2.8664
internal_count=2403 70 52 2333 2316 2302 2284 2267
is_linear=0
shrinkage=0.03


Tree=107
num_leaves=9
num_cat=0
split_feature=3 47 71 0 26 24 72 13
split_gain=11.6739 0.00192803 0.000641444 6.19549e-08 1.15638e-08 1.14726e-08 6.44739e-09 3.86781e-09
threshold=0.17850401716788752 0.7321355199877646 0.79177016268270262 0.0086053913621967019 0.0049213177150411484 1.4849253390213424 0.22478613708570025 0.95720536685257851
decision_type=2 2 2 2 2 2 2 2
left_child=3 2 -2 4 5 6 7 -1
right_child=1 -3 -4 -5 -6 -7 -8 -9
leaf_value=-0.030037111804001378 0.031115812489643926 0.031499086809129453 0.031310337882189641 -0.030080951562855666 -0.030058530222715145 -0.030055931797520755 -0.030051927314219167 -0.030042233857177462
leaf_weight=2.6312862832564874 39.167336129699834 25.702388106845319 24.990470170974731 0.030391966341994592 0.024224438588134833 0.03077349392697204 0.027655550395138451 0.13973011670168478
leaf_count=2155 37 20 19 15 14 18 17 108
internal_value=0.0293727 0.0312795 0.0311916 -0.0300383 -0.0300379 -0.0300377 -0.0300375 -0.0300374
internal_weight=92.7443 89.8602 64.1578 2.88406 2.85367 2.82945 2.79867 2.77102
internal_count=2403 76 56 2327 2312 2298 2280 2263
is_linear=0
shrinkage=0.03


Tree=108
num_leaves=11
num_cat=0
split_feature=4 47 77 0 8 8 26 24 72 8
split_gain=11.3625 0.00178009 0.000508241 5.63915e-08 1.49335e-08 3.06441e-08 1.08836e-08 1.08476e-08 6.47187e-09 8.82731e-13
threshold=417.8230181766765 0.7321355199877646 0.37217434915127773 0.0086053913621967019 2.2979912147016037 2.07399235302 0.0049213177150411484 1.4849253390213424 0.22478613708570025 2.1958684789597434
decision_type=2 2 2 2 2 2 2 2 2 2
left_child=3 2 -2 4 5 -1 7 8 -6 -7
right_child=1 -3 -4 -5 6 9 -8 -9 -10 -11
leaf_value=-0.030073166930161186 0.031264825665253598 0.031461648517549769 0.031090595981337666 -0.030078556142325429 -0.030035947223771453 -0.030035002753898286 -0.030056798256000758 -0.030054275893903741 -0.030051084182037727 -0.030035254858889669
leaf_weight=0.030700089526362606 25.507030010223389 24.975550413131714 36.820184111595154 0.029496061499230453 2.6209397546481354 0.026772486162371933 0.023509832797571906 0.029865620308555552 0.02567014330998052 0.023447767598554492
leaf_count=16 20 18 32 15 2211 23 14 18 16 20
internal_value=0.0293363 0.0312477 0.0311619 -0.0300373 -0.0300369 -0.0300496 -0.0300365 -0.0300363 -0.0300361 -0.0300351
internal_weight=90.1132 87.3028 62.3272 2.8104 2.78091 0.0809203 2.69999 2.67648 2.64661 0.0502203
internal_count=2403 70 52 2333 2318 59 2259 2245 2227 43
is_linear=0
shrinkage=0.03


Tree=109
num_leaves=10
num_cat=0
split_feature=75 47 71 0 8 8 26 24 72
split_gain=10.9615 0.00168346 0.000571639 5.18514e-08 1.6756e-08 2.51597e-08 1.00815e-08 1.00672e-08 6.02536e-09
threshold=0.044266990499645449 0.7321355199877646 0.79177016268270262 0.0086053913621967019 2.2442420023828658 2.07399235302 0.0049213177150411484 1.4849253390213424 0.22478613708570025
decision_type=2 2 2 2 2 2 2 2 2
left_child=3 2 -2 4 5 -1 7 8 -6
right_child=1 -3 -4 -5 6 -7 -8 -9 -10
leaf_value=-0.030071001016803871 0.031042200336160303 0.031411528796971643 0.031231199230073923 -0.030076232038615126 -0.030034745844390257 -0.030034040134514772 -0.03005511733111068 -0.030052669664176399 -0.030049571689863844
leaf_weight=0.029794877977110334 36.967981255380437 24.273578474763781 23.595672369003296 0.028626499697565921 2.5425130695803104 0.037358500412665308 0.022816269076429196 0.02898448344785709 0.024912710650823899
leaf_count=16 38 19 19 15 2215 33 14 18 16
internal_value=0.0293015 0.0312004 0.0311158 -0.0300361 -0.0300356 -0.0300504 -0.0300353 -0.0300351 -0.0300349
internal_weight=87.5522 84.8372 60.5637 2.71501 2.68638 0.0671534 2.61923 2.59641 2.56743
internal_count=2403 76 57 2327 2312 49 2263 2249 2231
is_linear=0
shrinkage=0.03


Tree=110
num_leaves=10
num_cat=0
split_feature=3 19 3 0 96 8 8 75 98
split_gain=10.6338 0.00111745 0.000102931 5.08491e-08 1.26554e-08 1.07682e-08 1.88704e-08 8.44633e-09 7.00989e-09
threshold=0.17850401716788752 0.52278138231912874 0.79017450331951355 0.0086053913621967019 0.0049213177150411484 2.2979912147016037 2.07399235302 0.037635033422750992 0.084150932073779119
decision_type=2 2 2 2 2 2 2 2 2
left_child=3 -2 -3 4 5 6 -1 8 -7
right_child=1 2 -4 -5 -6 7 -8 -9 -10
leaf_value=-0.030066364663757776 0.031258142891329471 0.030996293254038122 0.031092539277307849 -0.030072996966990888 -0.030054832428331273 -0.030033769077659506 -0.030034048027132401 -0.030051137397303609 -0.030048907103449481
leaf_weight=0.025910640251823103 47.284619405865669 20.705268508056179 19.343161940574646 0.031512002577073761 0.027686660178005584 2.4501224086852753 0.043669763603247702 0.025969951413571724 0.027843428775668033
leaf_count=15 39 25 17 17 17 2197 39 17 19
internal_value=0.0293686 0.0311594 0.0310428 -0.0300351 -0.0300347 -0.0300344 -0.0300461 -0.0300341 -0.0300339
internal_weight=89.9658 87.333 40.0484 2.63271 2.6012 2.57352 0.0695804 2.50394 2.47797
internal_count=2402 81 42 2321 2304 2287 54 2233 2216
is_linear=0
shrinkage=0.03


Tree=111
num_leaves=12
num_cat=0
split_feature=4 9 84 73 0 26 8 8 24 98 8
split_gain=10.3121 0.0010917 0.000427318 5.17933e-05 4.63942e-08 1.15274e-08 8.05625e-09 1.89792e-08 5.90713e-09 5.76045e-09 5.33023e-11
threshold=364.14132658787264 0.69063864612759207 0.28771064483511055 0.36045744584376338 0.0086053913621967019 0.0049213177150411484 2.3436534016118 2.07399235302 1.4584901680109412 0.084150932073779119 2.2442420023828658
decision_type=2 2 2 2 2 2 2 2 2 2 2
left_child=4 2 -2 -4 5 6 7 -1 9 -8 -9
right_child=1 -3 3 -5 -6 -7 8 10 -10 -11 -12
leaf_value=-0.030064400240720632 0.031173612429443987 0.031284673746949626 0.031036988120844478 0.030968551271414142 -0.03007083666064321 -0.030053208429467491 -0.030032827518571701 -0.03003208005644907 -0.03004645842661862 -0.030047212456254375 -0.030033994068983723
leaf_weight=0.025146483210847115 17.985111896297894 26.250778317451477 17.452788233757019 23.159462520037778 0.030582846142351516 0.026869825669564196 2.3643440058222049 0.032010927447117865 0.029627074021845945 0.025322676869109162 0.022159721469506621
leaf_count=15 17 21 16 27 17 17 2183 30 21 18 20
internal_value=0.0293354 0.0311239 0.0310519 0.030998 -0.0300341 -0.0300337 -0.0300335 -0.0300429 -0.0300331 -0.030033 -0.0300329
internal_weight=87.4042 84.8481 58.5974 40.6123 2.55606 2.52548 2.49861 0.0793171 2.41929 2.38967 0.0541706
internal_count=2402 81 60 43 2321 2304 2287 65 2222 2201 50
is_linear=0
shrinkage=0.03


Tree=112
num_leaves=10
num_cat=0
split_feature=98 19 19 7 0 26 75 72 31
split_gain=9.99689 0.000879185 0.000614073 5.674e-05 4.24885e-08 1.05754e-08 6.79346e-09 5.4392e-09 5.06567e-09
threshold=0.099769326286756541 0.52278138231912874 0.23363880151448282 0.56544183314020025 0.0086053913621967019 0.0049213177150411484 0.037635033422750992 0.22478613708570025 0.28300008376908331
decision_type=2 2 2 2 2 2 2 2 2
left_child=4 2 -2 -3 5 6 7 8 -1
right_child=1 3 -4 -5 -6 -7 -8 -9 -10
leaf_value=-0.030031984603254805 0.031065835512136045 0.031022598830114035 0.031288395674194981 0.030948786020023392 -0.030068740836334935 -0.030051633317094966 -0.030048156359705022 -0.030046267200871536 -0.030046266432247039
leaf_weight=2.3532902166480212 21.933843124425039 17.218456638976932 22.709728437708691 20.569911392405629 0.029681024141609558 0.026077047805301734 0.02446037926711131 0.024714175844564923 0.022566108964383491
leaf_count=2238 21 17 19 23 17 17 17 17 16
internal_value=0.0293032 0.0310889 0.031179 0.0309824 -0.0300331 -0.0300326 -0.0300324 -0.0300323 -0.0300321
internal_weight=84.9127 82.4319 44.6436 37.7884 2.48079 2.45111 2.42503 2.40057 2.37586
internal_count=2402 80 40 40 2322 2305 2288 2271 2254
is_linear=0
shrinkage=0.03


Tree=113
num_leaves=12
num_cat=0
split_feature=4 9 70 27 0 26 8 8 75 24 69
split_gain=9.69325 0.000922862 0.000314531 4.23437e-05 3.86894e-08 9.59787e-09 6.68767e-09 1.58542e-08 6.3944e-09 5.03981e-09 4.51809e-11
threshold=364.14132658787264 0.69063864612759207 0.39145666090289399 0.36550110231330135 0.0086053913621967019 0.0049213177150411484 2.3436534016118 2.07399235302 0.037635033422750992 1.4584901680109412 0.66249820768140777
decision_type=2 2 2 2 2 2 2 2 2 2 2
left_child=4 2 -2 -4 5 6 7 -1 9 -8 -9
right_child=1 -3 3 -5 -6 -7 8 10 -10 -11 -12
leaf_value=-0.030060647126510409 0.031090338695712868 0.031207393164234935 0.030975568175471729 0.030910704590438626 -0.030066706395721222 -0.030050105150941767 -0.030030919945524814 -0.030030234818555331 -0.03004673056257174 -0.030043748971493159 -0.030032066125835963
leaf_weight=0.023685699445195829 17.940580028109252 24.785068213939667 15.437789499759672 21.918128078687005 0.028805736452340969 0.025307622621767112 2.2276432237122217 0.031178893987089396 0.023738574585877248 0.027904570451937505 0.019840264576487243
leaf_count=15 18 21 15 27 17 17 2184 31 17 21 19
internal_value=0.029272 0.0310553 0.0309871 0.0309375 -0.0300321 -0.0300317 -0.0300315 -0.0300404 -0.0300312 -0.0300311 -0.0300309
internal_weight=82.4897 80.0816 55.2965 37.3559 2.4081 2.3793 2.35399 0.0747049 2.27929 2.25555 0.0510192
internal_count=2402 81 60 42 2321 2304 2287 65 2222 2205 50
is_linear=0
shrinkage=0.03


Tree=114
num_leaves=11
num_cat=0
split_feature=3 19 3 0 26 8 8 75 24 69
split_gain=9.39868 0.000797134 8.09375e-05 3.53312e-08 8.7577e-09 6.09174e-09 1.44889e-08 5.83217e-09 4.59484e-09 4.13265e-11
threshold=0.17850401716788752 0.52278138231912874 0.79017450331951355 0.0086053913621967019 0.0049213177150411484 2.3436534016118 2.07399235302 0.037635033422750992 1.4584901680109412 0.66249820768140777
decision_type=2 2 2 2 2 2 2 2 2 2
left_child=3 -2 -3 4 5 6 -1 8 -7 -8
right_child=1 2 -4 -5 -6 7 9 -9 -10 -11
leaf_value=-0.030058852350263083 0.03111094010284314 0.030874516476098013 0.03096496679373353 -0.030064733268724764 -0.030048622616340573 -0.030030020297265616 -0.030029340092411361 -0.030045347628808061 -0.030042454749795666 -0.030031117987596521
leaf_weight=0.022987033007666802 42.139900532900356 18.432243541348726 17.223667323589325 0.027956205303780624 0.02456086262827728 2.1623032233910644 0.03025830612750724 0.023038038343656697 0.027081015054136404 0.019254495098721236
leaf_count=15 39 25 17 17 17 2184 31 17 21 19
internal_value=0.0292417 0.0310226 0.0309182 -0.0300312 -0.0300308 -0.0300306 -0.0300392 -0.0300303 -0.0300302 -0.03003
internal_weight=80.1333 77.7958 35.6559 2.33744 2.30948 2.28492 0.0724998 2.21242 2.18938 0.0495128
internal_count=2402 81 42 2321 2304 2287 65 2222 2205 50
is_linear=0
shrinkage=0.03


Tree=115
num_leaves=10
num_cat=0
split_feature=3 33 20 0 75 26 8 27 24
split_gain=9.15557 0.000825462 0.000175346 5.80402e-08 7.98177e-09 7.54532e-09 6.76906e-09 1.01736e-08 4.84062e-09
threshold=0.17850401716788752 0.58171581064943245 0.47183705784205249 0.0096325209818127165 0.037635033422750992 0.0049213177150411484 2.2979912147016037 0.68979082171076367 1.4849253390213424
decision_type=2 2 2 2 2 2 2 2 2
left_child=3 -2 -3 4 5 6 7 -1 -8
right_child=1 2 -4 -5 -6 -7 8 -9 -10
leaf_value=-0.030028435839156559 0.031126624149004887 0.030991028886662591 0.030872638476495896 -0.030078555160431404 -0.030046963059894998 -0.030047952689169172 -0.030029033547618472 -0.030053883457755958 -0.030042743959692725
leaf_weight=0.032165052485653045 34.625342043116689 22.510199368000031 22.526422639493831 0.022197602316737064 0.024143549613654502 0.020025092177092918 2.126998388266657 0.025229781400412321 0.023431547044310608
leaf_count=34 34 22 25 9 17 14 2218 18 18
internal_value=0.0293221 0.0310165 0.0309318 -0.0300303 -0.0300298 -0.0300296 -0.0300295 -0.0300396 -0.0300292
internal_weight=81.9362 79.662 45.0366 2.27419 2.25199 2.22785 2.20782 0.0573948 2.15043
internal_count=2409 81 47 2328 2319 2302 2288 52 2236
is_linear=0
shrinkage=0.03


Tree=116
num_leaves=10
num_cat=0
split_feature=3 47 27 77 0 75 26 24 98
split_gain=8.87607 0.000729539 0.000497177 3.25361e-05 5.30386e-08 7.29481e-09 6.89586e-09 4.24742e-09 4.2913e-09
threshold=0.17850401716788752 0.72877990137568471 0.70826408872464441 0.46255269460233972 0.0096325209818127165 0.037635033422750992 0.0049213177150411484 1.4849253390213424 0.09021221277759163
decision_type=2 2 2 2 2 2 2 2 2
left_child=4 2 3 -2 5 6 7 8 -1
right_child=1 -3 -4 -5 -6 -7 -8 -9 -10
leaf_value=-0.030028316810112841 0.03088702708785767 0.031118057810109442 0.031048542729611595 0.03082810287888264 -0.030076227719225388 -0.030045573479089722 -0.030046533745266418 -0.030041479055501377 -0.030042743728183625
leaf_weight=2.1011736244545332 15.066319346427916 25.085830807685852 18.074949204921722 19.157731172046624 0.021543205948546418 0.023431067296769359 0.019434165093116351 0.022739983221981563 0.018721350003033765
leaf_count=2255 16 23 17 25 9 17 14 18 15
internal_value=0.0292932 0.0309851 0.0309213 0.030854 -0.0300294 -0.0300289 -0.0300287 -0.0300286 -0.0300284
internal_weight=79.5919 77.3848 52.299 34.2241 2.20704 2.1855 2.16207 2.14263 2.11989
internal_count=2409 81 58 41 2328 2319 2302 2288 2270
is_linear=0
shrinkage=0.03


Tree=117
num_leaves=11
num_cat=0
split_feature=72 47 27 31 26 8 95 24 98 8
split_gain=8.60508 0.000633472 0.000373707 1.52219e-08 6.00564e-09 4.18359e-09 8.47763e-09 3.77293e-09 3.82269e-09 6.66717e-13
threshold=0.24317340227985554 0.72877990137568471 0.70826408872464441 0.28300008376908331 0.0049213177150411484 2.3436534016118 0.40812709505669337 1.4849253390213424 0.09021221277759163 2.1958684789597434
decision_type=2 2 2 2 2 2 2 2 2 2
left_child=3 2 -2 4 5 6 -1 8 -7 -8
right_child=1 -3 -4 -5 -6 7 9 -9 -10 -11
leaf_value=-0.030049079852500406 0.030835050648741487 0.031080250631377274 0.031006139053402673 -0.030054096909195503 -0.030045156354120084 -0.030027655334766701 -0.030026657350115737 -0.030040251870691259 -0.030041478524124008 -0.030026907678132538
leaf_weight=0.025591523328330701 33.236918533802964 24.372190145193599 17.56155761203263 0.020793072006199398 0.018860650132410117 1.9980062363902114 0.019513536128215492 0.022068803024012484 0.01816880382830266 0.018801593570969999
leaf_count=20 39 24 19 15 14 2202 22 18 15 21
internal_value=0.0292651 0.0309545 0.0308942 -0.0300286 -0.0300283 -0.0300282 -0.0300357 -0.0300279 -0.0300278 -0.0300268
internal_weight=77.3125 75.1707 50.7985 2.1418 2.12101 2.10215 0.0639067 2.03824 2.01618 0.0383151
internal_count=2409 82 58 2327 2312 2298 63 2235 2217 43
is_linear=0
shrinkage=0.03


Tree=118
num_leaves=10
num_cat=0
split_feature=72 47 27 0 75 26 8 27 24
split_gain=8.34287 0.000580357 0.000339107 4.42295e-08 6.06483e-09 5.73421e-09 5.12768e-09 7.76646e-09 3.67258e-09
threshold=0.24317340227985554 0.72877990137568471 0.70826408872464441 0.0096325209818127165 0.037635033422750992 0.0049213177150411484 2.2979912147016037 0.68979082171076367 1.4849253390213424
decision_type=2 2 2 2 2 2 2 2 2
left_child=3 2 -2 4 5 6 7 -1 -8
right_child=1 -3 -4 -5 -6 -7 8 -9 -10
leaf_value=-0.030025985967615267 0.030809196265636385 0.031047053176313528 0.030974557204519568 -0.030071782571789687 -0.030042916555105874 -0.030043820419357849 -0.030026569933504468 -0.030049241894011536 -0.03003906108951682
leaf_weight=0.029398870130535992 32.281278152717277 23.676791632431559 17.059649771195836 0.020292419474571832 0.022068835329264291 0.018304035416804143 1.944017796020489 0.023062574560754001 0.021417407668195554
leaf_count=34 39 24 19 9 17 14 2217 18 18
internal_value=0.0292379 0.030925 0.0308664 -0.0300277 -0.0300273 -0.0300271 -0.030027 -0.0300362 -0.0300267
internal_weight=75.0963 73.0177 49.3409 2.07856 2.05827 2.0362 2.0179 0.0524614 1.96544
internal_count=2409 82 58 2327 2318 2301 2287 52 2235
is_linear=0
shrinkage=0.03


Tree=119
num_leaves=11
num_cat=0
split_feature=3 33 75 75 26 8 95 24 4 8
split_gain=8.09294 0.00056424 0.000104404 5.24255e-09 4.97085e-09 3.42388e-09 7.08028e-09 3.11114e-09 2.55766e-09 5.56451e-13
threshold=0.17850401716788752 0.58171581064943245 0.59758809090764087 0.037635033422750992 0.0049213177150411484 2.3436534016118 0.40812709505669337 1.4849253390213424 362.70284810990762 2.1958684789597434
decision_type=2 2 2 2 2 2 2 2 2 2
left_child=3 -2 -3 4 5 6 -1 8 -7 -8
right_child=1 2 -4 -5 -6 7 9 -9 -10 -11
leaf_value=-0.030046218326854907 0.03099357439130497 0.030782484300359129 0.030880918032668559 -0.030041646910004646 -0.030042523927297379 -0.030026130014210832 -0.030025103728029443 -0.030037905691261451 -0.030037705893871804 -0.030025339380698075
leaf_weight=0.024103642324916463 30.847937428858131 23.625362368416972 16.450208246707916 0.02141749410657201 0.017763824725989141 1.880675670225173 0.018377974221948534 0.020785215019713976 0.017336564429569878 0.017707506427541375
leaf_count=20 34 29 18 17 14 2201 22 18 15 21
internal_value=0.0292115 0.0308971 0.0308229 -0.0300269 -0.0300267 -0.0300266 -0.0300336 -0.0300264 -0.0300262 -0.0300252
internal_weight=72.9417 70.9235 40.0756 2.01817 1.99675 1.97899 0.0601891 1.9188 1.89801 0.0360855
internal_count=2409 81 47 2328 2311 2297 63 2234 2216 43
is_linear=0
shrinkage=0.03


Tree=120
num_leaves=10
num_cat=0
split_feature=4 38 89 0 3 98 8 8 26
split_gain=7.87287 0.000485352 5.80622e-05 2.05721e-08 6.80337e-09 6.55646e-09 4.7052e-09 7.66649e-09 4.64173e-09
threshold=417.8230181766765 0.2591840868629865 0.69807272011918886 0.0086053913621967019 0.17235128475512304 0.09021221277759163 2.4029188178459351 2.141237364629021 0.0049213177150411484
decision_type=2 2 2 2 2 2 2 2 2
left_child=3 -2 -3 4 5 6 7 -1 -8
right_child=1 2 -4 -5 -6 -7 8 -9 -10
leaf_value=-0.03004609403545936 0.030967230001395007 0.030753808426749425 0.030828335928218844 -0.030057416537303695 -0.030043431364367941 -0.030041646599963185 -0.030025222715209018 -0.030025402488759716 -0.030040508281425231
leaf_weight=0.026293554867151125 20.25898665189743 21.94731479883194 16.466997742652893 0.018976993917021789 0.02001430932432402 0.023363275919109472 1.8281305296695789 0.041634495777543634 0.018056247907224932
leaf_count=22 21 27 19 13 16 19 2203 50 15
internal_value=0.0288646 0.0308484 0.0307858 -0.0300263 -0.030026 -0.0300259 -0.0300257 -0.0300334 -0.0300254
internal_weight=60.6498 58.6733 38.4143 1.97647 1.95749 1.93748 1.91411 0.0679281 1.84619
internal_count=2405 67 46 2338 2325 2309 2290 72 2218
is_linear=0
shrinkage=0.03


Tree=121
num_leaves=11
num_cat=0
split_feature=4 38 27 0 98 8 8 26 24 17
split_gain=7.63394 0.000442986 5.24566e-05 1.88017e-08 5.85561e-09 4.09783e-09 7.00631e-09 4.13411e-09 3.62601e-09 4.46538e-11
threshold=417.8230181766765 0.2591840868629865 0.60702634850408665 0.0086053913621967019 0.09021221277759163 2.4029188178459351 2.141237364629021 0.0049213177150411484 1.4849253390213424 0.64856874954644161
decision_type=2 2 2 2 2 2 2 2 2 2
left_child=3 -2 -3 4 5 6 -1 8 -7 -8
right_child=1 2 -4 -5 -6 7 9 -9 -10 -11
leaf_value=-0.030044730538854543 0.030937869823470947 0.030731147855634494 0.030803032167578258 -0.030055717764596278 -0.030040414036514907 -0.030024529219979241 -0.03002385231532961 -0.030039309991508462 -0.030037827944899089 -0.03002589613769811
leaf_weight=0.025517603207844242 19.678619503974915 21.319376707077026 15.988030850887297 0.018417164334095903 0.022673702682368346 1.7749219451216047 0.024608102976344526 0.017523293499834725 0.018646205367986002 0.015796903346199542
leaf_count=22 21 27 19 13 19 2203 31 15 16 19
internal_value=0.0288413 0.0308227 0.030762 -0.0300256 -0.0300253 -0.0300251 -0.0300324 -0.0300248 -0.0300247 -0.0300247
internal_weight=58.9041 56.986 37.3074 1.9181 1.89969 1.87701 0.0659226 1.81109 1.79357 0.040405
internal_count=2405 67 46 2338 2325 2306 72 2234 2219 50
is_linear=0
shrinkage=0.03


Tree=122
num_leaves=10
num_cat=0
split_feature=72 95 46 31 3 96 8 8 24
split_gain=7.36041 0.000423055 0.000125333 1.00367e-08 5.71741e-09 3.66118e-09 4.16183e-09 6.1918e-09 3.33103e-09
threshold=0.24317340227985554 0.16958308728089785 44.500000000000007 0.28300008376908331 0.17235128475512304 0.0049213177150411484 2.3436534016118 2.141237364629021 1.4849253390213424
decision_type=2 2 2 2 2 2 2 2 2
left_child=3 -2 -3 4 5 6 7 -1 -8
right_child=1 2 -4 -5 -6 -7 8 -9 -10
leaf_value=-0.03004340747126328 0.030923420129818684 0.030680612468327723 0.030786327169731099 -0.030046215844619504 -0.030040900082623695 -0.030038146885809205 -0.030023770768196303 -0.030023146537950209 -0.030036709463975908
leaf_weight=0.02476451819529657 14.866590355522929 19.161617885576561 21.327913045883179 0.01929168018978078 0.018850662338081636 0.017006050678901263 1.7231888456735758 0.030044171959161758 0.018095790816005208
leaf_count=22 17 31 26 16 16 15 2207 39 16
internal_value=0.0288187 0.0307866 0.0307363 -0.0300247 -0.0300245 -0.0300243 -0.0300242 -0.0300323 -0.0300239
internal_weight=57.2074 55.3561 40.4895 1.85124 1.83195 1.8131 1.79609 0.0548087 1.74128
internal_count=2405 74 57 2331 2315 2299 2284 61 2223
is_linear=0
shrinkage=0.03


Tree=123
num_leaves=9
num_cat=0
split_feature=4 38 89 0 3 98 72 26
split_gain=7.18053 0.000369467 4.42354e-05 1.56801e-08 5.17873e-09 4.98902e-09 4.21372e-09 3.46992e-09
threshold=417.8230181766765 0.2591840868629865 0.69807272011918886 0.0086053913621967019 0.17235128475512304 0.09021221277759163 0.22478613708570025 0.0049213177150411484
decision_type=2 2 2 2 2 2 2 2
left_child=3 -2 -3 4 5 6 7 -1
right_child=1 2 -4 -5 -6 -7 -8 -9
leaf_value=-0.03002319621801168 0.030881919102177961 0.030687371293677827 0.030755341152480322 -0.030052470759791502 -0.030039690402122274 -0.03003805923832881 -0.030038627270435866 -0.030037017956146651
leaf_weight=1.7172560537001107 18.567619323730469 20.09971809387207 15.084923505783079 0.017346929700579383 0.018294266890734323 0.021355267381295451 0.016354328952729591 0.016504056635312625
leaf_count=2261 21 27 19 13 16 19 14 15
internal_value=0.0287962 0.0307736 0.0307165 -0.0300241 -0.0300238 -0.0300236 -0.0300235 -0.0300233
internal_weight=55.5594 53.7523 35.1846 1.80711 1.78976 1.77147 1.75011 1.73376
internal_count=2405 67 46 2338 2325 2309 2290 2276
is_linear=0
shrinkage=0.03


Tree=124
num_leaves=9
num_cat=0
split_feature=4 38 89 0 3 98 72 8
split_gain=6.96311 0.000337255 4.03866e-05 1.43309e-08 4.7326e-09 4.55903e-09 3.85102e-09 3.58293e-09
threshold=417.8230181766765 0.2591840868629865 0.69807272011918886 0.0086053913621967019 0.17235128475512304 0.09021221277759163 0.22478613708570025 2.3436534016118
decision_type=2 2 2 2 2 2 2 2
left_child=3 -2 -3 4 5 6 7 -1
right_child=1 2 -4 -5 -6 -7 -8 -9
leaf_value=-0.030030419158559044 0.030855210937771195 0.030666598413971947 0.0307325023311005 -0.030050918949808467 -0.030038515705210711 -0.030036932557589005 -0.030037484641417398 -0.030022391373243789
leaf_weight=0.051620486716273173 18.034225165843964 19.51869523525238 14.64981162548065 0.016835107002407201 0.01775427343090985 0.020724889473058172 0.015871580457314738 1.6309373562689868
leaf_count=61 21 27 19 13 16 19 14 2215
internal_value=0.0287749 0.0307503 0.0306949 -0.0300234 -0.0300231 -0.0300229 -0.0300228 -0.0300226
internal_weight=53.9565 52.2027 34.1685 1.75374 1.73691 1.71915 1.69843 1.68256
internal_count=2405 67 46 2338 2325 2309 2290 2276
is_linear=0
shrinkage=0.03


Tree=125
num_leaves=10
num_cat=0
split_feature=75 33 48 0 3 98 8 93 26
split_gain=6.62968 0.000375426 8.92804e-05 6.3471e-09 5.13114e-09 3.11777e-09 2.55956e-09 3.70418e-09 2.60676e-09
threshold=0.34207318301595363 0.41491357213015373 0.67383385406026075 0.0086053913621967019 0.17235128475512304 0.09021221277759163 2.3436534016118 0.67713420185167672 0.0049213177150411484
decision_type=2 2 2 2 2 2 2 2 2
left_child=3 -2 -3 4 5 6 7 -1 -8
right_child=1 2 -4 -5 -6 -7 8 -9 -10
leaf_value=-0.03002308672389762 0.030850030373148981 0.030644050904965692 0.03073784796412582 -0.030040175781753407 -0.030037580644877312 -0.030035073454503281 -0.030021619599793364 -0.030040483096482693 -0.030033214507822179
leaf_weight=0.03487123572267492 17.60754919052124 22.383222460746765 15.428516447544096 0.01803860516520206 0.019500470894854405 0.016502163372933754 1.5422106121550312 0.016102691239211708 0.017650247318670043
leaf_count=48 21 32 20 16 18 16 2164 15 18
internal_value=0.0289636 0.0307356 0.0306823 -0.0300225 -0.0300223 -0.0300221 -0.030022 -0.0300286 -0.0300218
internal_weight=57.0842 55.4193 37.8117 1.66488 1.64684 1.62734 1.61083 0.0509739 1.55986
internal_count=2368 73 52 2295 2279 2261 2245 63 2182
is_linear=0
shrinkage=0.03


Tree=126
num_leaves=9
num_cat=0
split_feature=72 33 48 3 98 72 26 4
split_gain=6.42917 0.00034283 8.14995e-05 4.57093e-09 2.76292e-09 2.67849e-09 2.26309e-09 1.3651e-09
threshold=0.6441844089355816 0.41491357213015373 0.67383385406026075 0.17235128475512304 0.09021221277759163 0.22478613708570025 0.0049213177150411484 362.70284810990762
decision_type=2 2 2 2 2 2 2 2
left_child=3 -2 -3 4 5 6 7 -1
right_child=1 2 -4 -5 -6 -7 -8 -9
leaf_value=-0.030021181640883896 0.030824343264553682 0.030624614005879871 0.030715554181736014 -0.030036468979070419 -0.030034036171437448 -0.030033661474138846 -0.030032231608610984 -0.030030571866980531
leaf_weight=1.5334111668635149 17.101192057132721 21.735276758670807 14.983238160610197 0.018924834672361501 0.016014995519071706 0.016165561974048503 0.017129155807196983 0.014061061083339044
leaf_count=2212 21 32 20 18 16 16 18 15
internal_value=0.0289432 0.0307134 0.0306617 -0.0300218 -0.0300216 -0.0300215 -0.0300214 -0.0300213
internal_weight=55.4354 53.8197 36.7185 1.61571 1.59678 1.58077 1.5646 1.54747
internal_count=2368 73 52 2295 2277 2261 2245 2227
is_linear=0
shrinkage=0.03


Tree=127
num_leaves=9
num_cat=0
split_feature=72 66 55 0 98 72 96 8
split_gain=6.23486 0.000292736 6.73268e-05 5.30066e-09 2.53002e-09 2.45323e-09 2.07345e-09 2.33557e-09
threshold=0.6441844089355816 0.72586455798830662 0.58088860153452904 0.0086053913621967019 0.09021221277759163 0.22478613708570025 0.0049213177150411484 2.2979912147016037
decision_type=2 2 2 2 2 2 2 2
left_child=3 2 -2 4 5 6 7 -1
right_child=1 -3 -4 -5 -6 -7 -8 -9
leaf_value=-0.030027898308077505 0.030606923588638622 0.030792809529301263 0.030691433395295595 -0.030037833878969751 -0.030033028633528944 -0.030032666030373203 -0.030031278792200567 -0.030020432932333394
leaf_weight=0.038713696820194765 20.482297360897064 17.298944056034088 14.48393255472183 0.01698972500162188 0.015542194189038017 0.015688309620600083 0.016623432340565958 1.4644312302698379
leaf_count=50 31 22 20 16 16 16 18 2179
internal_value=0.0289235 0.0306919 0.0306419 -0.0300212 -0.030021 -0.0300209 -0.0300207 -0.0300206
internal_weight=53.8332 52.2652 34.9662 1.56799 1.551 1.53546 1.51977 1.50314
internal_count=2368 73 51 2295 2279 2263 2247 2229
is_linear=0
shrinkage=0.03


Tree=128
num_leaves=11
num_cat=0
split_feature=75 33 48 0 3 8 93 26 4 9
split_gain=6.04655 0.000286114 6.80073e-05 4.84492e-09 3.91662e-09 1.87616e-09 2.82792e-09 1.94133e-09 1.6702e-09 1.87667e-10
threshold=0.34207318301595363 0.41491357213015373 0.67383385406026075 0.0086053913621967019 0.17235128475512304 2.3436534016118 0.67713420185167672 0.0049213177150411484 362.70284810990762 0.59766779618106836
decision_type=2 2 2 2 2 2 2 2 2 2
left_child=3 -2 -3 4 5 6 9 8 -7 -1
right_child=1 2 -4 -5 -6 7 -8 -9 -10 -11
leaf_value=-0.03001922921032232 0.030775355733659155 0.030587471864812251 0.030673019447161713 -0.030036715057445668 -0.030034343350939342 -0.030019779864320872 -0.03003699773788945 -0.030030353368361962 -0.030029665819250144 -0.030023933227413802
leaf_weight=0.019203595817088082 16.131764233112335 20.492495179176331 14.130226016044615 0.016488207736983784 0.017824246664531418 1.4090926577919161 0.014718832797370851 0.016132625169120618 0.015550346113741287 0.012668272480368614
leaf_count=30 21 32 20 16 18 2163 15 18 17 18
internal_value=0.0289044 0.030671 0.0306224 -0.0300205 -0.0300204 -0.0300202 -0.0300261 -0.03002 -0.0300199 -0.0300211
internal_weight=52.2762 50.7545 34.6227 1.52168 1.50519 1.48737 0.0465907 1.44078 1.42464 0.0318719
internal_count=2368 73 52 2295 2279 2261 63 2198 2180 48
is_linear=0
shrinkage=0.03


Tree=129
num_leaves=9
num_cat=0
split_feature=72 66 48 0 3 98 72 8
split_gain=5.86404 0.00024431 6.27192e-05 4.42799e-09 3.58001e-09 2.17514e-09 2.11094e-09 1.98555e-09
threshold=0.6441844089355816 0.72586455798830662 0.67383385406026075 0.0086053913621967019 0.17235128475512304 0.09021221277759163 0.22478613708570025 2.2979912147016037
decision_type=2 2 2 2 2 2 2 2
left_child=3 2 -2 4 5 6 7 -1
right_child=1 -3 -4 -5 -6 -7 -8 -9
leaf_value=-0.030026272885475831 0.03056885338919723 0.030745725047691855 0.030652794970902366 -0.030035628856838758 -0.030033328105600839 -0.03003110426925544 -0.030030761278381175 -0.030019180056810379
leaf_weight=0.036461155919822796 19.245941698551178 16.317214965820312 13.723313689231871 0.016001477546524145 0.017298036662395933 0.01463819050695736 0.014775748830288538 1.3775612143217584
leaf_count=50 31 22 20 16 18 16 16 2179
internal_value=0.0288858 0.0306508 0.0306038 -0.0300199 -0.0300198 -0.0300196 -0.0300195 -0.0300194
internal_weight=50.7632 49.2865 32.9693 1.47674 1.46073 1.44344 1.4288 1.41402
internal_count=2368 73 51 2295 2279 2261 2245 2229
is_linear=0
shrinkage=0.03


Tree=130
num_leaves=9
num_cat=0
split_feature=31 38 56 0 72 98 75 3
split_gain=5.72242 0.000273465 0.000151434 3.00459e-09 2.84185e-09 2.43641e-09 2.05138e-09 1.542e-09
threshold=0.30159733179475062 0.21939222576074499 0.24379474242519336 0.0086053913621967019 0.22478613708570025 0.09021221277759163 0.037635033422750992 0.16729807733394611
decision_type=2 2 2 2 2 2 2 2
left_child=3 -2 -3 4 5 6 7 -1
right_child=1 2 -4 -5 -6 -7 -8 -9
leaf_value=-0.03001858504422094 0.030747548157147784 0.030685448939738128 0.030550809629840935 -0.030032453056851371 -0.03003183186354734 -0.030030789181231733 -0.030029489902712345 -0.030028389934825879
leaf_weight=1.3624411619384762 17.826371733215638 11.993042647838591 20.150533224106766 0.01529526337981213 0.015570049174129852 0.015458032954484113 0.016009705781470873 0.014590371109079459
leaf_count=2225 25 17 36 17 16 17 18 18
internal_value=0.0289546 0.0306533 0.030601 -0.0300192 -0.0300191 -0.0300189 -0.0300188 -0.0300187
internal_weight=51.4093 49.9699 32.1436 1.43936 1.42407 1.4085 1.39304 1.37703
internal_count=2389 78 53 2311 2294 2278 2261 2243
is_linear=0
shrinkage=0.03


Tree=131
num_leaves=9
num_cat=0
split_feature=31 38 56 0 72 98 75 3
split_gain=5.5497 0.000250512 0.000140184 2.74603e-09 2.59691e-09 2.22666e-09 1.87482e-09 1.40932e-09
threshold=0.30159733179475062 0.21939222576074499 0.24379474242519336 0.0086053913621967019 0.22478613708570025 0.09021221277759163 0.037635033422750992 0.16729807733394611
decision_type=2 2 2 2 2 2 2 2
left_child=3 -2 -3 4 5 6 7 -1
right_child=1 2 -4 -5 -6 -7 -8 -9
leaf_value=-0.030018035116970408 0.030724670327065915 0.030664786413165813 0.030533328306381842 -0.030031493149254462 -0.030030889405471845 -0.030029878243478778 -0.030028617526101982 -0.030027550239984078
leaf_weight=1.322198791487607 17.312209844356403 11.646318554878237 19.566021847422235 0.014843687182292231 0.015110351378098019 0.015001627267338224 0.015536992112174519 0.014159550424665102
leaf_count=2225 25 17 36 17 16 17 18 18
internal_value=0.028936 0.0306331 0.0305824 -0.0300187 -0.0300185 -0.0300184 -0.0300183 -0.0300181
internal_weight=49.9214 48.5246 31.2123 1.39685 1.38201 1.3669 1.3519 1.33636
internal_count=2389 78 53 2311 2294 2278 2261 2243
is_linear=0
shrinkage=0.03


Tree=132
num_leaves=9
num_cat=0
split_feature=31 38 56 0 72 75 96 3
split_gain=5.3823 0.000229559 0.00012993 2.50979e-09 2.37364e-09 1.67116e-09 1.25342e-09 1.27682e-09
threshold=0.30159733179475062 0.21939222576074499 0.24379474242519336 0.0086053913621967019 0.22478613708570025 0.037635033422750992 0.0049213177150411484 0.16729807733394611
decision_type=2 2 2 2 2 2 2 2
left_child=3 -2 -3 4 5 6 7 -1
right_child=1 2 -4 -5 -6 -7 -8 -9
leaf_value=-0.03001754192625207 0.030702474312955887 0.030644759256558286 0.030516326521274374 -0.030030562170542719 -0.030029976630460805 -0.030027770873809329 -0.030027608496968568 -0.0300267353578373
leaf_weight=1.2862528943223868 16.812519459170289 11.309392571449282 18.998177894740365 0.014405430061742552 0.014664212299976387 0.015078223252203204 0.011450160876847693 0.013741439732257166
leaf_count=2228 25 17 36 17 16 18 14 18
internal_value=0.028918 0.0306136 0.0305643 -0.0300181 -0.030018 -0.0300178 -0.0300177 -0.0300176
internal_weight=48.4757 47.1201 30.3076 1.35559 1.34119 1.32652 1.31144 1.29999
internal_count=2389 78 53 2311 2294 2278 2260 2246
is_linear=0
shrinkage=0.03


Tree=133
num_leaves=9
num_cat=0
split_feature=31 38 56 0 72 98 75 3
split_gain=5.22004 0.000210429 0.000120586 2.29393e-09 2.16902e-09 1.85996e-09 1.56593e-09 1.17727e-09
threshold=0.30159733179475062 0.21939222576074499 0.24379474242519336 0.0086053913621967019 0.22478613708570025 0.09021221277759163 0.037635033422750992 0.16729807733394611
decision_type=2 2 2 2 2 2 2 2
left_child=3 -2 -3 4 5 6 7 -1
right_child=1 2 -4 -5 -6 -7 -8 -9
leaf_value=-0.030016983867242292 0.030680936591547008 0.030625346863763229 0.030499785534275046 -0.030029658465731437 -0.030029088955759713 -0.030028137238827839 -0.030026949575183162 -0.030025945049859965
leaf_weight=1.2452426866511803 16.326915145851672 10.982001423835756 18.446545066311955 0.013980099523905554 0.014231233450118341 0.01412896899273608 0.014632988662924507 0.013335664698388316
leaf_count=2225 25 17 36 17 16 17 18 18
internal_value=0.0289006 0.0305946 0.0305466 -0.0300176 -0.0300174 -0.0300173 -0.0300172 -0.0300171
internal_weight=47.071 45.7555 29.4285 1.31555 1.30157 1.28734 1.27321 1.25858
internal_count=2389 78 53 2311 2294 2278 2261 2243
is_linear=0
shrinkage=0.03


Tree=134
num_leaves=9
num_cat=0
split_feature=31 38 56 0 75 96 24 4
split_gain=5.06276 0.000192966 0.000112076 2.09644e-09 1.35867e-09 1.01847e-09 9.49704e-10 5.75951e-10
threshold=0.30159733179475062 0.21939222576074499 0.24379474242519336 0.0086053913621967019 0.037635033422750992 0.0049213177150411484 1.4849253390213424 360.91319721741928
decision_type=2 2 2 2 2 2 2 2
left_child=3 -2 -3 4 5 6 7 -1
right_child=1 2 -4 -5 -6 -7 -8 -9
leaf_value=-0.030016592982859053 0.030660034966208609 0.030606529701680516 0.030483686008716131 -0.03002878116777135 -0.03002615233402682 -0.030025999870984577 -0.030025266911539207 -0.030023022578105813
leaf_weight=1.2138248340925191 15.855020414222961 10.66388773918152 17.91067898622714 0.01356731547275547 0.014200889796484151 0.010784030135255196 0.011646088212728389 0.012669822433963307
leaf_count=2229 25 17 36 17 18 14 15 18
internal_value=0.0288836 0.0305761 0.0305295 -0.0300171 -0.0300169 -0.0300168 -0.0300167 -0.0300167
internal_weight=45.7063 44.4296 28.5746 1.27669 1.26313 1.24892 1.23814 1.22649
internal_count=2389 78 53 2311 2294 2276 2262 2247
is_linear=0
shrinkage=0.03


Tree=135
num_leaves=9
num_cat=0
split_feature=75 33 86 31 3 0 26 8
split_gain=4.92292 0.00022752 3.36238e-05 1.64967e-08 2.62111e-09 2.04204e-09 1.52114e-09 1.5323e-09
threshold=0.044266990499645449 0.58171581064943245 0.54333523604645839 0.30159733179475062 0.17235128475512304 0.0086053913621967019 0.0049213177150411484 2.2979912147016037
decision_type=2 2 2 2 2 2 2 2
left_child=3 -2 -3 4 5 6 7 -1
right_child=1 2 -4 -5 -6 -7 -8 -9
leaf_value=-0.030022532362017844 0.030630773170315359 0.03045302012724576 0.030527787172899664 -0.030053893093964296 -0.030029248338061025 -0.030028436085829589 -0.030025922711282411 -0.030016017511616835
leaf_weight=0.033430324576328441 19.724516870221123 10.965331081068145 10.691671341657637 0.010765995364636072 0.014561160292941966 0.012647662020753958 0.014661609428003319 1.1577431582263669
leaf_count=54 32 25 19 7 17 16 19 2193
internal_value=0.0287895 0.0305571 0.0304899 -0.0300169 -0.0300166 -0.0300164 -0.0300163 -0.0300162
internal_weight=42.6253 41.3815 21.657 1.24381 1.23304 1.21848 1.20584 1.19117
internal_count=2382 76 44 2306 2299 2282 2266 2247
is_linear=0
shrinkage=0.03


Tree=136
num_leaves=9
num_cat=0
split_feature=75 33 3 31 3 0 26 8
split_gain=4.77475 0.000210061 3.18327e-05 1.50762e-08 2.39535e-09 1.86655e-09 1.39005e-09 1.40074e-09
threshold=0.044266990499645449 0.58171581064943245 0.79017450331951355 0.30159733179475062 0.17235128475512304 0.0086053913621967019 0.0049213177150411484 2.2979912147016037
decision_type=2 2 2 2 2 2 2 2
left_child=3 -2 -3 4 5 6 7 -1
right_child=1 2 -4 -5 -6 -7 -8 -9
leaf_value=-0.03002186664126532 0.030611528866002317 0.030433972663325433 0.030508067865038131 -0.03005229819118509 -0.030028382879138362 -0.030027595915868861 -0.030025155456181372 -0.030015543677496141
leaf_weight=0.032443018048069372 19.153421254246496 9.6136579575249943 11.413974344730375 0.010448358254507073 0.014131214178632834 0.012274205626454093 0.014228651532903203 1.1235441443859597
leaf_count=54 32 23 21 7 17 16 19 2193
internal_value=0.0287736 0.0305397 0.0304742 -0.0300164 -0.0300161 -0.030016 -0.0300158 -0.0300157
internal_weight=41.3881 40.1811 21.0276 1.20707 1.19662 1.18249 1.17022 1.15599
internal_count=2382 76 44 2306 2299 2282 2266 2247
is_linear=0
shrinkage=0.03


Tree=137
num_leaves=10
num_cat=0
split_feature=75 33 86 0 3 26 8 8 98
split_gain=4.63112 0.000194132 3.14527e-05 8.47748e-09 2.18378e-09 1.23319e-09 1.22231e-09 2.0132e-09 1.15793e-09
threshold=0.044266990499645449 0.58171581064943245 0.54333523604645839 0.0086053913621967019 0.17235128475512304 0.0049213177150411484 2.2979912147016037 2.07399235302 0.09021221277759163
decision_type=2 2 2 2 2 2 2 2 2
left_child=3 -2 -3 4 5 6 7 -1 -8
right_child=1 2 -4 -5 -6 -7 8 -9 -10
leaf_value=-0.030030051088692545 0.030592854706411567 0.03042209998149786 0.030496577696065296 -0.030038498967233093 -0.030027544155307714 -0.030024412117607664 -0.030015126837589168 -0.030014703565251936 -0.03002489739861167
leaf_weight=0.013368604733840495 18.598527073278092 10.336847350350583 10.079435497522352 0.014793322014156618 0.013713951047975459 0.013808468298520782 1.0865860048215834 0.018116244988050312 0.011027366155758389
leaf_count=17 32 25 19 17 17 19 2184 37 15
internal_value=0.0287581 0.0305227 0.0304589 -0.0300159 -0.0300156 -0.0300155 -0.0300154 -0.0300212 -0.0300152
internal_weight=40.1862 39.0148 20.4163 1.17141 1.15662 1.14291 1.1291 0.0314848 1.09761
internal_count=2382 76 44 2306 2289 2272 2253 54 2199
is_linear=0
shrinkage=0.03


Tree=138
num_leaves=9
num_cat=0
split_feature=24 38 12 31 0 26 98 8
split_gain=4.49308 0.000166138 5.14668e-05 1.25646e-08 1.50863e-09 1.11389e-09 1.00993e-09 1.13233e-09
threshold=1.5359167475247728 0.21939222576074499 11.500000000000002 0.30159733179475062 0.0086053913621967019 0.0049213177150411484 0.09021221277759163 2.2979912147016037
decision_type=2 2 2 2 2 2 2 2
left_child=3 -2 -3 4 5 6 7 -1
right_child=1 2 -4 -5 -6 -7 -8 -9
leaf_value=-0.030020592393734703 0.030585460437085973 0.030409554756292409 0.030499157727992846 -0.03004925029273723 -0.030025986678278011 -0.030023690178385593 -0.030024159619481863 -0.030014734633886788
leaf_weight=0.030554960889275118 14.745853571454061 10.986510694376195 12.14919328689575 0.0098411609651519738 0.01155988621758286 0.013400683499639743 0.010701716877519973 1.0610462129698133
leaf_count=54 26 28 23 7 16 19 15 2194
internal_value=0.028743 0.0305068 0.0304566 -0.0300155 -0.0300152 -0.0300151 -0.030015 -0.0300149
internal_weight=39.0187 37.8816 23.1357 1.1371 1.12726 1.1157 1.1023 1.0916
internal_count=2382 77 51 2305 2298 2282 2263 2248
is_linear=0
shrinkage=0.03


Tree=139
num_leaves=9
num_cat=0
split_feature=75 33 86 31 3 0 26 8
split_gain=4.35817 0.000164847 2.85547e-05 1.15009e-08 1.82476e-09 1.42123e-09 1.05806e-09 1.06453e-09
threshold=0.044266990499645449 0.58171581064943245 0.54333523604645839 0.30159733179475062 0.17235128475512304 0.0086053913621967019 0.0049213177150411484 2.2979912147016037
decision_type=2 2 2 2 2 2 2 2
left_child=3 -2 -3 4 5 6 7 -1
right_child=1 2 -4 -5 -6 -7 -8 -9
leaf_value=-0.030019983712170299 0.030557385958073353 0.030394139056853241 0.03046723083722748 -0.030047793856250643 -0.030025939112788416 -0.030025218209991371 -0.030022989325796549 -0.030014218062800149
leaf_weight=0.029652517550856738 17.536218756809831 9.7431602820288408 9.5015346109867078 0.0095507666701449834 0.012916147272335254 0.011218522646231466 0.013004932407056802 1.0272034911322405
leaf_count=54 32 25 19 7 17 16 19 2193
internal_value=0.0287284 0.0304909 0.0304302 -0.030015 -0.0300147 -0.0300146 -0.0300145 -0.0300144
internal_weight=37.8845 36.7809 19.2447 1.10355 1.094 1.08108 1.06986 1.05686
internal_count=2382 76 44 2306 2299 2282 2266 2247
is_linear=0
shrinkage=0.03


Tree=140
num_leaves=8
num_cat=0
split_feature=72 33 31 75 0 72 98
split_gain=4.27798 8.39825e-05 1.04436e-08 2.03258e-09 1.65488e-09 1.05443e-09 9.84236e-10
threshold=0.6441844089355816 0.61126203178784544 0.30159733179475062 0.037635033422750992 0.0086053913621967019 0.22478613708570025 0.09021221277759163
decision_type=2 2 2 2 2 2 2
left_child=2 -2 3 4 5 6 -1
right_child=1 -3 -4 -5 -6 -7 -8
leaf_value=-0.030013958218372258 0.030521607740369078 0.030429432494901525 -0.030046390722384894 -0.030027051157321114 -0.030025599311565624 -0.030022844215247004 -0.030022801256744731
leaf_weight=1.0283061049703963 17.46316185593605 18.134154289960861 0.0092738830717279397 0.011341099976561853 0.011505167261930072 0.012433285359293111 0.011453793849795946
leaf_count=2253 33 39 7 15 16 18 17
internal_value=0.0286866 0.0304747 -0.0300147 -0.0300144 -0.0300143 -0.0300142 -0.0300141
internal_weight=36.6816 35.5973 1.08431 1.07504 1.0637 1.05219 1.03976
internal_count=2398 72 2326 2319 2304 2288 2270
is_linear=0
shrinkage=0.03


Tree=141
num_leaves=9
num_cat=0
split_feature=3 38 57 31 75 0 98 8
split_gain=4.13006 0.000154235 3.70258e-05 9.58734e-09 1.87909e-09 1.53224e-09 8.93457e-10 9.70742e-10
threshold=0.17850401716788752 0.1954354259495307 0.18543994712682668 0.30159733179475062 0.037635033422750992 0.0086053913621967019 0.09021221277759163 2.2979912147016037
decision_type=2 2 2 2 2 2 2 2
left_child=3 -2 -3 4 5 6 7 -1
right_child=1 2 -4 -5 -6 -7 -8 -9
leaf_value=-0.030018960817246421 0.030541843930550216 0.030460480764131093 0.030380154514828801 -0.030045018728082833 -0.030026251733838757 -0.030024842538037361 -0.030022126970367682 -0.030013413332745629
leaf_weight=0.029239846247945733 11.48398544260999 7.8011526763439205 15.280818091472609 0.0090002033393828951 0.011006208660546579 0.011165415431605541 0.011115528905065619 0.97593703918391839
leaf_count=56 22 16 39 7 15 16 17 2210
internal_value=0.0286736 0.030452 0.0304073 -0.0300142 -0.0300139 -0.0300138 -0.0300137 -0.0300136
internal_weight=35.6134 34.566 23.082 1.04746 1.03846 1.02746 1.01629 1.00518
internal_count=2398 77 55 2321 2314 2299 2283 2266
is_linear=0
shrinkage=0.03


Tree=142
num_leaves=9
num_cat=0
split_feature=72 38 57 31 75 0 72 3
split_gain=4.02634 0.000130552 1.64411e-05 8.71493e-09 1.69398e-09 1.37885e-09 8.77816e-10 8.25816e-10
threshold=0.6441844089355816 0.1954354259495307 0.31386807951022094 0.30159733179475062 0.037635033422750992 0.0086053913621967019 0.22478613708570025 0.17235128475512304
decision_type=2 2 2 2 2 2 2 2
left_child=3 -2 -3 4 5 6 7 -1
right_child=1 2 -4 -5 -6 -7 -8 -9
leaf_value=-0.030013167376225031 0.030530529294953153 0.0304354702150447 0.03038329693584433 -0.030043685990629034 -0.030025474847798137 -0.030024107801426017 -0.030021513006734783 -0.030022412559638303
leaf_weight=0.97075184620916732 11.149597674608229 9.277797073125841 13.127545893192289 0.0087345886277033769 0.010681198153179028 0.010835688706720248 0.011709833837812766 0.0087740949238650501
leaf_count=2256 21 20 31 7 15 16 18 14
internal_value=0.0286605 0.0304466 0.0304049 -0.0300138 -0.0300136 -0.0300135 -0.0300133 -0.0300133
internal_weight=34.5764 33.5549 22.4053 1.02149 1.01275 1.00207 0.991236 0.979526
internal_count=2398 72 51 2326 2319 2304 2288 2270
is_linear=0
shrinkage=0.03


Tree=143
num_leaves=10
num_cat=0
split_feature=72 38 57 75 39 3 72 98 24
split_gain=3.90566 0.000119237 1.50167e-05 1.48171e-09 9.219e-10 2.08648e-09 7.57847e-10 7.07401e-10 4.90618e-10
threshold=0.6441844089355816 0.1954354259495307 0.31386807951022094 0.037635033422750992 0.97931615159926666 0.066818411254243912 0.22478613708570025 0.09021221277759163 1.4849253390213424
decision_type=2 2 2 2 2 2 2 2 2
left_child=3 -2 -3 4 6 -6 7 8 -1
right_child=1 2 -4 -5 5 -7 -8 -9 -10
leaf_value=-0.030012922903197434 0.030514628079786024 0.030422431616514041 0.03037182608443259 -0.030024721492516972 -0.030012326604009702 -0.03003083642323124 -0.03002087647891858 -0.030020838013983583 -0.030019445040266688
leaf_weight=0.9251234949042545 10.825630486011503 9.0073973536491412 12.744307130575178 0.010365777096012607 0.014779469289351255 0.0087115773058030754 0.011363993224222213 0.010468740510987118 0.010498012037714943
leaf_count=2207 21 20 31 15 36 15 18 17 18
internal_value=0.0286482 0.0304333 0.0303928 -0.0300134 -0.0300133 -0.0300192 -0.0300132 -0.0300131 -0.030013
internal_weight=33.5686 32.5773 21.7517 0.991311 0.980945 0.023491 0.957454 0.94609 0.935622
internal_count=2398 72 51 2326 2311 51 2260 2242 2225
is_linear=0
shrinkage=0.03


Tree=144
num_leaves=9
num_cat=0
split_feature=3 38 12 31 0 98 26 6
split_gain=3.76966 0.000118936 2.28213e-05 7.31835e-09 1.14165e-09 6.60338e-10 4.59306e-10 1.17797e-10
threshold=0.17850401716788752 0.1954354259495307 11.500000000000002 0.30159733179475062 0.0086053913621967019 0.09021221277759163 0.0049213177150411484 0.93710649013678637
decision_type=2 2 2 2 2 2 2 2
left_child=3 -2 -3 4 5 6 7 -1
right_child=1 2 -4 -5 -6 -7 -8 -9
leaf_value=-0.030012380004268129 0.030493823314653383 0.030339788386990047 0.030402170851757823 -0.03004114081351645 -0.03002270326772687 -0.030020221674087376 -0.030019062861519986 -0.030013845350680454
leaf_weight=0.86681027381564391 10.511851124872921 10.781072740210222 10.339555829763411 0.0082268124679103494 0.010205244267126545 0.01015954787726514 0.009590593253960833 0.052356054948177189
leaf_count=2141 22 31 24 7 16 17 17 123
internal_value=0.0286364 0.0304114 0.0303703 -0.030013 -0.0300127 -0.0300126 -0.0300125 -0.0300125
internal_weight=32.5898 31.6325 21.1206 0.957349 0.949122 0.938916 0.928757 0.919166
internal_count=2398 77 55 2321 2314 2298 2281 2264
is_linear=0
shrinkage=0.03


Tree=145
num_leaves=9
num_cat=0
split_feature=26 82 8 75 0 31 98 8
split_gain=3.64899 7.88432e-05 2.61272e-05 2.52309e-09 1.04345e-09 1.01371e-09 6.49764e-10 3.58264e-10
threshold=0.0062325620946786829 0.60363866951722123 0.66401466542728171 0.044266990499645449 0.0086053913621967019 0.28300008376908331 0.09021221277759163 2.2979912147016037
decision_type=2 2 2 2 2 2 2 2
left_child=3 2 -2 4 5 6 7 -1
right_child=1 -3 -4 -5 -6 -7 -8 -9
leaf_value=-0.030015844488177477 0.030403220411624538 0.030471322497957198 0.030334539707698262 -0.03002868270034164 -0.030022031418379589 -0.030022159406541557 -0.03001995386699079 -0.030011959974690878
leaf_weight=0.021908976545090719 11.950625211000444 12.027100062288808 8.5525761463795771 0.0085885963053442538 0.0099037670879624784 0.0091795755724888295 0.0094747645489405841 0.86604984480072744
leaf_count=49 28 27 25 9 16 15 16 2208
internal_value=0.0287395 0.0304103 0.0303746 -0.0300125 -0.0300123 -0.0300122 -0.0300121 -0.0300121
internal_weight=33.4554 32.5303 20.5032 0.925106 0.916517 0.906613 0.897434 0.887959
internal_count=2393 80 53 2313 2304 2288 2273 2257
is_linear=0
shrinkage=0.03


Tree=146
num_leaves=9
num_cat=0
split_feature=26 82 28 75 3 0 72 24
split_gain=3.53967 7.18813e-05 2.67148e-05 2.30603e-09 1.57983e-09 9.81573e-10 6.28913e-10 3.32037e-10
threshold=0.0062325620946786829 0.60363866951722123 0.70467406108338981 0.044266990499645449 0.17235128475512304 0.0086053913621967019 0.22478613708570025 1.4849253390213424
decision_type=2 2 2 2 2 2 2 2
left_child=3 2 -2 4 5 6 7 -1
right_child=1 -3 -4 -5 -6 -7 -8 -9
leaf_value=-0.030011591285290726 0.030337262519041334 0.030456501486815762 0.030410146464670825 -0.030027834725512952 -0.030023767887745013 -0.030021380217552254 -0.030019078217373388 -0.030017427518016244
leaf_weight=0.85046010979567555 12.945436192851053 11.677239611046387 6.9594369510305105 0.0083349968190304935 0.010118086036527529 0.0096112720493692905 0.010386187204858288 0.0088647562370169908
leaf_count=2238 36 27 17 9 15 16 18 17
internal_value=0.0287276 0.0303974 0.0303627 -0.0300121 -0.030012 -0.0300118 -0.0300117 -0.0300117
internal_weight=32.4799 31.5821 19.9049 0.897775 0.88944 0.879322 0.869711 0.859325
internal_count=2393 80 53 2313 2304 2289 2273 2255
is_linear=0
shrinkage=0.03


Tree=147
num_leaves=9
num_cat=0
split_feature=26 19 33 75 3 31 72 98
split_gain=3.43366 6.47613e-05 7.30052e-05 2.10736e-09 1.44372e-09 8.52759e-10 5.7375e-10 5.60428e-10
threshold=0.0062325620946786829 0.62234469765965628 0.58171581064943245 0.044266990499645449 0.17235128475512304 0.28300008376908331 0.22478613708570025 0.09021221277759163
decision_type=2 2 2 2 2 2 2 2
left_child=3 2 -2 4 5 6 7 -1
right_child=1 -3 -4 -5 -6 -7 -8 -9
leaf_value=-0.03001123276342264 0.030463915348518729 0.030320995306790118 0.030350872537482938 -0.030027011162347635 -0.030023064733244263 -0.030020869540870639 -0.030018514227815086 -0.030018791515461343
leaf_weight=0.82569596180110494 11.788284580747137 9.7535613366635499 9.1193733513355237 0.0080888789379969239 0.0098192778241354972 0.0086454502597916871 0.010079415602376685 0.0089234068873338401
leaf_count=2240 26 30 24 9 15 15 18 16
internal_value=0.0287161 0.0303848 0.0304146 -0.0300118 -0.0300116 -0.0300115 -0.0300114 -0.0300113
internal_weight=31.5325 30.6612 20.9077 0.871252 0.863164 0.853344 0.844699 0.834619
internal_count=2393 80 50 2313 2304 2289 2274 2256
is_linear=0
shrinkage=0.03


Tree=148
num_leaves=9
num_cat=0
split_feature=26 19 82 75 3 0 31 72
split_gain=3.33087 6.13288e-05 8.62622e-05 1.92571e-09 1.31929e-09 8.19734e-10 7.96271e-10 5.39666e-10
threshold=0.0062325620946786829 0.62234469765965628 0.58843278304929914 0.044266990499645449 0.17235128475512304 0.0086053913621967019 0.28300008376908331 0.22478613708570025
decision_type=2 2 2 2 2 2 2 2
left_child=3 2 -2 4 5 6 7 -1
right_child=1 -3 -4 -5 -6 -7 -8 -9
leaf_value=-0.030010876450559307 0.03035587988022426 0.030309536200060497 0.03048493589558289 -0.030026212281594054 -0.03002238291601592 -0.030020134765486234 -0.030020251736960074 -0.030017965903928918
leaf_weight=0.80090950659360061 13.045126327488111 9.4688246055738983 7.2529089152812949 0.0078500221716240048 0.0095292875193990767 0.0090520110097713768 0.0083901086763944477 0.0097816997149493545
leaf_count=2240 35 30 15 9 15 16 15 18
internal_value=0.0287048 0.0303726 0.030402 -0.0300114 -0.0300113 -0.0300112 -0.0300111 -0.030011
internal_weight=30.6124 29.7669 20.298 0.845513 0.837663 0.828133 0.819081 0.810691
internal_count=2393 80 50 2313 2304 2289 2273 2258
is_linear=0
shrinkage=0.03


Tree=149
num_leaves=9
num_cat=0
split_feature=26 19 82 75 3 0 31 72
split_gain=3.23118 5.82326e-05 7.92272e-05 1.75991e-09 1.20574e-09 7.49094e-10 7.27715e-10 4.93313e-10
threshold=0.0062325620946786829 0.62234469765965628 0.58843278304929914 0.044266990499645449 0.17235128475512304 0.0086053913621967019 0.28300008376908331 0.22478613708570025
decision_type=2 2 2 2 2 2 2 2
left_child=3 2 -2 4 5 6 7 -1
right_child=1 -3 -4 -5 -6 -7 -8 -9
leaf_value=-0.030010555055774928 0.030344890964876636 0.03029830811146754 0.030470414892654604 -0.03002543721439118 -0.030021721339317461 -0.030019539160374475 -0.030019653039289686 -0.030017435584434857
leaf_weight=0.77724725592998112 12.664099913614342 9.1923326106625591 7.0418567657470694 0.0076182126649655393 0.0092478552542161196 0.0087846552487462759 0.0081423034134786576 0.0094927720492705703
leaf_count=2240 35 30 15 9 15 16 15 18
internal_value=0.0286938 0.0303607 0.0303897 -0.0300111 -0.030011 -0.0300108 -0.0300107 -0.0300106
internal_weight=29.7188 28.8983 19.706 0.820533 0.812915 0.803667 0.794882 0.78674
internal_count=2393 80 50 2313 2304 2289 2273 2258
is_linear=0
shrinkage=0.03


Tree=150
num_leaves=9
num_cat=0
split_feature=98 53 66 0 26 75 98 72
split_gain=3.14252 4.48941e-05 3.41364e-05 2.77769e-09 1.25718e-09 1.0428e-09 4.2668e-10 3.81745e-10
threshold=0.49547123526058423 0.75142694992228776 0.63747735197771194 0.0086053913621967019 0.0049213177150411484 0.037635033422750992 0.09021221277759163 0.22478613708570025
decision_type=2 2 2 2 2 2 2 2
left_child=3 2 -2 4 5 6 7 -1
right_child=1 -3 -4 -5 -6 -7 -8 -9
leaf_value=-0.030010365631176473 0.030314866853748092 0.030433644819197414 0.030398664288048563 -0.030027200738650443 -0.030021705290684746 -0.0300208416799322 -0.030017480137885449 -0.030016598392651379
leaf_weight=0.75516977376537653 11.688458532094961 7.3760443627834311 6.9927131235599509 0.0093565525021404028 0.0093305188347585499 0.0088935756648425013 0.0078241567825898528 0.0089489268430043012
leaf_count=2233 34 17 17 15 16 15 15 18
internal_value=0.0285734 0.030371 0.0303462 -0.030011 -0.0300108 -0.0300106 -0.0300105 -0.0300104
internal_weight=26.8567 26.0572 18.6812 0.799524 0.790167 0.780836 0.771943 0.764119
internal_count=2380 68 51 2312 2297 2281 2266 2251
is_linear=0
shrinkage=0.03


Tree=151
num_leaves=10
num_cat=0
split_feature=3 71 47 26 75 74 53 72 24
split_gain=3.02897 5.78612e-05 5.41676e-05 1.12685e-09 9.33221e-10 5.14116e-10 7.1227e-10 3.41306e-10 2.37312e-10
threshold=0.17850401716788752 0.79177016268270262 0.72877990137568471 0.0049213177150411484 0.037635033422750992 0.98289340454539265 0.71952354021312526 0.22478613708570025 1.4849253390213424
decision_type=2 2 2 2 2 2 2 2 2
left_child=3 2 -2 4 5 7 -7 8 -1
right_child=1 -3 -4 -5 -6 6 -8 -9 -10
leaf_value=-0.030010065471644184 0.030275709158452069 0.030415539726346544 0.030384501130920942 -0.030021062673140701 -0.030020225613705875 -0.030009698402055845 -0.030023030708336142 -0.030016106998242365 -0.030015083662310597
leaf_weight=0.72161999388481746 10.665636486432055 7.9248977303504935 6.7104974985122672 0.0090549511078279465 0.0086309053294826299 0.0077536376193165779 0.006742567551555112 0.008684586122399196 0.0085822912224102765
leaf_count=2198 38 19 17 16 15 24 16 18 19
internal_value=0.0285633 0.0303484 0.0303177 -0.0300105 -0.0300104 -0.0300103 -0.0300159 -0.0300102 -0.0300101
internal_weight=26.0721 25.301 17.3761 0.771069 0.762014 0.753383 0.0144962 0.738887 0.730202
internal_count=2380 74 55 2306 2290 2275 40 2235 2217
is_linear=0
shrinkage=0.03


Tree=152
num_leaves=9
num_cat=0
split_feature=98 53 29 31 26 3 75 98
split_gain=2.95854 3.74725e-05 2.78707e-05 2.42512e-09 1.04563e-09 8.74622e-10 9.23205e-10 3.65216e-10
threshold=0.49547123526058423 0.75142694992228776 0.47278135918100539 0.28300008376908331 0.0049213177150411484 0.17235128475512304 0.037635033422750992 0.09021221277759163
decision_type=2 2 2 2 2 2 2 2
left_child=3 2 -2 4 5 6 7 -1
right_child=1 -3 -4 -5 -6 -7 -8 -9
leaf_value=-0.030009748498578275 0.030287184702423461 0.030408124119262681 0.03036270087435863 -0.03002687555437791 -0.030020440140899732 -0.030020691157040549 -0.030020024464151269 -0.030016461643156418
leaf_weight=0.71430116059491666 8.5871685147285515 6.952635943889617 9.0176162421703321 0.0078873706224840134 0.0087875163881108165 0.0068611432507168493 0.0080636990605853498 0.0073688104457687578
leaf_count=2242 27 17 24 13 16 12 14 15
internal_value=0.0285528 0.0303492 0.0303259 -0.0300103 -0.0300102 -0.03001 -0.0300099 -0.0300098
internal_weight=25.3107 24.5574 17.6048 0.75327 0.745382 0.736595 0.729734 0.72167
internal_count=2380 68 51 2312 2299 2283 2271 2257
is_linear=0
shrinkage=0.03


Tree=153
num_leaves=9
num_cat=0
split_feature=98 53 91 31 96 3 75 0
split_gain=2.87014 3.42282e-05 2.50982e-05 2.21688e-09 9.55833e-10 7.99552e-10 8.43957e-10 4.50246e-10
threshold=0.49547123526058423 0.75142694992228776 0.46407709235183942 0.28300008376908331 0.0049213177150411484 0.17235128475512304 0.037635033422750992 0.0086053913621967019
decision_type=2 2 2 2 2 2 2 2
left_child=3 2 -2 4 5 6 7 -1
right_child=1 -3 -4 -5 -6 -7 -8 -9
leaf_value=-0.030009450354395294 0.030347611817851495 0.030395931886076626 0.030274141827076079 -0.03002608144712408 -0.030019835574001945 -0.030020079481324933 -0.030019432373877917 -0.030017226892120014
leaf_weight=0.69358202020521531 9.769657909870153 6.7498201429843894 7.3202241063117972 0.0076544629700947544 0.0085279752092901617 0.006658499361947178 0.0078255327534861863 0.0067660620843525967
leaf_count=2243 27 17 24 13 16 12 14 14
internal_value=0.0285433 0.0303387 0.0303161 -0.03001 -0.0300099 -0.0300097 -0.0300096 -0.0300095
internal_weight=24.5707 23.8397 17.0899 0.731015 0.72336 0.714832 0.708174 0.700348
internal_count=2380 68 51 2312 2299 2283 2271 2257
is_linear=0
shrinkage=0.03


Tree=154
num_leaves=9
num_cat=0
split_feature=98 53 66 31 26 3 75 0
split_gain=2.78441 3.12657e-05 2.37869e-05 2.02604e-09 8.73613e-10 7.30684e-10 7.71247e-10 4.11457e-10
threshold=0.49547123526058423 0.75142694992228776 0.63747735197771194 0.28300008376908331 0.0049213177150411484 0.17235128475512304 0.037635033422750992 0.0086053913621967019
decision_type=2 2 2 2 2 2 2 2
left_child=3 2 -2 4 5 6 7 -1
right_child=1 -3 -4 -5 -6 -7 -8 -9
leaf_value=-0.030009171211205905 0.03027891876701598 0.030384108090354689 0.030353142884826965 -0.030025310413398676 -0.030019249663859063 -0.030019485736022315 -0.030018857676582061 -0.030016717515592897
leaf_weight=0.67308974024490709 10.378091335296636 6.5528433322906485 6.2117916047573081 0.0074284272850491098 0.0082760946243070066 0.0064618368924129746 0.0075943965348415068 0.0065662045089993617
leaf_count=2243 34 17 17 13 16 12 14 14
internal_value=0.028534 0.0303286 0.0303067 -0.0300097 -0.0300096 -0.0300094 -0.0300094 -0.0300092
internal_weight=23.8521 23.1427 16.5899 0.709417 0.701988 0.693712 0.68725 0.679656
internal_count=2380 68 51 2312 2299 2283 2271 2257
is_linear=0
shrinkage=0.03


Tree=155
num_leaves=10
num_cat=0
split_feature=4 73 93 33 0 26 75 24 98
split_gain=2.71559 4.08429e-05 2.89325e-05 3.68398e-06 2.65158e-09 6.51436e-10 5.92827e-10 2.01458e-10 2.00997e-10
threshold=364.14132658787264 0.72085525782504567 0.63538805897633865 0.56288185940226609 0.0096325209818127165 0.0049213177150411484 0.037635033422750992 1.4849253390213424 0.09021221277759163
decision_type=2 2 2 2 2 2 2 2 2
left_child=4 2 3 -2 5 6 7 8 -1
right_child=1 -3 -4 -5 -6 -7 -8 -9 -10
leaf_value=-0.030008911905997478 0.030228635198758218 0.030363345612003521 0.030330718943610009 0.0302650457797271 -0.030027597048294913 -0.030018163766998833 -0.030016991181161516 -0.03001379034100745 -0.030014022435235242
leaf_weight=0.65269320065272296 4.3048715993645654 8.0440519452095014 6.4853402078151694 5.9682324297027662 0.0071396800922229877 0.007250638445839285 0.0085107113409321755 0.0078837984474375844 0.0070005802263040087
leaf_count=2245 19 22 19 21 9 15 18 19 17
internal_value=0.0286741 0.0303078 0.0302811 0.0302498 -0.0300094 -0.0300092 -0.0300091 -0.030009 -0.030009
internal_weight=25.493 24.8025 16.7584 10.2731 0.690479 0.683339 0.676088 0.667578 0.659694
internal_count=2404 81 59 40 2323 2314 2299 2281 2262
is_linear=0
shrinkage=0.03


Tree=156
num_leaves=10
num_cat=0
split_feature=4 73 93 33 31 3 26 75 0
split_gain=2.63451 3.81067e-05 2.73697e-05 3.78948e-06 2.51737e-09 6.50805e-10 6.08857e-10 5.77173e-10 5.37272e-10
threshold=364.14132658787264 0.72085525782504567 0.63538805897633865 0.56288185940226609 0.30159733179475062 0.17235128475512304 0.0049213177150411484 0.037635033422750992 0.0086053913621967019
decision_type=2 2 2 2 2 2 2 2 2
left_child=4 2 3 -2 5 6 7 8 -1
right_child=1 -3 -4 -5 -6 -7 -8 -9 -10
leaf_value=-0.030008561338250687 0.030219189309063661 0.030352504350326708 0.030320855807868016 0.030256670177704156 -0.030027823407043283 -0.030017643339973591 -0.03001762640260271 -0.030016771133005129 -0.030016785161738037
leaf_weight=0.63374338558060372 4.178929619083652 7.8090606927871695 6.2956858575344077 5.7934236561995931 0.0064224769594147793 0.0076620134932454667 0.0070364737766794852 0.0079823446285445243 0.0072313088749069712
leaf_count=2252 19 22 19 21 8 16 15 17 15
internal_value=0.0286651 0.030298 0.0302719 0.030241 -0.0300091 -0.030009 -0.0300088 -0.0300088 -0.0300087
internal_weight=24.7472 24.0771 16.268 9.97235 0.670078 0.663656 0.655994 0.648957 0.640975
internal_count=2404 81 59 40 2323 2315 2299 2284 2267
is_linear=0
shrinkage=0.03


Tree=157
num_leaves=9
num_cat=0
split_feature=4 9 25 31 3 26 75 0
split_gain=2.55586 3.09246e-05 1.63589e-05 2.30077e-09 5.95079e-10 5.56714e-10 5.27832e-10 4.91196e-10
threshold=364.14132658787264 0.57584634018184488 0.25681894918951936 0.30159733179475062 0.17235128475512304 0.0049213177150411484 0.037635033422750992 0.0086053913621967019
decision_type=2 2 2 2 2 2 2 2
left_child=3 2 -2 4 5 6 7 -1
right_child=1 -3 -4 -5 -6 -7 -8 -9
leaf_value=-0.030008306731986421 0.030302682193257588 0.030330191491030833 0.030235091118769042 -0.030026999630035536 -0.030017122375434083 -0.030017105869903922 -0.030016276348068832 -0.030016288792372541
leaf_weight=0.61501857030089269 5.0974574657739167 9.5129088853718695 8.7623590911389311 0.0062328323838300994 0.0074356939585413775 0.0068286313035059712 0.0077465565991587928 0.0070177056768443427
leaf_count=2252 17 29 35 8 16 15 17 15
internal_value=0.0286563 0.0302885 0.03026 -0.0300089 -0.0300087 -0.0300086 -0.0300085 -0.0300084
internal_weight=24.023 23.3727 13.8598 0.65028 0.644047 0.636611 0.629783 0.622036
internal_count=2404 81 52 2323 2315 2299 2284 2267
is_linear=0
shrinkage=0.03


Tree=158
num_leaves=9
num_cat=0
split_feature=4 73 50 31 3 26 75 0
split_gain=2.47958 3.33625e-05 1.41361e-05 2.1028e-09 5.43772e-10 5.08746e-10 4.82363e-10 4.48936e-10
threshold=364.14132658787264 0.72085525782504567 0.40560094460164409 0.30159733179475062 0.17235128475512304 0.0049213177150411484 0.037635033422750992 0.0086053913621967019
decision_type=2 2 2 2 2 2 2 2
left_child=3 2 -2 4 5 6 7 -1
right_child=1 -3 -4 -5 -6 -7 -8 -9
leaf_value=-0.030008061199818237 0.030276833025768533 0.030331798878031755 0.030217597594110072 -0.030026201605296607 -0.030016615552985734 -0.030016599780159151 -0.030015794911818747 -0.030015807431413116
leaf_weight=0.59684682014631363 9.4436907873605396 7.3595332503318778 5.8855523860547683 0.006048782786820083 0.0072160559066105625 0.0066269247618038199 0.0075177299731876692 0.0068104087258689097
leaf_count=2252 33 22 26 8 16 15 17 15
internal_value=0.0286478 0.0302793 0.0302541 -0.0300086 -0.0300084 -0.0300083 -0.0300082 -0.0300081
internal_weight=23.3198 22.6888 15.3292 0.631067 0.625018 0.617802 0.611175 0.603657
internal_count=2404 81 59 2323 2315 2299 2284 2267
is_linear=0
shrinkage=0.03


Tree=159
num_leaves=10
num_cat=0
split_feature=4 73 93 87 31 26 75 0 98
split_gain=2.4056 3.13021e-05 2.35686e-05 4.71063e-06 1.92184e-09 4.54213e-10 4.13254e-10 3.99617e-10 1.42079e-10
threshold=364.14132658787264 0.72085525782504567 0.63538805897633865 0.43180432043943134 0.30159733179475062 0.0049213177150411484 0.037635033422750992 0.0086053913621967019 0.09021221277759163
decision_type=2 2 2 2 2 2 2 2 2
left_child=4 2 3 -2 5 6 7 8 -1
right_child=1 -3 -4 -5 -6 -7 -8 -9 -10
leaf_value=-0.030007874107318231 0.030190678262136894 0.030321906869295749 0.030293022983067575 0.030234228166184134 -0.030025427313892499 -0.030016109358087691 -0.030015069018852852 -0.030015340733911669 -0.030012436326231698
leaf_weight=0.57975226576673122 3.92070140107535 7.1443210691213599 5.7594151049852362 5.200235515832901 0.0058701633824966839 0.006431173038436099 0.0075487929570954284 0.0066092319902963928 0.0062093719607219091
leaf_count=2250 20 22 19 20 8 15 18 15 17
internal_value=0.0286395 0.0302703 0.0302455 0.0302155 -0.0300083 -0.0300082 -0.0300081 -0.030008 -0.0300079
internal_weight=22.6371 22.0247 14.8804 9.12094 0.612421 0.606551 0.60012 0.592571 0.585962
internal_count=2404 81 59 40 2323 2315 2300 2282 2267
is_linear=0
shrinkage=0.03


Tree=160
num_leaves=10
num_cat=0
split_feature=24 38 56 72 31 4 3 75 0
split_gain=2.37819 3.2323e-05 2.20286e-05 8.58988e-06 1.6988e-09 6.008e-10 4.36173e-10 3.93728e-10 3.37228e-10
threshold=1.5359167475247728 0.21939222576074499 0.24379474242519336 0.7778444922601061 0.30159733179475062 364.14132658787264 0.17235128475512304 0.037635033422750992 0.0086053913621967019
decision_type=2 2 2 2 2 2 2 2 2
left_child=4 -2 -3 -4 5 6 7 8 -1
right_child=1 2 3 -5 -6 -7 -8 -9 -10
leaf_value=-0.030007681896346505 0.030320130371178224 0.030290657050912786 0.030181532618771514 0.030237881687655923 -0.030025436381987174 -0.030017994970276365 -0.030015357536747372 -0.030014878135042958 -0.030014351749406545
leaf_weight=0.57426470173232047 6.4605053812265423 5.0959473848342887 4.2282787991862261 5.7400196194648743 0.0050866177771240464 0.0053920211503282181 0.0070421530981548122 0.0070811570622026912 0.0069043716357555232
leaf_count=2292 20 17 23 22 7 9 17 17 17
internal_value=0.0286142 0.030264 0.0302399 0.030214 -0.0300082 -0.030008 -0.0300079 -0.0300078 -0.0300078
internal_weight=22.1305 21.5248 15.0642 9.9683 0.605771 0.600684 0.595292 0.58825 0.581169
internal_count=2441 82 62 45 2359 2352 2343 2326 2309
is_linear=0
shrinkage=0.03


Tree=161
num_leaves=10
num_cat=0
split_feature=24 38 56 72 31 4 3 75 0
split_gain=2.30726 3.03318e-05 2.09953e-05 8.96012e-06 1.55253e-09 5.49074e-10 3.98571e-10 3.5985e-10 3.08266e-10
threshold=1.5359167475247728 0.21939222576074499 0.24379474242519336 0.7778444922601061 0.30159733179475062 364.14132658787264 0.17235128475512304 0.037635033422750992 0.0086053913621967019
decision_type=2 2 2 2 2 2 2 2 2
left_child=4 -2 -3 -4 5 6 7 8 -1
right_child=1 2 3 -5 -6 -7 -8 -9 -10
leaf_value=-0.030007454726724385 0.030310587687425901 0.030281998831537468 0.030172386189490641 0.030230798709851257 -0.030024683978284727 -0.030017462784553049 -0.030014902913739813 -0.030014438336153419 -0.030013928067307866
leaf_weight=0.55729676788905891 6.2715126425027874 4.9467320293188086 4.1045394616085087 5.5716618299484253 0.0049364073202013961 0.0052327542798593632 0.0068341278674779451 0.006871976424008607 0.0067004099400946862
leaf_count=2292 20 17 23 22 7 9 17 17 17
internal_value=0.0286063 0.0302554 0.0302317 0.030206 -0.0300079 -0.0300078 -0.0300077 -0.0300076 -0.0300075
internal_weight=21.4823 20.8944 14.6229 9.6762 0.587872 0.582936 0.577703 0.570869 0.563997
internal_count=2441 82 62 45 2359 2352 2343 2326 2309
is_linear=0
shrinkage=0.03


Tree=162
num_leaves=9
num_cat=0
split_feature=24 56 19 31 4 3 0 26
split_gain=2.23846 1.76726e-05 2.24657e-05 1.41898e-09 5.0187e-10 3.64346e-10 2.74446e-10 2.8001e-10
threshold=1.5359167475247728 0.60211535709593889 0.62690357112860295 0.30159733179475062 364.14132658787264 0.17235128475512304 0.0086053913621967019 0.0049213177150411484
decision_type=2 2 2 2 2 2 2 2
left_child=3 2 -2 4 5 6 7 -1
right_child=1 -3 -4 -5 -6 -7 -8 -9
leaf_value=-0.030007249634056803 0.030298734754163077 0.030208613823203088 0.030218643670321184 -0.03002395410649765 -0.030016946533112425 -0.030014462604332312 -0.030013516121273662 -0.030014213452916386
leaf_weight=0.54225214435428171 8.0650085717788915 7.0431046467274419 5.1743461945443405 0.0047906290856190017 0.0050781890167854718 0.0066322447237325824 0.0065024707873817525 0.0052469075744738794
leaf_count=2295 28 32 22 7 9 17 17 14
internal_value=0.0285985 0.030247 0.0302674 -0.0300077 -0.0300076 -0.0300075 -0.0300074 -0.0300073
internal_weight=20.853 20.2825 13.2394 0.570503 0.565712 0.560634 0.554002 0.547499
internal_count=2441 82 50 2359 2352 2343 2326 2309
is_linear=0
shrinkage=0.03


Tree=163
num_leaves=9
num_cat=0
split_feature=96 19 15 31 3 75 0 24
split_gain=2.17208 2.84107e-05 1.79982e-05 1.29891e-09 3.26123e-10 2.93909e-10 2.5129e-10 1.55259e-10
threshold=0.0062325620946786829 0.68666377705445425 0.47099703490974937 0.30159733179475062 0.17235128475512304 0.037635033422750992 0.0086053913621967019 1.4849253390213424
decision_type=2 2 2 2 2 2 2 2
left_child=3 2 -2 4 5 6 7 -1
right_child=1 -3 -4 -5 -6 -7 -8 -9
leaf_value=-0.03000704364356813 0.030297005562403344 0.030177905447113646 0.030230111149858338 -0.030023245991815894 -0.030014035134408281 -0.030013597079291993 -0.030013116835115268 -0.030012261559341082
leaf_weight=0.52468135049275844 6.5997391641140011 5.0713121436419888 8.0171312101883796 0.0046491526300087562 0.0064363225246779612 0.0064720060181571162 0.0063103764114202923 0.0051829086587531483
leaf_count=2287 22 26 33 7 17 17 17 15
internal_value=0.028591 0.0302391 0.0302603 -0.0300075 -0.0300073 -0.0300072 -0.0300072 -0.0300071
internal_weight=20.2419 19.6882 14.6169 0.553732 0.549083 0.542647 0.536175 0.529864
internal_count=2441 81 55 2360 2353 2336 2319 2302
is_linear=0
shrinkage=0.03


Tree=164
num_leaves=9
num_cat=0
split_feature=24 38 24 31 4 3 26 75
split_gain=2.10775 2.48464e-05 1.6579e-05 1.18374e-09 4.18242e-10 3.03362e-10 3.0354e-10 2.80256e-10
threshold=1.5359167475247728 0.21939222576074499 6.1104352583844967 0.30159733179475062 364.14132658787264 0.17235128475512304 0.0049213177150411484 0.037635033422750992
decision_type=2 2 2 2 2 2 2 2
left_child=3 -2 -3 4 5 6 7 -1
right_child=1 2 -4 -5 -6 -7 -8 -9
leaf_value=-0.030006819427702378 0.030283659687416073 0.030179266946373493 0.030246515746824545 -0.030022558922100519 -0.030015959264424623 -0.030013619824488098 -0.030014233247326289 -0.03001319539762036
leaf_weight=0.51052400527987885 5.7371766418218639 7.4551072293543239 5.9188872277736664 0.0045118511188775292 0.0047826581285335115 0.0062461855995934448 0.0051260947657283387 0.0062808121583657331
leaf_count=2295 20 39 23 7 9 17 14 17
internal_value=0.0285837 0.0302314 0.030209 -0.0300073 -0.0300071 -0.030007 -0.030007 -0.0300069
internal_weight=19.6486 19.1112 13.374 0.537472 0.53296 0.528177 0.521931 0.516805
internal_count=2441 82 62 2359 2352 2343 2326 2312
is_linear=0
shrinkage=0.03


Tree=165
num_leaves=8
num_cat=0
split_feature=3 59 0 26 75 24 4
split_gain=2.03372 1.76875e-05 1.06145e-09 7.27164e-10 2.4518e-10 2.45656e-10 2.0626e-10
threshold=0.17850401716788752 0.47589333716163423 0.0096325209818127165 0.0062325620946786829 0.037635033422750992 1.4849253390213424 362.70284810990762
decision_type=2 2 2 2 2 2 2
left_child=2 -2 3 4 5 6 -1
right_child=1 -3 -4 -5 -6 -7 -8
leaf_value=-0.030006615123416194 0.030191988989873089 0.030254198072308912 -0.030020442363944452 -0.030018428227136202 -0.030012806215006897 -0.030012627559063806 -0.030012563786361905
leaf_weight=0.49216477057780394 7.1860300752450739 9.6200832426547986 0.0052907891222275785 0.0049082022742368272 0.0060955433582421384 0.0063265358330681911 0.005302400837535969
leaf_count=2281 36 37 9 8 17 18 15
internal_value=0.0284195 0.0302276 -0.0300071 -0.0300069 -0.0300068 -0.0300068 -0.0300067
internal_weight=17.3262 16.8061 0.520088 0.514797 0.509889 0.503794 0.497467
internal_count=2421 73 2348 2339 2331 2314 2296
is_linear=0
shrinkage=0.03


Tree=166
num_leaves=9
num_cat=0
split_feature=72 56 53 31 26 75 24 0
split_gain=1.97144 1.80923e-05 1.55164e-05 1.03139e-09 6.62442e-10 2.22589e-10 2.23091e-10 1.95395e-10
threshold=0.24317340227985554 0.60211535709593889 0.56979658062084848 0.30159733179475062 0.0062325620946786829 0.037635033422750992 1.4849253390213424 0.0086053913621967019
decision_type=2 2 2 2 2 2 2 2
left_child=3 2 -2 4 5 6 7 -1
right_child=1 -3 -4 -5 -6 -7 -8 -9
leaf_value=-0.030006432994645435 0.030203580799378134 0.030174171275923849 0.030275564786969168 -0.030020093792463093 -0.03001788342590981 -0.030012426331136259 -0.03001225434421307 -0.03001198819948514
leaf_weight=0.47644833344384352 5.1916873611335195 5.5180923762381999 5.6041452288627625 0.0052675956976599983 0.0047632281202822915 0.0059154664195375508 0.0061396337405312798 0.0057674296258483073
leaf_count=2276 26 30 20 9 8 17 18 17
internal_value=0.0284125 0.0302184 0.0302409 -0.0300069 -0.0300067 -0.0300066 -0.0300066 -0.0300065
internal_weight=16.8182 16.3139 10.7958 0.504302 0.499034 0.494271 0.488355 0.482216
internal_count=2421 76 46 2345 2336 2328 2311 2293
is_linear=0
shrinkage=0.03


Tree=167
num_leaves=8
num_cat=0
split_feature=3 59 31 4 75 0 24
split_gain=1.91515 1.62273e-05 9.44816e-10 2.24942e-10 2.02565e-10 1.7303e-10 1.72624e-10
threshold=0.17850401716788752 0.47589333716163423 0.30159733179475062 360.91319721741928 0.037635033422750992 0.0086053913621967019 1.4849253390213424
decision_type=2 2 2 2 2 2 2
left_child=2 -2 3 4 5 6 -1
right_child=1 -3 -4 -5 -6 -7 -8
leaf_value=-0.030006264101283629 0.03017791345014148 0.030239299423891607 -0.030019499170024905 -0.03001200785511577 -0.030012059212646776 -0.030011633152057748 -0.030011627577049647
leaf_weight=0.46142875305668241 6.7706645436119279 9.0644349157810193 0.0051120143616572014 0.0066638711286941535 0.005740707158111035 0.005597041512373834 0.0054646757052978492
leaf_count=2268 36 37 9 20 17 17 17
internal_value=0.0284055 0.0302131 -0.0300067 -0.0300065 -0.0300065 -0.0300064 -0.0300063
internal_weight=16.3251 15.8351 0.490007 0.484895 0.478231 0.47249 0.466893
internal_count=2421 73 2348 2339 2319 2302 2285
is_linear=0
shrinkage=0.03


Tree=168
num_leaves=9
num_cat=0
split_feature=98 90 82 31 26 3 75 24
split_gain=1.8585 1.46655e-05 1.00339e-05 8.59019e-10 5.5136e-10 2.3031e-10 1.9706e-10 1.89917e-10
threshold=0.099769326286756541 0.58196802228345201 0.60363866951722123 0.30159733179475062 0.0062325620946786829 0.17235128475512304 0.037635033422750992 1.4849253390213424
decision_type=2 2 2 2 2 2 2 2
left_child=3 2 -2 4 5 6 7 -1
right_child=1 -3 -4 -5 -6 -7 -8 -9
leaf_value=-0.030006068774973155 0.030196922798590344 0.03016374275581472 0.030255862490595396 -0.030018923670615365 -0.030016841667429198 -0.030012783048805409 -0.030011914615515355 -0.030011540536328443
leaf_weight=0.45017598119739055 5.2008708089124394 4.9725302185979663 5.1972683817148209 0.0049610252608545116 0.0044860391644760958 0.0048412852047476909 0.0053778725850861511 0.0057822260714601717
leaf_count=2280 25 30 20 9 8 15 16 18
internal_value=0.0283988 0.0302061 0.0302264 -0.0300065 -0.0300064 -0.0300063 -0.0300062 -0.0300061
internal_weight=15.8463 15.3707 10.3981 0.475624 0.470663 0.466177 0.461336 0.455958
internal_count=2421 75 45 2346 2337 2329 2314 2298
is_linear=0
shrinkage=0.03


Tree=169
num_leaves=8
num_cat=0
split_feature=3 19 31 26 75 24 0
split_gain=1.80346 1.58646e-05 7.88385e-10 5.06474e-10 1.70475e-10 1.70836e-10 1.49572e-10
threshold=0.17850401716788752 0.5255626376732877 0.30159733179475062 0.0062325620946786829 0.037635033422750992 1.4849253390213424 0.0086053913621967019
decision_type=2 2 2 2 2 2 2
left_child=2 -2 3 4 5 6 -1
right_child=1 -3 -4 -5 -6 -7 -8
leaf_value=-0.03000587109666001 0.030226648884205207 0.030164310908997422 -0.030018363639185388 -0.030016343499771791 -0.0300113571586831 -0.03001119945961778 -0.030010955014678636
leaf_weight=0.43618874548701647 8.3716398030519468 6.5481520030298261 0.0048144932079594574 0.0043535277945920816 0.005406517695519141 0.0056113983009709037 0.0052712399192387229
leaf_count=2279 36 37 9 8 17 18 17
internal_value=0.0283923 0.0301993 -0.0300063 -0.0300062 -0.0300061 -0.030006 -0.0300059
internal_weight=15.3814 14.9198 0.461646 0.456831 0.452478 0.447071 0.44146
internal_count=2421 73 2348 2339 2331 2314 2296
is_linear=0
shrinkage=0.03


Tree=170
num_leaves=10
num_cat=0
split_feature=72 38 63 72 3 31 26 4 98
split_gain=1.72209 1.17963e-05 1.2685e-05 6.48321e-06 5.85751e-10 4.3695e-10 4.13657e-10 1.50278e-10 7.2479e-11
threshold=0.24317340227985554 0.21939222576074499 0.19239300374295656 0.79654392287835962 0.17850401716788752 0.28300008376908331 0.0062325620946786829 362.70284810990762 0.09021221277759163
decision_type=2 2 2 2 2 2 2 2 2
left_child=4 -2 -3 -4 5 6 7 8 -1
right_child=1 2 3 -5 -6 -7 -8 -9 -10
leaf_value=-0.030005674093686988 0.030222109950587956 0.030217031143490249 0.030112486381210533 0.030171386132785707 -0.030017410300180274 -0.030015444879471932 -0.030015857300071457 -0.030010849921982344 -0.030009449207426722
leaf_weight=0.41814435462583865 5.4406592994928351 3.1313180327415449 3.1442398954241071 3.6164210140705109 0.0040576827013865105 0.0043271110043860963 0.0036960082361474625 0.0051933007052866733 0.0046278047811938441
leaf_count=2257 24 14 24 19 7 13 7 17 17
internal_value=0.0285073 0.0301866 0.0301671 0.030144 -0.0300061 -0.030006 -0.0300059 -0.0300058 -0.0300057
internal_weight=15.7727 15.3326 9.89198 6.76066 0.440046 0.435989 0.431661 0.427965 0.422772
internal_count=2399 81 57 43 2318 2311 2298 2291 2274
is_linear=0
shrinkage=0.03


Tree=171
num_leaves=9
num_cat=0
split_feature=24 59 8 3 31 96 4 0
split_gain=1.67688 9.87109e-06 3.06622e-06 5.3347e-10 3.97698e-10 3.76392e-10 1.36196e-10 8.04465e-11
threshold=1.5359167475247728 0.55930999712970275 0.50584418547851284 0.17850401716788752 0.28300008376908331 0.0062325620946786829 362.70284810990762 0.0086053913621967019
decision_type=2 2 2 2 2 2 2 2
left_child=3 2 -2 4 5 6 7 -1
right_child=1 -3 -4 -5 -6 -7 -8 -9
leaf_value=-0.030005524721927412 0.030183214837799194 0.030211609231957079 0.030145319104489362 -0.030016895894920945 -0.030014989349200702 -0.03001538770671653 -0.030010529538198976 -0.030009651005758111
leaf_weight=0.40748395919217806 3.5501646399497968 7.1419783383607864 4.1890152165142354 0.0039378264918923369 0.0041992884071078143 0.003586829872801899 0.0050398684979882083 0.004297222782042808
leaf_count=2262 18 33 26 7 13 7 17 16
internal_value=0.0285013 0.0301862 0.0301627 -0.0300059 -0.0300058 -0.0300057 -0.0300056 -0.0300056
internal_weight=15.3097 14.8812 7.73918 0.428545 0.424607 0.420408 0.416821 0.411781
internal_count=2399 77 44 2322 2315 2302 2295 2278
is_linear=0
shrinkage=0.03


Tree=172
num_leaves=9
num_cat=0
split_feature=98 0 59 3 0 26 4 75
split_gain=1.62184 1.1115e-05 8.55137e-06 4.88518e-10 5.56241e-10 3.45801e-10 1.25741e-10 1.20769e-10
threshold=0.099769326286756541 0.65433244259516099 0.59334548655574448 0.17850401716788752 0.0096325209818127165 0.0062325620946786829 362.70284810990762 0.037635033422750992
decision_type=2 2 2 2 2 2 2 2
left_child=3 -2 -3 4 5 6 7 -1
right_child=1 2 -4 -5 -6 -7 -8 -9
leaf_value=-0.030005323356180884 0.030138615524981642 0.030166444109026129 0.030223559611591146 -0.030016395742086033 -0.030017578854470095 -0.030014933033610549 -0.030010217707328701 -0.030010352523319048
leaf_weight=0.3945897983794574 4.9955455276358398 4.9002526551485044 4.5496751517057419 0.003821508784312754 0.0034707834420260033 0.0034808749915100625 0.0048909678735071785 0.0043447331554489202
leaf_count=2265 34 27 20 7 7 7 17 15
internal_value=0.0284958 0.0301748 0.0301939 -0.0300057 -0.0300056 -0.0300055 -0.0300054 -0.0300054
internal_weight=14.8601 14.4455 9.44993 0.414599 0.410777 0.407306 0.403825 0.398935
internal_count=2399 81 47 2318 2311 2304 2297 2280
is_linear=0
shrinkage=0.03


Tree=173
num_leaves=9
num_cat=0
split_feature=31 14 40 26 4 75 0 8
split_gain=1.574 1.53839e-05 7.71803e-06 2.01905e-10 1.07341e-10 1.0325e-10 6.42905e-11 4.0636e-11
threshold=0.30159733179475062 0.52036725470225764 0.63517392338519529 0.0049213177150411484 362.70284810990762 0.037635033422750992 0.0086053913621967019 2.2979912147016037
decision_type=2 2 2 2 2 2 2 2
left_child=3 2 -2 4 5 6 7 -1
right_child=1 -3 -4 -5 -6 -7 -8 -9
leaf_value=-0.030007146356276024 0.030215959482857206 0.030128276004660465 0.030158464926139262 -0.030011573257576245 -0.030009916131166967 -0.030010046775886274 -0.030009088236890812 -0.030005236068155923
leaf_weight=0.010297807340976628 5.3234967440366727 5.2260628252406596 3.4717215746641159 0.0048766377294668919 0.0047464649542234829 0.0042163691832683972 0.0040470338426530353 0.37426402357232291
leaf_count=52 24 35 20 16 17 15 16 2204
internal_value=0.0284901 0.030169 0.0301933 -0.0300055 -0.0300054 -0.0300054 -0.0300053 -0.0300053
internal_weight=14.4237 14.0213 8.79522 0.402448 0.397572 0.392825 0.388609 0.384562
internal_count=2399 79 44 2320 2304 2287 2272 2256
is_linear=0
shrinkage=0.03


Tree=174
num_leaves=9
num_cat=0
split_feature=72 0 59 0 3 26 4 75
split_gain=1.52768 1.03746e-05 7.13894e-06 5.28539e-10 4.15159e-10 2.88299e-10 1.04639e-10 1.00484e-10
threshold=0.24317340227985554 0.65433244259516099 0.59334548655574448 0.0096325209818127165 0.17850401716788752 0.0062325620946786829 362.70284810990762 0.037635033422750992
decision_type=2 2 2 2 2 2 2 2
left_child=3 -2 -3 4 5 6 7 -1
right_child=1 2 -4 -5 -6 -7 -8 -9
leaf_value=-0.030005021934323767 0.0301275213688234 0.030156704206882309 0.030210468843072089 -0.030017307186062089 -0.030015441448022276 -0.030014063246434148 -0.030009622644589385 -0.030009748987637395
leaf_weight=0.37177804415114302 4.706404619239037 4.6163537502288801 4.2866940647363663 0.0033277090115007004 0.0035991126205772153 0.0032782677153591058 0.0046062300971243522 0.0040917965670814729
leaf_count=2265 34 27 20 7 7 7 17 15
internal_value=0.0284845 0.0301635 0.0301826 -0.0300054 -0.0300053 -0.0300052 -0.0300051 -0.0300051
internal_weight=14.0001 13.6095 8.90305 0.390681 0.387353 0.383754 0.380476 0.37587
internal_count=2399 81 47 2318 2311 2304 2297 2280
is_linear=0
shrinkage=0.03


Tree=175
num_leaves=9
num_cat=0
split_feature=0 33 12 3 31 72 24 96
split_gain=1.49079 7.70908e-06 5.98321e-06 4.31367e-10 1.12939e-10 1.0989e-10 6.96299e-11 6.31507e-11
threshold=0.0096325209818127165 0.36800072891642616 11.500000000000002 0.17850401716788752 0.28300008376908331 0.22478613708570025 1.4849253390213424 0.0045101591111416017
decision_type=2 2 2 2 2 2 2 2
left_child=3 -2 -3 4 5 6 7 -1
right_child=1 2 -4 -5 -6 -7 -8 -9
leaf_value=-0.03000489415463356 0.030195954156590724 0.030115149472126235 0.03016572663052848 -0.030014999088824722 -0.030010022749434307 -0.030009607040449825 -0.030009105048809336 -0.030008606265856462
leaf_weight=0.36107557562354564 3.995350405573844 3.4842053523170744 5.3182366192340851 0.003995849401690065 0.0041320457967231041 0.0046734217321500173 0.0036424183490453279 0.0041722261375980443
leaf_count=2262 20 26 30 8 15 17 15 19
internal_value=0.0284189 0.0301614 0.0301457 -0.0300052 -0.0300051 -0.030005 -0.030005 -0.0300049
internal_weight=13.1795 12.7978 8.80244 0.381692 0.377696 0.373564 0.36889 0.365248
internal_count=2412 76 56 2336 2328 2313 2296 2281
is_linear=0
shrinkage=0.03


Tree=176
num_leaves=9
num_cat=0
split_feature=75 72 90 3 31 72 75 24
split_gain=1.45269 4.68604e-06 2.65263e-06 3.92017e-10 1.02005e-10 9.91112e-11 7.74207e-11 6.41995e-11
threshold=0.34207318301595363 0.75256635313286346 0.25723406754474193 0.17850401716788752 0.28300008376908331 0.22478613708570025 0.037635033422750992 1.4849253390213424
decision_type=2 2 2 2 2 2 2 2
left_child=3 -2 -3 4 5 6 7 -1
right_child=1 2 -4 -5 -6 -7 -8 -9
leaf_value=-0.030004772618693363 0.030190877172864602 0.030170433435749398 0.030136664953373075 -0.030014556378866551 -0.030009726390423843 -0.030009322466845883 -0.030009007148724089 -0.030008835879822296
leaf_weight=0.35199248573917508 3.8599224090576163 3.6494991034269315 4.9108002930879593 0.0038778105226811013 0.0040099644393194458 0.0045353435270953915 0.004005725364550016 0.0035347998491488388
leaf_count=2269 20 20 32 8 15 17 16 15
internal_value=0.0284139 0.0301634 0.0301511 -0.0300051 -0.030005 -0.0300049 -0.0300049 -0.0300048
internal_weight=12.7922 12.4202 8.5603 0.371956 0.368078 0.364068 0.359533 0.355527
internal_count=2412 72 52 2340 2332 2317 2300 2284
is_linear=0
shrinkage=0.03


Tree=177
num_leaves=9
num_cat=0
split_feature=0 30 9 3 31 72 24 26
split_gain=1.40351 6.93638e-06 5.83673e-06 3.60281e-10 9.43299e-11 9.17489e-11 5.81504e-11 5.2749e-11
threshold=0.0096325209818127165 0.63908632462616144 0.57584634018184488 0.17850401716788752 0.28300008376908331 0.22478613708570025 1.4849253390213424 0.0045101591111416017
decision_type=2 2 2 2 2 2 2 2
left_child=3 2 -2 4 5 6 7 -1
right_child=1 -3 -4 -5 -6 -7 -8 -9
leaf_value=-0.030004609521607085 0.03014446364569312 0.030115285127912873 0.030194546080003101 -0.030014125491296357 -0.030009439271140827 -0.030009046974123314 -0.030008574844625251 -0.030008105458884222
leaf_weight=0.34005133043683677 4.9715171129209903 3.4662848623993332 3.6187549978494644 0.0037632570893038056 0.0038914887554710722 0.0044013436563545829 0.0034303600987186647 0.0039293332665693006
leaf_count=2262 32 26 18 8 15 17 15 19
internal_value=0.0284095 0.0301511 0.0301656 -0.0300049 -0.0300048 -0.0300047 -0.0300047 -0.0300046
internal_weight=12.416 12.0566 8.59027 0.359467 0.355704 0.351812 0.347411 0.343981
internal_count=2412 76 50 2336 2328 2313 2296 2281
is_linear=0
shrinkage=0.03


Tree=178
num_leaves=9
num_cat=0
split_feature=75 72 90 3 31 72 75 24
split_gain=1.36801 3.91357e-06 2.21431e-06 3.27118e-10 8.50393e-11 8.26181e-11 6.45252e-11 5.35068e-11
threshold=0.34207318301595363 0.75256635313286346 0.25723406754474193 0.17850401716788752 0.28300008376908331 0.22478613708570025 0.037635033422750992 1.4849253390213424
decision_type=2 2 2 2 2 2 2 2
left_child=3 -2 -3 4 5 6 7 -1
right_child=1 2 -4 -5 -6 -7 -8 -9
leaf_value=-0.03000449878545846 0.030179711139917065 0.030160458414497351 0.030128670889653496 -0.030013707963688817 -0.030009159526504792 -0.030008779284964641 -0.030008482280178939 -0.030008321199243827
leaf_weight=0.33158707126858722 3.636568382382392 3.4381040632724744 4.6259916424751282 0.0036520860448945305 0.0037765125307487315 0.0042713018192443988 0.0037725306028733021 0.0033290053543169043
leaf_count=2269 20 20 32 8 15 17 16 15
internal_value=0.0284047 0.0301539 0.0301422 -0.0300048 -0.0300047 -0.0300046 -0.0300046 -0.0300045
internal_weight=12.0511 11.7007 8.0641 0.350389 0.346736 0.34296 0.338689 0.334916
internal_count=2412 72 52 2340 2332 2317 2300 2284
is_linear=0
shrinkage=0.03


Tree=179
num_leaves=9
num_cat=0
split_feature=75 72 55 3 31 72 75 26
split_gain=1.32738 3.57613e-06 1.19934e-06 2.98927e-10 7.7708e-11 7.54975e-11 5.89513e-11 4.33976e-11
threshold=0.34207318301595363 0.75256635313286346 0.67733949545667771 0.17850401716788752 0.28300008376908331 0.22478613708570025 0.037635033422750992 0.0045101591111416017
decision_type=2 2 2 2 2 2 2 2
left_child=3 -2 -3 4 5 6 7 -1
right_child=1 2 -4 -5 -6 -7 -8 -9
leaf_value=-0.030004365947392874 0.030174375322251243 0.030128111636377589 0.030151946201528026 -0.030013302681080777 -0.030008888902998333 -0.030008519982541424 -0.030008231363266583 -0.03000763337459144
leaf_weight=0.32131865905830714 3.529706194996832 4.5791819840669632 3.2476634979248047 0.0035441977379377923 0.0036649322282755739 0.0041451010474702335 0.0036610656388802445 0.0037005765188951037
leaf_count=2265 20 32 20 8 15 17 16 19
internal_value=0.0284006 0.0301493 0.030138 -0.0300046 -0.0300045 -0.0300045 -0.0300044 -0.0300044
internal_weight=11.6966 11.3566 7.82685 0.340035 0.33649 0.332825 0.32868 0.325019
internal_count=2412 72 52 2340 2332 2317 2300 2284
is_linear=0
shrinkage=0.03


Tree=180
num_leaves=9
num_cat=0
split_feature=24 38 45 31 26 98 72 75
split_gain=1.27078 1.05614e-05 5.89417e-06 4.6964e-10 1.03386e-10 8.14837e-11 7.9196e-11 5.64545e-11
threshold=1.5359167475247728 0.21939222576074499 0.53846592560830153 0.30159733179475062 0.0049213177150411484 0.099769326286756541 0.22478613708570025 0.037635033422750992
decision_type=2 2 2 2 2 2 2 2
left_child=3 -2 -3 4 5 6 7 -1
right_child=1 2 -4 -5 -6 -7 -8 -9
leaf_value=-0.030004264547832619 0.030184235015694609 0.030142523986162836 0.03008899311367131 -0.030015628807408139 -0.03000920969832143 -0.030009468882938966 -0.030008383733927172 -0.030008141714041512
leaf_weight=0.3071769920788946 3.495589613914488 4.6963033378124237 3.055744948098436 0.0034307151800021521 0.0040895065321819848 0.0028389264189172527 0.0043491542310221112 0.0034175681503256774
leaf_count=2229 19 31 27 8 17 9 18 15
internal_value=0.0284503 0.0301409 0.0301214 -0.0300046 -0.0300045 -0.0300044 -0.0300044 -0.0300043
internal_weight=11.5729 11.2476 7.75205 0.325303 0.321872 0.317783 0.314944 0.310595
internal_count=2373 77 58 2296 2288 2271 2262 2244
is_linear=0
shrinkage=0.03


Tree=181
num_leaves=9
num_cat=0
split_feature=75 82 33 0 3 26 98 31
split_gain=1.23128 9.07793e-06 5.67154e-06 4.40927e-10 1.22447e-10 1.51351e-10 7.64293e-11 7.16361e-11
threshold=0.044266990499645449 0.37844847118215491 0.58171581064943245 0.0096325209818127165 0.17235128475512304 0.0062325620946786829 0.099769326286756541 0.28300008376908331
decision_type=2 2 2 2 2 2 2 2
left_child=3 -2 -3 4 5 6 7 -1
right_child=1 2 -4 -5 -6 -7 -8 -9
leaf_value=-0.03000412162921148 0.030093531833873303 0.030178313387119134 0.030125910215244276 -0.03001582058852189 -0.030009777889519557 -0.030011403884290484 -0.03000918956984687 -0.03000855153347981
leaf_weight=0.29979409123188894 3.4821796494652499 3.7339623421430588 3.7013135653105564 0.0030413291242439291 0.0036858224048046387 0.0026589543558657161 0.0027550487720873198 0.0033217851741937912
leaf_count=2242 31 21 27 7 15 7 9 14
internal_value=0.0284457 0.0301335 0.0301522 -0.0300045 -0.0300043 -0.0300043 -0.0300042 -0.0300042
internal_weight=11.2327 10.9175 7.43528 0.315257 0.312216 0.30853 0.305871 0.303116
internal_count=2373 79 48 2294 2287 2272 2265 2256
is_linear=0
shrinkage=0.03


Tree=182
num_leaves=9
num_cat=0
split_feature=24 56 85 0 3 26 98 72
split_gain=1.19693 6.13364e-06 5.76704e-06 4.02485e-10 1.11629e-10 1.38043e-10 6.96173e-11 6.80822e-11
threshold=1.5359167475247728 0.37244028211054997 0.49883928206949529 0.0096325209818127165 0.17235128475512304 0.0062325620946786829 0.099769326286756541 0.22478613708570025
decision_type=2 2 2 2 2 2 2 2
left_child=3 -2 -3 4 5 6 7 -1
right_child=1 2 -4 -5 -6 -7 -8 -9
leaf_value=-0.030003999848959167 0.03015692611972421 0.0300781546408612 0.030137994724871015 -0.030015352558912363 -0.030009488888824636 -0.030011066543131015 -0.030008916804553053 -0.030007894772792323
leaf_weight=0.290619305684232 4.7412815913557989 2.6389834476285614 3.2157416790723801 0.0029514895868487647 0.003576923831133171 0.0025803989556152365 0.0026736486761365077 0.0040959613106679163
leaf_count=2240 30 25 22 7 15 7 9 18
internal_value=0.028441 0.0301316 0.030111 -0.0300043 -0.0300042 -0.0300042 -0.0300041 -0.0300041
internal_weight=10.9025 10.596 5.85473 0.306498 0.303546 0.299969 0.297389 0.294715
internal_count=2373 77 47 2296 2289 2274 2267 2258
is_linear=0
shrinkage=0.03


Tree=183
num_leaves=9
num_cat=0
split_feature=24 38 45 0 3 26 98 72
split_gain=1.16137 8.90946e-06 5.98004e-06 3.67907e-10 1.02081e-10 1.26218e-10 6.36798e-11 6.22757e-11
threshold=1.5359167475247728 0.21939222576074499 0.53846592560830153 0.0096325209818127165 0.17235128475512304 0.0062325620946786829 0.099769326286756541 0.22478613708570025
decision_type=2 2 2 2 2 2 2 2
left_child=3 -2 -3 4 5 6 7 -1
right_child=1 2 -4 -5 -6 -7 -8 -9
leaf_value=-0.030003880589708765 0.030168314322536218 0.030130211903903442 0.03007382290440026 -0.030014898693234482 -0.030009208947802672 -0.030010739937257558 -0.030008654248039848 -0.030007662005321553
leaf_weight=0.28203130971815049 3.1965981200337392 4.2939091995358467 2.7939626490406226 0.0028643025143537662 0.0034712416527327141 0.0025041634798981241 0.0025946528476197264 0.0039749377756379536
leaf_count=2240 19 31 27 7 15 7 9 18
internal_value=0.0284366 0.0301267 0.030108 -0.0300042 -0.0300041 -0.030004 -0.030004 -0.0300039
internal_weight=10.5819 10.2845 7.08787 0.297441 0.294576 0.291105 0.288601 0.286006
internal_count=2373 77 58 2296 2289 2274 2267 2258
is_linear=0
shrinkage=0.03


Tree=184
num_leaves=9
num_cat=0
split_feature=24 38 45 0 3 26 72 75
split_gain=1.12688 8.54133e-06 6.20869e-06 3.362e-10 9.32608e-11 1.15339e-10 5.55909e-11 5.53237e-11
threshold=1.5359167475247728 0.21939222576074499 0.53846592560830153 0.0096325209818127165 0.17235128475512304 0.0062325620946786829 0.22478613708570025 0.037635033422750992
decision_type=2 2 2 2 2 2 2 2
left_child=3 -2 -3 4 5 6 7 -1
right_child=1 2 -4 -5 -6 -7 -8 -9
leaf_value=-0.030003763659549081 0.030163318410041527 0.030126349817895397 0.030068029318498595 -0.030014457946663006 -0.030008936149369721 -0.030010422353383012 -0.030007434908091025 -0.030007833126442444
leaf_weight=0.27317496297473631 3.1026304289698583 4.1675311625003815 2.7119031968468335 0.0027796897629741571 0.003368681122083216 0.0024301795929204664 0.0038574893333134233 0.003040080649952869
leaf_count=2235 19 31 27 7 15 7 18 14
internal_value=0.0284322 0.030122 0.0301034 -0.0300041 -0.030004 -0.0300039 -0.0300039 -0.0300038
internal_weight=10.2707 9.98206 6.87943 0.288651 0.285871 0.282503 0.280073 0.276215
internal_count=2373 77 58 2296 2289 2274 2267 2249
is_linear=0
shrinkage=0.03


Tree=185
num_leaves=9
num_cat=0
split_feature=98 82 29 31 3 96 75 8
split_gain=1.10838 6.5754e-06 4.75841e-06 2.95129e-10 1.51823e-10 5.87285e-11 4.4602e-11 1.78347e-11
threshold=0.099769326286756541 0.60363866951722123 0.43434200859710825 0.30159733179475062 0.17850401716788752 0.0049213177150411484 0.037635033422750992 2.2979912147016037
decision_type=2 2 2 2 2 2 2 2
left_child=3 2 -2 4 5 6 7 -1
right_child=1 -3 -4 -5 -6 -7 -8 -9
leaf_value=-0.030005150308728735 0.03007003893802403 0.030154668652854346 0.03012537059839451 -0.030013947025297593 -0.030011112827758129 -0.030008027153843417 -0.030007303064919045 -0.030003689729166068
leaf_weight=0.0077438531297965288 2.3567597882065439 3.5619162693619728 3.4413273688405752 0.0026478866057004771 0.002591100783320143 0.002950853217043913 0.0031829914441914289 0.26519505232135998
leaf_count=55 25 23 26 7 7 14 16 2232
internal_value=0.0283501 0.0301226 0.0301029 -0.030004 -0.0300039 -0.0300038 -0.0300038 -0.0300037
internal_weight=9.64432 9.36 5.79809 0.284312 0.281664 0.279073 0.276122 0.272939
internal_count=2405 74 51 2331 2324 2317 2303 2287
is_linear=0
shrinkage=0.03


Tree=186
num_leaves=9
num_cat=0
split_feature=98 82 29 31 3 96 75 8
split_gain=1.07547 6.38302e-06 4.80098e-06 2.69645e-10 1.3877e-10 5.36584e-11 4.0783e-11 1.62981e-11
threshold=0.099769326286756541 0.60363866951722123 0.43434200859710825 0.30159733179475062 0.17850401716788752 0.0049213177150411484 0.037635033422750992 2.2979912147016037
decision_type=2 2 2 2 2 2 2 2
left_child=3 2 -2 4 5 6 7 -1
right_child=1 -3 -4 -5 -6 -7 -8 -9
leaf_value=-0.030004997767317385 0.030064803601336194 0.030150079365933193 0.030121217758154913 -0.030013533009246897 -0.030010784467854327 -0.030007789057372725 -0.030007087797472312 -0.03000358042445846
leaf_weight=0.0075150252596366532 2.2874992788420041 3.45716392993927 3.3400742801895831 0.0025696645316202185 0.0025145492982119313 0.0028636646675295188 0.0030889416739228173 0.25735827571770642
leaf_count=55 25 23 26 7 7 14 16 2232
internal_value=0.0283459 0.030118 0.0300983 -0.0300039 -0.0300038 -0.0300037 -0.0300037 -0.0300036
internal_weight=9.36065 9.08474 5.62757 0.27591 0.27334 0.270826 0.267962 0.264873
internal_count=2405 74 51 2331 2324 2317 2303 2287
is_linear=0
shrinkage=0.03


Tree=187
num_leaves=9
num_cat=0
split_feature=72 24 9 31 24 3 26 98
split_gain=1.04409 5.55764e-06 3.17175e-06 2.46139e-10 1.7879e-10 1.29662e-10 5.09909e-11 3.33398e-11
threshold=0.24317340227985554 4.3891643065223169 0.45127871192335317 0.30159733179475062 1.5359167475247728 0.17850401716788752 0.0049213177150411484 0.09021221277759163
decision_type=2 2 2 2 2 2 2 2
left_child=3 -2 -3 4 5 6 7 -1
right_child=1 2 -4 -5 -6 -7 -8 -9
leaf_value=-0.030003439301508856 0.030074974411307194 0.03010811835651421 0.030150153229627455 -0.030013133737300204 -0.030011024362593768 -0.030010465176592855 -0.030007559419948798 -0.030006850213175722
leaf_weight=0.25464154395740557 2.3536879729945195 3.2809659615159035 3.1827496066689491 0.0024937522248364976 0.0029377164610195896 0.0024402586859650901 0.0027790515741799018 0.0026054658883367656
leaf_count=2281 25 28 21 7 8 7 14 14
internal_value=0.0283417 0.0301144 0.0301288 -0.0300038 -0.0300037 -0.0300036 -0.0300035 -0.0300035
internal_weight=9.0853 8.8174 6.46372 0.267898 0.265404 0.262466 0.260026 0.257247
internal_count=2405 74 49 2331 2324 2316 2309 2295
is_linear=0
shrinkage=0.03


Tree=188
num_leaves=9
num_cat=0
split_feature=72 0 33 31 26 4 98 75
split_gain=1.01309 5.31579e-06 2.15629e-06 2.24983e-10 4.32626e-11 4.05783e-11 2.87879e-11 2.12938e-11
threshold=0.24317340227985554 0.60552095448286514 0.61126203178784544 0.30159733179475062 0.0049213177150411484 359.7440208084144 0.09021221277759163 0.037635033422750992
decision_type=2 2 2 2 2 2 2 2
left_child=3 -2 -3 4 5 6 7 -1
right_child=1 2 -4 -5 -6 -7 -8 -9
leaf_value=-0.030003403018091106 0.030072049153524082 0.030142724373206982 0.030107253457894039 -0.03001274632705752 -0.030007336098393601 -0.030006191488099895 -0.030006647691959071 -0.030006271705973066
leaf_weight=0.24498125952959604 2.3873623562394624 3.0469226390123367 3.123751625418663 0.002420081465970724 0.0026969379541696972 0.0050032690123771309 0.0025284795920015304 0.0023511308172601266
leaf_count=2252 26 21 27 7 14 30 14 14
internal_value=0.0283377 0.0301101 0.0301248 -0.0300036 -0.0300036 -0.0300035 -0.0300035 -0.0300034
internal_weight=8.81802 8.55804 6.17067 0.259981 0.257561 0.254864 0.249861 0.247332
internal_count=2405 74 48 2331 2324 2310 2280 2266
is_linear=0
shrinkage=0.03


Tree=189
num_leaves=9
num_cat=0
split_feature=98 24 9 31 24 3 26 75
split_gain=0.983248 5.79579e-06 2.64866e-06 2.0548e-10 1.49204e-10 1.08191e-10 4.25165e-11 3.25321e-11
threshold=0.099769326286756541 4.3891643065223169 0.45127871192335317 0.30159733179475062 1.5359167475247728 0.17850401716788752 0.0049213177150411484 0.037635033422750992
decision_type=2 2 2 2 2 2 2 2
left_child=3 -2 -3 4 5 6 7 -1
right_child=1 2 -4 -5 -6 -7 -8 -9
leaf_value=-0.030003237635340099 0.030064642071704843 0.03010180241735427 0.030141379599080913 -0.030012370005538008 -0.030010382839408725 -0.030009856024701614 -0.030007119610365843 -0.030006476964653844
leaf_weight=0.23950266870088022 2.217334617424056 3.0905379578471184 2.9983496889472008 0.0023485863057430825 0.0027667146350722751 0.0022982105729170135 0.002617249992908909 0.0028231476171640671
leaf_count=2279 25 28 21 7 8 7 14 16
internal_value=0.0283338 0.0301062 0.0301213 -0.0300035 -0.0300035 -0.0300034 -0.0300033 -0.0300033
internal_weight=8.55858 8.30622 6.08889 0.252357 0.250008 0.247241 0.244943 0.242326
internal_count=2405 74 49 2331 2324 2316 2309 2295
is_linear=0
shrinkage=0.03


Tree=190
num_leaves=10
num_cat=0
split_feature=4 95 84 33 31 24 26 98 8
split_gain=0.973534 3.98098e-06 3.10158e-06 2.41731e-06 1.89836e-10 1.18099e-10 7.5685e-11 4.12452e-11 7.44471e-12
threshold=364.14132658787264 0.47789024505152133 0.31559877117521667 0.61126203178784544 0.30159733179475062 1.5359167475247728 0.0062325620946786829 0.09021221277759163 2.3436534016118
decision_type=2 2 2 2 2 2 2 2 2
left_child=4 3 -3 -2 5 6 7 8 -1
right_child=1 2 -4 -5 -6 -7 -8 -9 -10
leaf_value=-0.030004163417525376 0.030138519657090048 0.030109530717191732 0.03005707182031778 0.030097079433850586 -0.0300112300283411 -0.030010074175115826 -0.030008707323413472 -0.03000697907458252 -0.030003192299727175
leaf_weight=0.0073295605907340846 2.9242434054613096 1.8611065223813055 2.2294548313511768 2.2352286577224731 0.0028039124445058397 0.0023490664316341272 0.0023205323086585841 0.0026591625864966764 0.23158908051846083
leaf_count=63 21 16 27 21 9 7 8 14 2260
internal_value=0.0285271 0.030103 0.0300809 0.0301206 -0.0300035 -0.0300034 -0.0300033 -0.0300033 -0.0300032
internal_weight=9.49908 9.25003 4.09056 5.15947 0.249051 0.246247 0.243898 0.241578 0.238919
internal_count=2446 85 43 42 2361 2352 2345 2337 2323
is_linear=0
shrinkage=0.03


Tree=191
num_leaves=9
num_cat=0
split_feature=4 3 82 0 24 3 26 31
split_gain=0.944645 3.71112e-06 2.49397e-06 1.8139e-10 1.08033e-10 1.02179e-10 7.09248e-11 4.70345e-11
threshold=364.14132658787264 0.73300221293239853 0.60363866951722123 0.0096325209818127165 1.5359167475247728 0.17850401716788752 0.0062325620946786829 0.30159733179475062
decision_type=2 2 2 2 2 2 2 2
left_child=3 -2 -3 4 5 6 7 -1
right_child=1 2 -4 -5 -6 -7 -8 -9
leaf_value=-0.030003059008121294 0.030067763141704014 0.030096784770470064 0.030135129480114115 -0.030010989909269561 -0.030009776884389043 -0.030009280639348424 -0.030008449014116513 -0.030007639086731566
leaf_weight=0.2298745769439855 2.4479677015624457 4.0963079035282135 2.4334876388311386 0.0027763535617850712 0.0022796632838435462 0.0024731534067541352 0.0022519692720379672 0.0020358353503979734
leaf_count=2321 28 39 18 9 7 8 8 8
internal_value=0.0285237 0.0300993 0.0301111 -0.0300034 -0.0300033 -0.0300032 -0.0300032 -0.0300031
internal_weight=9.21945 8.97776 6.5298 0.241692 0.238915 0.236636 0.234162 0.23191
internal_count=2446 85 57 2361 2352 2345 2337 2329
is_linear=0
shrinkage=0.03


Tree=192
num_leaves=10
num_cat=0
split_feature=4 95 75 33 0 24 3 26 98
split_gain=0.916617 3.94281e-06 3.81351e-06 2.01857e-06 1.65802e-10 9.87463e-11 9.33892e-11 6.48551e-11 3.57929e-11
threshold=364.14132658787264 0.47789024505152133 0.55170564868060457 0.61126203178784544 0.0096325209818127165 1.5359167475247728 0.17850401716788752 0.0062325620946786829 0.09021221277759163
decision_type=2 2 2 2 2 2 2 2 2
left_child=4 3 -3 -2 5 6 7 8 -1
right_child=1 2 -4 -5 -6 -7 -8 -9 -10
leaf_value=-0.030002966877779893 0.030130426412222425 0.030039689145951586 0.030099718029951178 0.030091409075622251 -0.030010665026093897 -0.030009487676629795 -0.030009005871374745 -0.030008200066862601 -0.030006573513547449
leaf_weight=0.22255275489442361 2.7547415867447835 1.7220397142227741 2.131266787648201 2.1054399535059929 0.002694328606594353 0.0022123100643511853 0.0024000823323149225 0.0021854313963558516 0.0025043476780410847
leaf_count=2315 21 23 20 21 9 7 8 8 14
internal_value=0.0285202 0.0300956 0.0300729 0.0301135 -0.0300033 -0.0300032 -0.0300031 -0.0300031 -0.030003
internal_weight=8.94804 8.71349 3.85331 4.86018 0.234549 0.231855 0.229643 0.227243 0.225057
internal_count=2446 85 43 42 2361 2352 2345 2337 2329
is_linear=0
shrinkage=0.03


Tree=193
num_leaves=9
num_cat=0
split_feature=4 3 82 0 24 3 96 31
split_gain=0.889421 4.02943e-06 2.08242e-06 1.51513e-10 9.0243e-11 8.53194e-11 5.92337e-11 3.92634e-11
threshold=364.14132658787264 0.73300221293239853 0.60363866951722123 0.0096325209818127165 1.5359167475247728 0.17850401716788752 0.0062325620946786829 0.30159733179475062
decision_type=2 2 2 2 2 2 2 2
left_child=3 -2 -3 4 5 6 7 -1
right_child=1 2 -4 -5 -6 -7 -8 -9
leaf_value=-0.030002881209112667 0.030058088589804959 0.030091133089017681 0.030127234146090493 -0.030010350250124582 -0.030009207994269992 -0.030008739510250675 -0.030007956948044531 -0.030007193251861616
leaf_weight=0.21648897935665523 2.3060644906363432 3.8584989830851555 2.2924114987254143 0.002614726166939362 0.002146946149878203 0.0023291695397347203 0.0021208590187598011 0.0019173140899511045
leaf_count=2321 28 39 18 9 7 8 8 8
internal_value=0.0285169 0.0300919 0.0301046 -0.0300032 -0.0300031 -0.030003 -0.030003 -0.0300029
internal_weight=8.68459 8.45697 6.15091 0.227618 0.225003 0.222856 0.220527 0.218406
internal_count=2446 85 57 2361 2352 2345 2337 2329
is_linear=0
shrinkage=0.03


Tree=194
num_leaves=9
num_cat=0
split_feature=4 3 82 0 24 3 26 31
split_gain=0.863034 4.21794e-06 1.90289e-06 1.38497e-10 8.24595e-11 7.79849e-11 5.41508e-11 3.58991e-11
threshold=364.14132658787264 0.73300221293239853 0.60363866951722123 0.0096325209818127165 1.5359167475247728 0.17850401716788752 0.0062325620946786829 0.30159733179475062
decision_type=2 2 2 2 2 2 2 2
left_child=3 -2 -3 4 5 6 7 -1
right_child=1 2 -4 -5 -6 -7 -8 -9
leaf_value=-0.030002795561142416 0.030053197929362525 0.030088432290620075 0.030123461674639196 -0.030010044447970868 -0.030008934757398836 -0.030008481031507193 -0.030007721968943985 -0.030006981026891359
leaf_weight=0.21009135534404855 2.2382687013596279 3.7447941452264786 2.2249349057674408 0.0025374748365720725 0.0020835129835177204 0.0022603513498324892 0.0020581940771080545 0.001860661868704482
leaf_count=2321 28 39 18 9 7 8 8 8
internal_value=0.0285135 0.0300883 0.0301015 -0.0300031 -0.030003 -0.0300029 -0.0300029 -0.0300028
internal_weight=8.42889 8.208 5.96973 0.220892 0.218354 0.216271 0.21401 0.211952
internal_count=2446 85 57 2361 2352 2345 2337 2329
is_linear=0
shrinkage=0.03


Tree=195
num_leaves=9
num_cat=0
split_feature=72 3 53 4 24 3 26 75
split_gain=0.82349 6.81785e-06 1.79048e-06 7.75675e-11 7.51497e-11 7.09889e-11 4.30846e-11 3.29456e-11
threshold=0.24317340227985554 0.73300221293239853 0.56547425665440609 364.14132658787264 1.5359167475247728 0.17850401716788752 0.0062325620946786829 0.044266990499645449
decision_type=2 2 2 2 2 2 2 2
left_child=3 -2 -3 4 5 6 7 -1
right_child=1 2 -4 -5 -6 -7 -8 -9
leaf_value=-0.030002727727976297 0.030033589115137267 0.03008506184090087 0.030120315285272235 -0.030008499441400646 -0.030008672831293097 -0.030008230007984943 -0.030007494344630084 -0.030006792766932858
leaf_weight=0.20143414226913581 1.7918281936581477 2.7937679886817932 2.4195426777005196 0.002265111659653484 0.0020224082400090984 0.0021935001714155069 0.0017477805668022475 0.0018104934570146716
leaf_count=2288 26 30 20 8 7 8 7 8
internal_value=0.0283233 0.0300841 0.0301014 -0.030003 -0.0300029 -0.0300029 -0.0300028 -0.0300028
internal_weight=7.21661 7.00514 5.21331 0.211473 0.209208 0.207186 0.204992 0.203245
internal_count=2402 76 50 2326 2318 2311 2303 2296
is_linear=0
shrinkage=0.03


Tree=196
num_leaves=9
num_cat=0
split_feature=72 3 53 24 3 75 26 31
split_gain=0.799059 7.07395e-06 1.63611e-06 6.7266e-11 6.33884e-11 2.85907e-11 3.89108e-11 2.93487e-11
threshold=0.24317340227985554 0.73300221293239853 0.56547425665440609 1.5359167475247728 0.17850401716788752 0.044266990499645449 0.0062325620946786829 0.30159733179475062
decision_type=2 2 2 2 2 2 2 2
left_child=3 -2 -3 4 5 6 7 -1
right_child=1 2 -4 -5 -6 -7 -8 -9
leaf_value=-0.030002674728155241 0.030028282122663279 0.030082541301048586 0.030116748343298649 -0.030008416836487067 -0.030007985921685076 -0.030006591855426253 -0.030007272619497288 -0.030006574510999792
leaf_weight=0.1959272320891613 1.7391743712214518 2.7114233896136284 2.3483082726597786 0.0019626535649877033 0.0021286894625518462 0.0017569968622410661 0.0016961381625151253 0.0017523358401376745
leaf_count=2288 26 30 20 7 8 8 7 8
internal_value=0.02832 0.0300805 0.0300984 -0.0300029 -0.0300028 -0.0300028 -0.0300027 -0.0300027
internal_weight=7.00413 6.79891 5.05973 0.205224 0.203261 0.201133 0.199376 0.19768
internal_count=2402 76 50 2326 2319 2311 2303 2296
is_linear=0
shrinkage=0.03


Tree=197
num_leaves=9
num_cat=0
split_feature=0 3 53 4 3 75 26 31
split_gain=0.77523 7.58922e-06 1.49505e-06 6.45975e-11 5.78699e-11 2.60955e-11 3.5529e-11 2.67844e-11
threshold=0.0096325209818127165 0.73300221293239853 0.56547425665440609 364.14132658787264 0.17850401716788752 0.044266990499645449 0.0062325620946786829 0.30159733179475062
decision_type=2 2 2 2 2 2 2 2
left_child=3 -2 -3 4 5 6 7 -1
right_child=1 2 -4 -5 -6 -7 -8 -9
leaf_value=-0.030002597771788448 0.030021764353478628 0.030080095528270404 0.030113287263603117 -0.030008003235223735 -0.030007749353557951 -0.03000639673635646 -0.030007057764316888 -0.030006379608046488
leaf_weight=0.18987758389994258 1.688104904911597 2.6314994320273399 2.2791632562875748 0.0021332484320737413 0.0020657932036556295 0.0017050806636689222 0.001646021308260969 0.0017005573463393367
leaf_count=2286 27 30 20 8 8 8 7 8
internal_value=0.0283168 0.0300766 0.0300955 -0.0300028 -0.0300028 -0.0300027 -0.0300027 -0.0300026
internal_weight=6.7979 6.59877 4.91066 0.199128 0.196995 0.194929 0.193224 0.191578
internal_count=2402 77 50 2325 2317 2309 2301 2294
is_linear=0
shrinkage=0.03


Tree=198
num_leaves=9
num_cat=0
split_feature=98 3 53 4 24 3 26 31
split_gain=0.752368 7.67683e-06 1.36615e-06 5.90203e-11 5.7186e-11 5.40035e-11 3.27525e-11 2.47357e-11
threshold=0.099769326286756541 0.73300221293239853 0.56547425665440609 364.14132658787264 1.5359167475247728 0.17850401716788752 0.0062325620946786829 0.30159733179475062
decision_type=2 2 2 2 2 2 2 2
left_child=3 -2 -3 4 5 6 7 -1
right_child=1 2 -4 -5 -6 -7 -8 -9
leaf_value=-0.030002501821302631 0.03001739473514067 0.030077722622193399 0.030109929241526365 -0.030007767797853621 -0.030007926253765891 -0.030007521465668856 -0.030006848774761567 -0.030006191079268985
leaf_weight=0.18410630549624318 1.6384814506018299 2.5539253130555153 2.2120467573404312 0.0020702174224425099 0.0018483975727576754 0.0020047548168804488 0.0015973849658621466 0.0016503084916621438
leaf_count=2287 27 30 20 8 7 8 7 8
internal_value=0.0283135 0.0300734 0.0300927 -0.0300027 -0.0300027 -0.0300026 -0.0300026 -0.0300025
internal_weight=6.59773 6.40445 4.76597 0.193277 0.191207 0.189359 0.187354 0.185757
internal_count=2402 77 50 2325 2317 2310 2302 2295
is_linear=0
shrinkage=0.03


Tree=199
num_leaves=9
num_cat=0
split_feature=72 3 53 24 3 98 26 75
split_gain=0.730763 6.7178e-06 1.24838e-06 5.11233e-11 4.81887e-11 3.22551e-11 2.96504e-11 2.261e-11
threshold=0.24317340227985554 0.73300221293239853 0.56547425665440609 1.5359167475247728 0.17850401716788752 0.099769326286756541 0.0062325620946786829 0.044266990499645449
decision_type=2 2 2 2 2 2 2 2
left_child=3 -2 -3 4 5 6 7 -1
right_child=1 2 -4 -5 -6 -7 -8 -9
leaf_value=-0.030002448203105308 0.030018446140989002 0.030075419959012768 0.030106670992346585 -0.030007691057864178 -0.030007298772247632 -0.030006809256288944 -0.030006646707500022 -0.030006023900441197
leaf_weight=0.17926017529680383 1.5901747707976026 2.4786322861909866 2.1468997150659561 0.0017937829834409049 0.0019455195870250455 0.0015881912549957624 0.0015501854213653124 0.0016058100882219142
leaf_count=2289 26 30 20 7 8 7 7 8
internal_value=0.0283103 0.0300716 0.0300899 -0.0300027 -0.0300026 -0.0300026 -0.0300025 -0.0300025
internal_weight=6.40345 6.21571 4.62553 0.187744 0.18595 0.184004 0.182416 0.180866
internal_count=2402 76 50 2326 2319 2311 2304 2297
is_linear=0
shrinkage=0.03


Tree=200
num_leaves=9
num_cat=0
split_feature=26 95 21 0 4 3 98 75
split_gain=0.704883 4.05398e-06 9.28517e-07 9.79484e-11 4.95234e-11 3.88131e-11 2.96511e-11 2.04114e-11
threshold=0.0062325620946786829 0.66384588668190914 0.650052640079674 0.0096325209818127165 364.14132658787264 0.17850401716788752 0.099769326286756541 0.044266990499645449
decision_type=2 2 2 2 2 2 2 2
left_child=3 2 -2 4 5 6 7 -1
right_child=1 -3 -4 -5 -6 -7 -8 -9
leaf_value=-0.030002396742334011 0.030065786385308442 0.030020415592442083 0.03009563668562561 -0.030009172135586109 -0.030007314474625194 -0.030007083691604843 -0.030006607227317825 -0.030005845637880085
leaf_weight=0.17307812201033801 2.211530803542701 1.5093812653067287 1.6284289658069608 0.0020386341639095909 0.0019496391178108743 0.0016521990910405284 0.0015410139603773123 0.0015582915075356132
leaf_count=2273 29 25 17 8 8 7 7 8
internal_value=0.0280877 0.0300621 0.0300784 -0.0300026 -0.0300026 -0.0300025 -0.0300025 -0.0300024
internal_weight=5.53116 5.34934 3.83996 0.181818 0.179779 0.17783 0.176177 0.174636
internal_count=2382 71 46 2311 2303 2295 2288 2281
is_linear=0
shrinkage=0.03


Tree=201
num_leaves=8
num_cat=0
split_feature=98 8 0 24 4 3 26
split_gain=0.684196 4.00879e-06 8.94296e-11 4.89919e-11 4.62435e-11 3.62941e-11 3.22505e-11
threshold=0.099769326286756541 0.66401466542728171 0.0096325209818127165 1.5359167475247728 364.14132658787264 0.17850401716788752 0.0062325620946786829
decision_type=2 2 2 2 2 2 2
left_child=2 -2 3 4 5 6 -1
right_child=1 -3 -4 -5 -6 -7 -8
leaf_value=-0.030002299847163471 0.030080759090289823 0.030026903300654592 -0.0300089014955582 -0.030007240553508584 -0.030007098322581267 -0.030006874625826883 -0.030006646758286459
leaf_weight=0.16754565689916479 3.1254928782582283 2.0662715054349974 0.0019784010073635718 0.0019298705592518664 0.0018920320144388816 0.001603380238520912 0.0015503049362450829
leaf_count=2273 37 34 8 8 8 7 7
internal_value=0.0280846 0.0300593 -0.0300026 -0.0300025 -0.0300024 -0.0300024 -0.0300023
internal_weight=5.36826 5.19176 0.1765 0.174521 0.172591 0.170699 0.169096
internal_count=2382 71 2311 2303 2295 2287 2280
is_linear=0
shrinkage=0.03


Tree=202
num_leaves=9
num_cat=0
split_feature=26 95 21 31 24 4 3 8
split_gain=0.66405 4.13515e-06 8.14704e-07 7.23176e-11 4.45367e-11 4.20232e-11 3.297e-11 3.24724e-12
threshold=0.0062325620946786829 0.66384588668190914 0.650052640079674 0.30159733179475062 1.5359167475247728 364.14132658787264 0.17850401716788752 2.4029188178459351
decision_type=2 2 2 2 2 2 2 2
left_child=3 2 -2 4 5 6 7 -1
right_child=1 -3 -4 -5 -6 -7 -8 -9
leaf_value=-0.030002970541562549 0.030061246508178097 0.030013078909198361 0.030090056388847555 -0.030008791920859122 -0.030007026746780723 -0.030006888382438493 -0.030006671233531689 -0.030002257822082507
leaf_weight=0.0059701207501346989 2.0830771518085389 1.4218435622460672 1.5339181423187254 0.001621464063646271 0.0018728474096860728 0.0018361266556894398 0.001556003568111918 0.15846370238432428
leaf_count=73 29 25 17 7 8 8 7 2208
internal_value=0.0280816 0.0300564 0.0300735 -0.0300025 -0.0300024 -0.0300024 -0.0300023 -0.0300023
internal_weight=5.21016 5.03884 3.617 0.17132 0.169699 0.167826 0.16599 0.164434
internal_count=2382 71 46 2311 2304 2296 2288 2281
is_linear=0
shrinkage=0.03


Tree=203
num_leaves=9
num_cat=0
split_feature=72 21 76 0 24 4 72 26
split_gain=0.650571 5.14212e-07 4.9319e-08 7.36612e-11 4.01505e-11 3.7865e-11 3.76754e-11 3.37903e-11
threshold=0.6441844089355816 0.65671870128022369 0.54466943356469377 0.0096325209818127165 1.5359167475247728 364.14132658787264 0.24317340227985554 0.0062325620946786829
decision_type=2 2 2 2 2 2 2 2
left_child=3 2 -2 4 5 6 7 -1
right_child=1 -3 -4 -5 -6 -7 -8 -9
leaf_value=-0.030002196693528622 0.030060791719328388 0.030084426266834493 0.030068494468685914 -0.030008382844837977 -0.030006818910358342 -0.030006684803833564 -0.030006640579527774 -0.030006647232938295
leaf_weight=0.15902477452618757 1.5779611319303515 1.8884098976850507 1.4225275069475172 0.0018632281717145807 0.0018175088043790302 0.0017818728083511806 0.0017700071039143941 0.001550325585412792
leaf_count=2279 23 22 19 8 8 8 8 7
internal_value=0.0280786 0.0300722 0.0300644 -0.0300025 -0.0300024 -0.0300023 -0.0300023 -0.0300022
internal_weight=5.05671 4.8889 3.00049 0.167808 0.165944 0.164127 0.162345 0.160575
internal_count=2382 64 42 2318 2310 2302 2294 2286
is_linear=0
shrinkage=0.03


Tree=204
num_leaves=9
num_cat=0
split_feature=75 11 18 31 26 3 68 13
split_gain=0.625759 3.66446e-06 4.79951e-07 6.0124e-11 2.91013e-11 2.66156e-11 2.82427e-12 2.58554e-12
threshold=0.044266990499645449 25.341599068317162 0.69925249894253028 0.30159733179475062 0.0062325620946786829 0.17850401716788752 0.98351454168202124 0.93829380638178905
decision_type=2 2 2 2 2 2 2 2
left_child=3 2 -2 4 5 6 7 -1
right_child=1 -3 -4 -5 -6 -7 -8 -9
leaf_value=-0.03000217203489796 0.030059906911735008 0.030012396319727169 0.03008295368792592 -0.030008279061767118 -0.030006450650722216 -0.030006282864240334 -0.030003357925850089 -0.030002639234842952
leaf_weight=0.14351123476080818 1.8859708681702616 1.4303922843246253 1.4297607839107511 0.0015270696458173907 0.0015045162435853845 0.001465413923142477 0.0019420605312916442 0.011516217782627791
leaf_count=2110 28 27 17 7 7 7 23 156
internal_value=0.0280766 0.0300525 0.0300698 -0.0300024 -0.0300023 -0.0300023 -0.0300022 -0.0300022
internal_weight=4.90759 4.74612 3.31573 0.161467 0.159939 0.158435 0.15697 0.155027
internal_count=2382 72 45 2310 2303 2296 2289 2266
is_linear=0
shrinkage=0.03


Tree=205
num_leaves=9
num_cat=0
split_feature=75 78 78 0 4 98 24 26
split_gain=0.615752 3.03165e-07 3.84711e-08 6.33461e-11 3.15213e-11 2.71273e-11 1.82754e-11 1.61668e-11
threshold=0.34207318301595363 0.35274816505666434 0.72474463647160281 0.0096325209818127165 364.14132658787264 0.099769326286756541 1.4849253390213424 0.0049213177150411484
decision_type=2 2 2 2 2 2 2 2
left_child=3 -2 -3 4 5 6 7 -1
right_child=1 2 -4 -5 -6 -7 -8 -9
leaf_value=-0.030002054204435684 0.03007530531403068 0.030057061547337952 0.030063848073814466 -0.03000766731925655 -0.030006297902718373 -0.030006039008444906 -0.030005134233767345 -0.030004894525850669
leaf_weight=0.149671707098605 1.8775295764207838 1.7390053160488608 1.3242222443222997 0.0019372960668988517 0.0016786718333605668 0.0016096723411465055 0.0017939789831871158 0.0018255577742820597
leaf_count=2284 24 27 19 9 8 8 14 15
internal_value=0.0281985 0.0300658 0.03006 -0.0300023 -0.0300022 -0.0300022 -0.0300021 -0.0300021
internal_weight=5.09927 4.94076 3.06323 0.158517 0.15658 0.154901 0.153291 0.151497
internal_count=2408 70 46 2338 2329 2321 2313 2299
is_linear=0
shrinkage=0.03


Tree=206
num_leaves=9
num_cat=0
split_feature=75 51 79 31 4 98 26 75
split_gain=0.597516 2.12354e-07 5.25009e-08 5.02816e-11 2.86513e-11 2.46451e-11 1.42867e-11 8.38293e-12
threshold=0.34207318301595363 32938.014635335938 0.61346550168046632 0.30159733179475062 364.14132658787264 0.099769326286756541 0.0049213177150411484 0.037635033422750992
decision_type=2 2 2 2 2 2 2 2
left_child=3 2 -2 4 5 6 7 -1
right_child=1 -3 -4 -5 -6 -7 -8 -9
leaf_value=-0.030002014398516297 0.030055606954217298 0.030072309974394931 0.030063486442336643 -0.030007499785962781 -0.030006111275468431 -0.030005859859735612 -0.030004749955246896 -0.030004058932957666
leaf_weight=0.1454417464628931 1.694938473403454 1.7188544981181619 1.3812488727271555 0.0016002324700821182 0.0016290695493808008 0.0015621085040038443 0.0017716127986204802 0.0018275700422236687
leaf_count=2282 27 23 20 8 8 8 15 17
internal_value=0.0281968 0.0300639 0.0300591 -0.0300022 -0.0300022 -0.0300021 -0.0300021 -0.030002
internal_weight=4.94887 4.79504 3.07619 0.153832 0.152232 0.150603 0.149041 0.147269
internal_count=2408 70 47 2338 2330 2322 2314 2299
is_linear=0
shrinkage=0.03


Tree=207
num_leaves=9
num_cat=0
split_feature=72 15 16 0 4 98 24 96
split_gain=0.575888 3.14195e-06 2.95166e-07 5.34063e-11 2.66661e-11 2.29736e-11 1.55546e-11 1.37722e-11
threshold=0.24317340227985554 0.65144683711729445 0.52802433062753684 0.0096325209818127165 364.14132658787264 0.099769326286756541 1.4849253390213424 0.0049213177150411484
decision_type=2 2 2 2 2 2 2 2
left_child=3 2 -2 4 5 6 7 -1
right_child=1 -3 -4 -5 -6 -7 -8 -9
leaf_value=-0.030001907754738637 0.03005466361499844 0.030007355733135326 0.030072201998775479 -0.030007220322895531 -0.030005930917576296 -0.030005687241822763 -0.030004836161754343 -0.030004609246017069
leaf_weight=0.13997481283513469 1.6595213860273363 1.1942989508388562 1.8007761165499685 0.0018245108949486158 0.0015809326141607008 0.0015159498143475494 0.0016895273620320941 0.0017192616833199273
leaf_count=2279 27 24 24 9 8 8 14 15
internal_value=0.028195 0.0300493 0.0300638 -0.0300021 -0.0300021 -0.030002 -0.030002 -0.0300019
internal_weight=4.8029 4.6546 3.4603 0.148305 0.14648 0.1449 0.143384 0.141694
internal_count=2408 75 51 2333 2324 2316 2308 2294
is_linear=0
shrinkage=0.03


Tree=208
num_leaves=9
num_cat=0
split_feature=72 15 84 0 4 98 26 3
split_gain=0.558821 3.36291e-06 1.85255e-07 4.88098e-11 2.43772e-11 2.0993e-11 1.22671e-11 1.07709e-11
threshold=0.24317340227985554 0.65144683711729445 0.65756285178679896 0.0096325209818127165 364.14132658787264 0.099769326286756541 0.0049213177150411484 0.17235128475512304
decision_type=2 2 2 2 2 2 2 2
left_child=3 2 -2 4 5 6 7 -1
right_child=1 -3 -4 -5 -6 -7 -8 -9
leaf_value=-0.030001855849409523 0.030056723709649562 0.030002637860083416 0.030071489654057652 -0.030007007204920052 -0.030005756390828676 -0.030005519155287423 -0.030004473487591613 -0.030004259804625739
leaf_weight=0.13577938615344454 2.1805216111242776 1.1591816017898962 1.177716441452503 0.0017706008366076267 0.0015342178085120386 0.0014711548574268809 0.0016684572510712306 0.0016983991190500083
leaf_count=2277 35 24 16 9 8 8 15 16
internal_value=0.0281926 0.0300467 0.0300619 -0.0300021 -0.030002 -0.030002 -0.0300019 -0.0300019
internal_weight=4.66134 4.51742 3.35824 0.143922 0.142152 0.140617 0.139146 0.137478
internal_count=2408 75 51 2333 2324 2316 2308 2293
is_linear=0
shrinkage=0.03


Tree=209
num_leaves=9
num_cat=0
split_feature=75 30 13 0 4 98 96 3
split_gain=0.546435 1.79873e-07 3.10212e-08 4.40425e-11 2.18949e-11 1.88268e-11 1.09139e-11 9.5664e-12
threshold=0.34207318301595363 0.4142800906474467 0.49638269493215742 0.0096325209818127165 364.14132658787264 0.099769326286756541 0.0049213177150411484 0.17235128475512304
decision_type=2 2 2 2 2 2 2 2
left_child=3 -2 -3 4 5 6 7 -1
right_child=1 2 -4 -5 -6 -7 -8 -9
leaf_value=-0.030001834700021161 0.03006592492389154 0.030050316310572076 0.030056792423946106 -0.030006800077631905 -0.030005585969589563 -0.030005355436472758 -0.030004340691425404 -0.030004134383252917
leaf_weight=0.13280863138788834 1.7189806140959261 1.3637427985668185 1.3005194924771784 0.0017182833689730606 0.0014888831647112957 0.001427683309884741 0.0016191539361898313 0.0016482106366311191
leaf_count=2282 25 24 21 9 8 8 15 16
internal_value=0.0281903 0.0300584 0.0300535 -0.030002 -0.030002 -0.0300019 -0.0300019 -0.0300019
internal_weight=4.52395 4.38324 2.66426 0.140711 0.138993 0.137504 0.136076 0.134457
internal_count=2408 70 45 2338 2329 2321 2313 2298
is_linear=0
shrinkage=0.03


Tree=210
num_leaves=9
num_cat=0
split_feature=24 24 71 72 4 26 98 3
split_gain=0.519224 3.30636e-06 7.07686e-07 2.30703e-11 2.24745e-11 1.99249e-11 1.98556e-11 9.60843e-12
threshold=1.5359167475247728 4.3891643065223169 0.81114014027883652 0.24317340227985554 364.14132658787264 0.0062325620946786829 0.099769326286756541 0.17235128475512304
decision_type=2 2 2 2 2 2 2 2
left_child=3 -2 -3 4 5 6 7 -1
right_child=1 2 -4 -5 -6 -7 -8 -9
leaf_value=-0.03000176263203291 0.030004659054981314 0.03005154434803552 0.030078592071312381 -0.030006070186074912 -0.03000542084605826 -0.030005385883169703 -0.030005197517308759 -0.030004186311236636
leaf_weight=0.12591411070752645 1.1604583481675943 2.06465145200491 1.5053866803646085 0.0012136212899349621 0.0016253992507699868 0.0014357426553033284 0.001558750605909153 0.0014895398817316155
leaf_count=2243 25 36 20 6 9 8 9 14
internal_value=0.0284036 0.0300487 0.0300629 -0.030002 -0.0300019 -0.0300019 -0.0300018 -0.0300018
internal_weight=4.86373 4.7305 3.57004 0.133237 0.132024 0.130398 0.128962 0.127404
internal_count=2370 81 56 2289 2283 2274 2266 2257
is_linear=0
shrinkage=0.03


Tree=211
num_leaves=9
num_cat=0
split_feature=24 24 79 0 72 4 26 98
split_gain=0.503837 3.50381e-06 5.41057e-07 3.56223e-11 2.15892e-11 2.11123e-11 1.87425e-11 1.86986e-11
threshold=1.5359167475247728 4.3891643065223169 0.29157699036694806 0.0096325209818127165 0.24317340227985554 364.14132658787264 0.0062325620946786829 0.099769326286756541
decision_type=2 2 2 2 2 2 2 2
left_child=3 -2 -3 4 5 6 7 -1
right_child=1 2 -4 -5 -6 -7 -8 -9
leaf_value=-0.030001687272812386 0.030000177335387165 0.030075195300491343 0.030051124903106272 -0.030007125788567846 -0.030005891018467627 -0.030005259602491875 -0.030005227156750375 -0.030005043227923113
leaf_weight=0.12247712918178866 1.1263273497752377 1.4338483251631262 2.0308907590806484 0.0011613900132942936 0.0011777602921938515 0.0015773697523400179 0.0013933173177065319 0.0015126902144402257
leaf_count=2251 25 20 36 6 6 9 8 9
internal_value=0.0284013 0.0300461 0.0300611 -0.0300019 -0.0300018 -0.0300018 -0.0300018 -0.0300017
internal_weight=4.72037 4.59107 3.46474 0.1293 0.128138 0.126961 0.125383 0.12399
internal_count=2370 81 56 2289 2283 2277 2268 2260
is_linear=0
shrinkage=0.03


Tree=212
num_leaves=9
num_cat=0
split_feature=24 24 79 0 72 4 26 98
split_gain=0.488907 3.72149e-06 4.94462e-07 3.25619e-11 1.97262e-11 1.9295e-11 1.71286e-11 1.70921e-11
threshold=1.5359167475247728 4.3891643065223169 0.29157699036694806 0.0096325209818127165 0.24317340227985554 364.14132658787264 0.0062325620946786829 0.099769326286756541
decision_type=2 2 2 2 2 2 2 2
left_child=3 -2 -3 4 5 6 7 -1
right_child=1 2 -4 -5 -6 -7 -8 -9
leaf_value=-0.030001637315727157 0.029995561053827131 0.030072969179556201 0.030049611556970723 -0.030006915517416122 -0.030005716320737969 -0.030005104048040656 -0.030005072497365781 -0.03000489435180597
leaf_weight=0.11885757849086065 1.0932050547562537 1.3915731534361842 1.9709666371345518 0.0011270735558355218 0.0011429587611928574 0.0015307592548197127 0.0013521454384317613 0.0014679906307719639
leaf_count=2251 25 20 36 6 6 9 8 9
internal_value=0.028399 0.0300436 0.0300593 -0.0300018 -0.0300018 -0.0300018 -0.0300017 -0.0300017
internal_weight=4.58122 4.45574 3.36254 0.125479 0.124351 0.123208 0.121678 0.120326
internal_count=2370 81 56 2289 2283 2277 2268 2260
is_linear=0
shrinkage=0.03


Tree=213
num_leaves=9
num_cat=0
split_feature=75 24 71 0 72 4 96 98
split_gain=0.474526 3.78502e-06 5.40205e-07 2.95636e-11 1.78804e-11 1.74615e-11 1.54954e-11 1.54645e-11
threshold=0.044266990499645449 4.3891643065223169 0.81114014027883652 0.0096325209818127165 0.24317340227985554 364.14132658787264 0.0062325620946786829 0.099769326286756541
decision_type=2 2 2 2 2 2 2 2
left_child=3 -2 -3 4 5 6 7 -1
right_child=1 2 -4 -5 -6 -7 -8 -9
leaf_value=-0.030001605535057388 0.029992297674270356 0.030047100674452567 0.030071817374198808 -0.030006710583427076 -0.030005547564464243 -0.030004953246630956 -0.030004922204635114 -0.030004750426777822
leaf_weight=0.11537148637944472 1.0610354596574323 1.8871979229152205 1.3761513866484163 0.001093770842999219 0.001109185366658493 0.0014855258486932135 0.0013121899683028451 0.0014246117207221678
leaf_count=2249 27 36 20 6 6 9 8 9
internal_value=0.0283967 0.0300415 0.0300575 -0.0300018 -0.0300018 -0.0300017 -0.0300017 -0.0300016
internal_weight=4.44618 4.32438 3.26335 0.121797 0.120703 0.119594 0.118108 0.116796
internal_count=2370 83 56 2287 2281 2275 2266 2258
is_linear=0
shrinkage=0.03


Tree=214
num_leaves=10
num_cat=0
split_feature=31 0 35 79 72 4 26 75 0
split_gain=0.460488 2.71048e-06 3.44346e-07 1.80811e-08 1.61165e-11 1.56979e-11 1.39284e-11 8.30724e-12 2.70373e-12
threshold=0.30159733179475062 0.60552095448286514 0.71612335472834987 0.49121412823904215 0.24317340227985554 364.14132658787264 0.0062325620946786829 0.044266990499645449 0.0086053913621967019
decision_type=2 2 2 2 2 2 2 2 2
left_child=4 -2 3 -3 5 6 7 8 -1
right_child=1 2 -4 -5 -6 -7 -8 -9 -10
leaf_value=-0.030001582851817643 0.029998525855158675 0.030043488445401698 0.030067396785949344 0.030049122599812517 -0.030005383510766075 -0.030004807002201317 -0.030004777255099709 -0.03000433065587629 -0.030002997001572239
leaf_weight=0.11217150112133811 1.0937846689339492 1.0317041613161571 1.0525021813809869 1.018922936171293 0.0010764097823994226 0.0014416288468055418 0.0012734149640891692 0.001010280873742885 0.0012301387250772669
leaf_count=2242 26 21 16 19 6 9 8 7 16
internal_value=0.0283944 0.0300391 0.0300534 0.0300463 -0.0300017 -0.0300017 -0.0300017 -0.0300016 -0.0300016
internal_weight=4.31512 4.19691 3.10313 2.05063 0.118203 0.117127 0.115685 0.114412 0.113402
internal_count=2370 82 56 40 2288 2282 2273 2265 2258
is_linear=0
shrinkage=0.03


Tree=215
num_leaves=9
num_cat=0
split_feature=26 82 22 0 24 72 4 26
split_gain=0.464321 2.8844e-07 1.1746e-07 2.82905e-11 2.72814e-11 1.99988e-11 1.30661e-11 1.13502e-11
threshold=0.33604674365287451 0.69408529040089839 0.64168414755978098 0.0096325209818127165 1.5359167475247728 0.24317340227985554 364.14132658787264 0.0062325620946786829
decision_type=2 2 2 2 2 2 2 2
left_child=3 2 -2 4 5 6 7 -1
right_child=1 -3 -4 -5 -6 -7 -8 -9
leaf_value=-0.030001544954351082 0.030043355114108765 0.030067003153739634 0.030056579796501882 -0.030006115443368377 -0.030005697423638678 -0.030005224041381031 -0.03000466571324387 -0.030004633812590189
leaf_weight=0.1131322627225021 1.6533440127968795 1.0207193046808241 0.95278296247124661 0.0013220699765952295 0.0015187575772870323 0.0013927275867899871 0.0012437880213838062 0.0010808861115947357
leaf_count=2319 34 16 16 8 8 8 8 7
internal_value=0.0281349 0.0300535 0.0300482 -0.0300018 -0.0300017 -0.0300017 -0.0300016 -0.0300016
internal_weight=3.74654 3.62685 2.60613 0.11969 0.118368 0.11685 0.115457 0.114213
internal_count=2424 66 50 2358 2350 2342 2334 2326
is_linear=0
shrinkage=0.03


Tree=216
num_leaves=9
num_cat=0
split_feature=26 82 22 24 72 4 26 98
split_gain=0.450575 2.63597e-07 1.07335e-07 2.43242e-11 1.77811e-11 1.15493e-11 1.00243e-11 1.01239e-11
threshold=0.33604674365287451 0.69408529040089839 0.64168414755978098 1.5359167475247728 0.24317340227985554 364.14132658787264 0.0062325620946786829 0.099769326286756541
decision_type=2 2 2 2 2 2 2 2
left_child=3 2 -2 4 5 6 7 -1
right_child=1 -3 -4 -5 -6 -7 -8 -9
leaf_value=-0.03000152095704 0.030042071842890664 0.030065019425407666 0.030054904432008384 -0.030005528797066527 -0.030005070769387215 -0.030004528206597374 -0.03000449689894235 -0.030004341314027121
leaf_weight=0.10991433727031141 1.6045478135347373 0.99061684310436238 0.92467472329735745 0.0014738796453457317 0.0013515730970539144 0.0012070340017089612 0.0010489458072697735 0.0011575326789170495
leaf_count=2319 34 16 16 8 8 8 7 8
internal_value=0.0281335 0.0300519 0.0300468 -0.0300017 -0.0300017 -0.0300016 -0.0300016 -0.0300016
internal_weight=3.63599 3.51984 2.52922 0.116153 0.114679 0.113328 0.112121 0.111072
internal_count=2424 66 50 2358 2350 2342 2334 2327
is_linear=0
shrinkage=0.03


Tree=217
num_leaves=9
num_cat=0
split_feature=96 82 22 24 72 4 3 96
split_gain=0.437237 2.40916e-07 9.80966e-08 2.22402e-11 1.62502e-11 1.05543e-11 9.43692e-12 9.34805e-12
threshold=0.33604674365287451 0.69408529040089839 0.64168414755978098 1.5359167475247728 0.24317340227985554 364.14132658787264 0.17850401716788752 0.0062325620946786829
decision_type=2 2 2 2 2 2 2 2
left_child=3 2 -2 4 5 6 7 -1
right_child=1 -3 -4 -5 -6 -7 -8 -9
leaf_value=-0.030001475089168377 0.030040826860044882 0.030063095874808304 0.030053279880761355 -0.030005365985133137 -0.03000492062783781 -0.030004394026180863 -0.030004253646245753 -0.030004363647874413
leaf_weight=0.1066554899553015 1.5571898221969611 0.96140028536319722 0.89739423617720593 0.0014303275966085485 0.0013116345362504936 0.0011713658896042025 0.0011338711483404032 0.0010179492528550318
leaf_count=2319 34 16 16 8 8 8 8 7
internal_value=0.0281321 0.0300504 0.0300454 -0.0300016 -0.0300016 -0.0300016 -0.0300015 -0.0300015
internal_weight=3.5287 3.41598 2.45458 0.112721 0.11129 0.109979 0.108807 0.107673
internal_count=2424 66 50 2358 2350 2342 2334 2326
is_linear=0
shrinkage=0.03


Tree=218
num_leaves=9
num_cat=0
split_feature=26 82 22 0 24 72 4 98
split_gain=0.424294 2.20165e-07 8.96403e-08 2.15934e-11 2.08168e-11 1.52694e-11 9.97548e-12 8.59542e-12
threshold=0.33604674365287451 0.69408529040089839 0.64168414755978098 0.0096325209818127165 1.5359167475247728 0.24317340227985554 364.14132658787264 0.099769326286756541
decision_type=2 2 2 2 2 2 2 2
left_child=3 2 -2 4 5 6 7 -1
right_child=1 -3 -4 -5 -6 -7 -8 -9
leaf_value=-0.030001411214175558 0.030039618814159001 0.030061228207578325 0.030051702617058869 -0.03000558923674064 -0.030005206689076306 -0.030004775162464182 -0.030004264757940383 -0.030004089114776391
leaf_weight=0.10329327638100982 1.511227764189244 0.93304369971156109 0.87091725692152966 0.0012083123583579427 0.0013880622718716032 0.0012728759465971953 0.0011367516272002822 0.0010901352507062248
leaf_count=2318 34 16 16 8 8 8 8 8
internal_value=0.0281307 0.0300489 0.030044 -0.0300016 -0.0300016 -0.0300015 -0.0300015 -0.0300014
internal_weight=3.42458 3.31519 2.38215 0.109389 0.108181 0.106793 0.10552 0.104383
internal_count=2424 66 50 2358 2350 2342 2334 2326
is_linear=0
shrinkage=0.03


Tree=219
num_leaves=9
num_cat=0
split_feature=26 82 22 0 24 4 3 98
split_gain=0.411735 2.01218e-07 8.19224e-08 1.97473e-11 1.90317e-11 8.8632e-12 7.92215e-12 7.78985e-12
threshold=0.33604674365287451 0.69408529040089839 0.64168414755978098 0.0096325209818127165 1.5359167475247728 364.14132658787264 0.17850401716788752 0.099769326286756541
decision_type=2 2 2 2 2 2 2 2
left_child=3 2 -2 4 5 6 7 -1
right_child=1 -3 -4 -5 -6 -7 -8 -9
leaf_value=-0.030001380683799168 0.030038446330300332 0.030059416556104702 0.030050172540473142 -0.030005424356500516 -0.03000505248707613 -0.030004138185586785 -0.030004005195892927 -0.030003968512559497
leaf_weight=0.10040804942400461 1.4666206054389483 0.90552184358239163 0.8452201485633849 0.0011726076845661728 0.001347045646980404 0.0011031601170543573 0.0010678512335289261 0.0010579210647847495
leaf_count=2318 34 16 16 8 8 8 8 8
internal_value=0.0281294 0.0300474 0.0300427 -0.0300016 -0.0300015 -0.0300015 -0.0300014 -0.0300014
internal_weight=3.32352 3.21736 2.31184 0.106157 0.104984 0.103637 0.102534 0.101466
internal_count=2424 66 50 2358 2350 2342 2334 2326
is_linear=0
shrinkage=0.03


Tree=220
num_leaves=9
num_cat=0
split_feature=75 24 82 0 72 24 4 3
split_gain=0.391128 3.00461e-06 3.55545e-07 1.84298e-11 1.27165e-11 9.88364e-12 9.6079e-12 7.68631e-12
threshold=0.044266990499645449 4.3891643065223169 0.60363866951722123 0.0096325209818127165 0.24317340227985554 1.4849253390213424 364.14132658787264 0.17850401716788752
decision_type=2 2 2 2 2 2 2 2
left_child=3 -2 -3 4 5 6 7 -1
right_child=1 2 -4 -5 -6 -7 -8 -9
leaf_value=-0.030001289955665297 0.029991417716155044 0.03004336709653322 0.030065747993555325 -0.030005264042918867 -0.030004495836244847 -0.03000397983131748 -0.030004014709992484 -0.030003887713011764
leaf_weight=0.094462266319169763 1.0006484136902147 1.5777999982237818 1.0734483860433099 0.0011379095740267067 0.0011984404700342557 0.0013052579051873172 0.0012041809386573723 0.0010363390319980672
leaf_count=2275 29 34 18 8 8 14 9 8
internal_value=0.0284302 0.0300357 0.0300524 -0.0300015 -0.0300014 -0.0300014 -0.0300014 -0.0300013
internal_weight=3.75224 3.6519 2.65125 0.100344 0.0992065 0.098008 0.0967028 0.0954986
internal_count=2403 81 52 2322 2314 2306 2292 2283
is_linear=0
shrinkage=0.03


Tree=221
num_leaves=9
num_cat=0
split_feature=98 3 82 0 24 4 3 75
split_gain=0.380529 2.08722e-06 4.40263e-07 1.67854e-11 8.73358e-12 8.4842e-12 6.77391e-12 4.10542e-12
threshold=0.099769326286756541 0.73300221293239853 0.60363866951722123 0.0096325209818127165 1.4849253390213424 364.14132658787264 0.17850401716788752 0.037635033422750992
decision_type=2 2 2 2 2 2 2 2
left_child=3 -2 -3 4 5 6 7 -1
right_child=1 2 -4 -5 -6 -7 -8 -9
leaf_value=-0.030001274151717792 0.029996138961029397 0.030040440422384483 0.030065109638067883 -0.030005107471775757 -0.030003862352588808 -0.030003895257506706 -0.030003772128834275 -0.030003051307025821
leaf_weight=0.091895537672826655 0.83614302655041717 1.6185858026146891 1.0892612561583517 0.0011042849146178915 0.0012666865950450292 0.001168596572824753 0.0010057143954327321 0.0011849961592815808
leaf_count=2270 24 37 18 8 14 9 8 15
internal_value=0.028428 0.0300376 0.0300504 -0.0300014 -0.0300014 -0.0300014 -0.0300013 -0.0300013
internal_weight=3.64162 3.54399 2.70785 0.0976258 0.0965215 0.0952548 0.0940862 0.0930805
internal_count=2403 79 55 2324 2316 2302 2293 2285
is_linear=0
shrinkage=0.03


Tree=222
num_leaves=9
num_cat=0
split_feature=98 3 82 72 24 4 3 75
split_gain=0.369258 2.21492e-06 4.02327e-07 1.02696e-11 7.93111e-12 7.71641e-12 4.23171e-12 3.85841e-12
threshold=0.099769326286756541 0.73300221293239853 0.60363866951722123 0.24317340227985554 1.4849253390213424 364.14132658787264 0.17235128475512304 0.037635033422750992
decision_type=2 2 2 2 2 2 2 2
left_child=3 -2 -3 4 5 6 7 -1
right_child=1 2 -4 -5 -6 -7 -8 -9
leaf_value=-0.030001244664197995 0.029992173764409359 0.030039244407026607 0.030063182624616453 -0.030004233052135169 -0.030003748057493642 -0.03000378174600694 -0.030002952870529745 -0.030003023058149496
leaf_weight=0.088777215587470315 0.81153694199747439 1.5708109699189665 1.0571354515850542 0.0011286619264865285 0.0012292549508856601 0.0011340635828673831 0.0013597372453659764 0.0011117343383375547
leaf_count=2261 24 37 18 8 14 9 18 14
internal_value=0.0284261 0.0300355 0.0300489 -0.0300014 -0.0300014 -0.0300013 -0.0300013 -0.0300013
internal_weight=3.53422 3.43948 2.62795 0.0947407 0.093612 0.0923828 0.0912487 0.0898889
internal_count=2403 79 55 2324 2316 2302 2293 2275
is_linear=0
shrinkage=0.03


Tree=223
num_leaves=10
num_cat=0
split_feature=98 3 71 21 0 4 3 75 26
split_gain=0.35832 2.35554e-06 2.88695e-07 6.09898e-08 1.40162e-11 6.90742e-12 3.74671e-12 3.41906e-12 3.00816e-12
threshold=0.099769326286756541 0.73300221293239853 0.79177016268270262 0.53219838818120857 0.0096325209818127165 364.14132658787264 0.17235128475512304 0.037635033422750992 0.0049213177150411484
decision_type=2 2 2 2 2 2 2 2 2
left_child=4 -2 3 -3 5 6 7 8 -1
right_child=1 2 -4 -5 -6 -7 -8 -9 -10
leaf_value=-0.030001214330648861 0.029988074946168671 0.030034510070141671 0.030061414220815819 0.030045953586013113 -0.030004810152007139 -0.030003669808469035 -0.030002865378776031 -0.030002933431836989 -0.030002792533859245
leaf_weight=0.086300967122952321 0.78765844831650644 0.85142734646797202 0.87335766851901997 0.82561474665999413 0.0010399903912912114 0.0011005509732058263 0.0013195547253417308 0.0010788807885546694 0.0011008383771695654
leaf_count=2259 24 22 15 18 8 9 18 14 16
internal_value=0.0284242 0.0300334 0.0300474 0.0300401 -0.0300013 -0.0300013 -0.0300013 -0.0300013 -0.0300012
internal_weight=3.43 3.33806 2.5504 1.67704 0.0919408 0.0909008 0.0898002 0.0884807 0.0874018
internal_count=2403 79 55 40 2324 2316 2307 2289 2275
is_linear=0
shrinkage=0.03


Tree=224
num_leaves=9
num_cat=0
split_feature=98 3 82 31 72 24 4 3
split_gain=0.347707 2.51028e-06 3.36061e-07 8.66816e-12 8.81069e-12 6.84358e-12 6.64724e-12 3.70669e-12
threshold=0.099769326286756541 0.73300221293239853 0.60363866951722123 0.28300008376908331 0.24317340227985554 1.4849253390213424 364.14132658787264 0.17235128475512304
decision_type=2 2 2 2 2 2 2 2
left_child=3 -2 -3 4 5 6 7 -1
right_child=1 2 -4 -5 -6 -7 -8 -9
leaf_value=-0.030001154434120297 0.029983830675891561 0.030036955432720735 0.030059498709861195 -0.030003824437112758 -0.030003987539004722 -0.030003530758174357 -0.030003560627475948 -0.03000278081496794
leaf_weight=0.08343970188070704 0.76448620564769987 1.4794345162808897 0.99570340663194645 0.0012147215420554849 0.0010629454191075629 0.0011576798060559659 0.0010680285995476871 0.0012805595433746922
leaf_count=2259 24 37 18 16 8 14 9 18
internal_value=0.0284223 0.0300313 0.030046 -0.0300013 -0.0300013 -0.0300012 -0.0300012 -0.0300012
internal_weight=3.32885 3.23962 2.47514 0.0892236 0.0880089 0.086946 0.0857883 0.0847203
internal_count=2403 79 55 2324 2308 2300 2286 2277
is_linear=0
shrinkage=0.03


Tree=225
num_leaves=9
num_cat=0
split_feature=98 95 16 24 0 72 26 3
split_gain=0.339987 1.54713e-06 2.13091e-07 1.10355e-11 8.29216e-12 6.44342e-12 3.1211e-12 1.7612e-12
threshold=0.099769326286756541 0.67144280491607733 0.55209137229182759 1.5359167475247728 0.0086053913621967019 0.22478613708570025 0.0049213177150411484 0.16729807733394611
decision_type=2 2 2 2 2 2 2 2
left_child=3 2 -2 4 5 6 7 -1
right_child=1 -3 -4 -5 -6 -7 -8 -9
leaf_value=-0.030001119898927925 0.030032773552263185 0.029992379278286158 0.030050873739743023 -0.030004219017737366 -0.030003549301026243 -0.030003348504350151 -0.030002710320274746 -0.030002232657653002
leaf_weight=0.081137432673131449 1.1690085195004947 0.75207372575823672 1.172538813203573 0.001124759321101009 0.00136321922764182 0.0012275677181605707 0.0011513043536979231 0.0013006342596781897
leaf_count=2263 32 23 24 8 19 14 17 24
internal_value=0.0283822 0.0300298 0.0300418 -0.0300013 -0.0300012 -0.0300012 -0.0300012 -0.0300011
internal_weight=3.18093 3.09362 2.34155 0.0873049 0.0861802 0.0848169 0.0835894 0.0824381
internal_count=2424 79 56 2345 2337 2318 2304 2287
is_linear=0
shrinkage=0.03


Tree=226
num_leaves=9
num_cat=0
split_feature=4 24 16 24 0 75 98 26
split_gain=0.329997 1.52324e-06 1.45628e-07 1.00335e-11 7.53152e-12 2.9237e-12 2.98808e-12 2.87484e-12
threshold=364.14132658787264 4.3891643065223169 0.55209137229182759 1.5359167475247728 0.0086053913621967019 0.037635033422750992 0.084150932073779119 0.0049213177150411484
decision_type=2 2 2 2 2 2 2 2
left_child=3 -2 -3 4 5 6 7 -1
right_child=1 2 -4 -5 -6 -7 -8 -9
leaf_value=-0.030001098199232776 0.029991882319575211 0.030034108281001441 0.030049549532362649 -0.030004093917927341 -0.030003444536160707 -0.03000268052345675 -0.030002633818327774 -0.030002630700707564
leaf_weight=0.078895432630816109 0.7680877705352035 1.2579074986279013 0.97636081278324116 0.0010915221500908947 0.0013229345349827773 0.0011267660156590855 0.0011903392551175776 0.0011172811027790877
leaf_count=2262 25 34 21 8 19 16 22 17
internal_value=0.0283805 0.0300283 0.0300409 -0.0300012 -0.0300012 -0.0300012 -0.0300011 -0.0300011
internal_weight=3.0871 3.00236 2.23427 0.0847443 0.0836528 0.0823298 0.0812031 0.0800127
internal_count=2424 80 55 2344 2336 2317 2301 2279
is_linear=0
shrinkage=0.03


Tree=227
num_leaves=9
num_cat=0
split_feature=98 95 16 24 0 72 75 96
split_gain=0.320283 1.6077e-06 1.77976e-07 9.20355e-12 6.91962e-12 5.50854e-12 2.80342e-12 2.67948e-12
threshold=0.099769326286756541 0.67144280491607733 0.55209137229182759 1.5359167475247728 0.0086053913621967019 0.22478613708570025 0.037635033422750992 0.0049213177150411484
decision_type=2 2 2 2 2 2 2 2
left_child=3 2 -2 4 5 6 7 -1
right_child=1 -3 -4 -5 -6 -7 -8 -9
leaf_value=-0.030001050807096134 0.030030863619719215 0.029987450744175106 0.030047908320841275 -0.030003972949078903 -0.030003343361543349 -0.030003173069269275 -0.03000260145579307 -0.030002552677422481
leaf_weight=0.076570800818445028 1.1010055877268321 0.70839731757587276 1.1043831706047056 0.0010592670005280516 0.0012838402217312242 0.0011627749045146621 0.0010934678830381009 0.0010842632218555073
leaf_count=2271 32 23 24 8 19 14 16 17
internal_value=0.0283787 0.0300268 0.0300394 -0.0300012 -0.0300012 -0.0300011 -0.0300011 -0.0300011
internal_weight=2.99604 2.91379 2.20539 0.0822544 0.0811951 0.0799113 0.0787485 0.0776551
internal_count=2424 79 56 2345 2337 2318 2304 2288
is_linear=0
shrinkage=0.03


Tree=228
num_leaves=9
num_cat=0
split_feature=98 24 56 24 0 72 75 26
split_gain=0.310799 1.67889e-06 1.2213e-07 8.41358e-12 6.31971e-12 5.0345e-12 2.56267e-12 2.44836e-12
threshold=0.099769326286756541 4.3891643065223169 0.39902519797519259 1.5359167475247728 0.0086053913621967019 0.22478613708570025 0.037635033422750992 0.0049213177150411484
decision_type=2 2 2 2 2 2 2 2
left_child=3 -2 -3 4 5 6 7 -1
right_child=1 2 -4 -5 -6 -7 -8 -9
leaf_value=-0.030001019989568847 0.029985498546166726 0.030045004163880867 0.030030475001227588 -0.030003856106168795 -0.03000324404416525 -0.0300030795433406 -0.030002524960647932 -0.030002477316587454
leaf_weight=0.074307868006144751 0.7234952504950346 1.1586977280676367 0.94564916566014279 0.0010279648704454294 0.001245901054062414 0.0011284131905995301 0.0010611537109070915 0.0010522210031922432
leaf_count=2271 24 27 28 8 19 14 16 17
internal_value=0.028377 0.0300249 0.0300385 -0.0300012 -0.0300011 -0.0300011 -0.0300011 -0.030001
internal_weight=2.90767 2.82784 2.10435 0.0798235 0.0787956 0.0775497 0.0764212 0.0753601
internal_count=2424 79 55 2345 2337 2318 2304 2288
is_linear=0
shrinkage=0.03


Tree=229
num_leaves=9
num_cat=0
split_feature=3 3 82 24 0 72 98 75
split_gain=0.301606 1.95245e-06 1.43872e-07 6.24252e-12 5.70312e-12 4.54049e-12 3.8414e-12 2.38753e-12
threshold=0.17850401716788752 0.73300221293239853 0.60759222884861519 1.4849253390213424 0.0086053913621967019 0.22478613708570025 0.084150932073779119 0.037635033422750992
decision_type=2 2 2 2 2 2 2 2
left_child=3 -2 -3 4 5 6 7 -1
right_child=1 2 -4 -5 -6 -7 -8 -9
leaf_value=-0.030000994935468525 0.029978112183608626 0.030031394159611077 0.03004777796062548 -0.030003299021645551 -0.030003148034978527 -0.030002988741194676 -0.030002759078895519 -0.030002449767037059
leaf_weight=0.071793678089307256 0.65909361182275494 1.3276841491460802 0.75765370205044735 0.0011842155254271338 0.0012090829113731152 0.0010950667892757329 0.0011552856449270612 0.0010297943990735794
leaf_count=2258 25 39 17 14 19 14 22 16
internal_value=0.0283753 0.0300231 0.0300373 -0.0300011 -0.0300011 -0.0300011 -0.030001 -0.030001
internal_weight=2.8219 2.74443 2.08534 0.0774671 0.0762829 0.0750738 0.0739788 0.0728235
internal_count=2424 81 56 2343 2329 2310 2296 2274
is_linear=0
shrinkage=0.03


Tree=230
num_leaves=10
num_cat=0
split_feature=75 11 82 71 98 24 72 26 3
split_gain=0.289044 1.18088e-06 2.60276e-07 3.46236e-09 4.83941e-12 4.51582e-12 3.24521e-12 1.51654e-12 1.11164e-12
threshold=0.044266990499645449 25.341599068317162 0.60363866951722123 0.5735176358917552 0.084150932073779119 1.4849253390213424 0.22478613708570025 0.0045101591111416017 0.16729807733394611
decision_type=2 2 2 2 2 2 2 2 2
left_child=4 2 3 -2 5 6 7 8 -1
right_child=1 -3 -4 -5 -6 -7 -8 -9 -10
leaf_value=-0.03000096236584977 0.030030115165017603 0.029989847882310294 0.030051346822829117 0.030027025697116631 -0.030002966426593537 -0.030002915982245786 -0.030002682185831488 -0.030002026306846841 -0.0300019447701909
leaf_weight=0.06851091326461789 0.66427691467106365 0.6469480105297406 0.69255182705819596 0.64199535176157951 0.001205768705403897 0.0011491516706882967 0.0010422860159451366 0.0012626686275325474 0.0010525476609473108
leaf_count=2221 20 23 15 21 21 17 16 26 23
internal_value=0.0283871 0.0300251 0.0300365 0.0300286 -0.0300011 -0.0300011 -0.030001 -0.030001 -0.030001
internal_weight=2.72 2.64577 1.99882 1.30627 0.0742233 0.0730176 0.0718684 0.0708261 0.0695635
internal_count=2403 79 56 41 2324 2303 2286 2270 2244
is_linear=0
shrinkage=0.03


Tree=231
num_leaves=9
num_cat=0
split_feature=75 70 82 98 24 72 26 3
split_gain=0.280485 1.45577e-06 2.01241e-07 4.42123e-12 4.12455e-12 2.96298e-12 1.38348e-12 1.01463e-12
threshold=0.044266990499645449 0.68595743827122668 0.60363866951722123 0.084150932073779119 1.4849253390213424 0.22478613708570025 0.0045101591111416017 0.16729807733394611
decision_type=2 2 2 2 2 2 2 2
left_child=3 2 -2 4 5 6 7 -1
right_child=1 -3 -4 -5 -6 -7 -8 -9
leaf_value=-0.030000934830274734 0.030028167554962532 0.029983474006802978 0.030047822522062968 -0.030002879264874827 -0.030002830087868887 -0.030002602984193296 -0.030001966391098058 -0.030001887582250909
leaf_weight=0.066486170846474457 1.1546863075345757 0.6237304024180047 0.78930625319480885 0.0011701362291205433 0.0011151922662975258 0.0010114844335475928 0.0012253535351192104 0.0010214420999545828
leaf_count=2221 37 24 18 21 17 16 26 23
internal_value=0.0283855 0.0300234 0.0300361 -0.0300011 -0.030001 -0.030001 -0.030001 -0.0300009
internal_weight=2.63975 2.56772 1.94399 0.0720298 0.0708596 0.0697445 0.068733 0.0675076
internal_count=2403 79 55 2324 2303 2286 2270 2244
is_linear=0
shrinkage=0.03


Tree=232
num_leaves=10
num_cat=0
split_feature=75 11 82 90 98 24 72 4 26
split_gain=0.27218 1.38711e-06 2.17384e-07 2.82618e-09 4.04378e-12 3.76964e-12 2.07845e-12 1.65072e-12 1.10376e-12
threshold=0.044266990499645449 25.341599068317162 0.60363866951722123 0.27422455878631596 0.084150932073779119 1.4849253390213424 0.21560287520911792 360.91319721741928 0.0045101591111416017
decision_type=2 2 2 2 2 2 2 2 2
left_child=4 2 3 -2 5 6 7 8 -1
right_child=1 -3 -4 -5 -6 -7 -8 -9 -10
leaf_value=-0.030000902474413019 0.030028344840283629 0.029982279311032492 0.030048353664055241 0.03002546872409001 -0.030002794424283202 -0.030002746040561794 -0.030002179717469976 -0.030002028614132543 -0.030001887833078715
leaf_weight=0.064178849377640623 0.62518990226089977 0.60940359283995338 0.65228973515331734 0.60509380511939526 0.0011355566166457711 0.0010822363292390938 0.0012371899374556952 0.0012275268290977684 0.001039690594552666
leaf_count=2212 20 23 15 21 21 17 25 26 23
internal_value=0.0283839 0.0300216 0.0300344 0.0300269 -0.030001 -0.030001 -0.030001 -0.0300009 -0.0300009
internal_weight=2.56188 2.49198 1.88257 1.23028 0.069901 0.0687655 0.0676833 0.0664461 0.0652185
internal_count=2403 79 56 41 2324 2303 2286 2261 2235
is_linear=0
shrinkage=0.03


Tree=233
num_leaves=9
num_cat=0
split_feature=3 0 82 98 4 72 26 75
split_gain=0.264336 1.16071e-06 1.24354e-07 3.67793e-12 2.35874e-12 1.5465e-12 9.55305e-13 7.91672e-13
threshold=0.17850401716788752 0.60552095448286514 0.60363866951722123 0.084150932073779119 359.7440208084144 0.21560287520911792 0.0045101591111416017 0.033530455419015635
decision_type=2 2 2 2 2 2 2 2
left_child=3 -2 -3 4 5 6 7 -1
right_child=1 2 -4 -5 -6 -7 -8 -9
leaf_value=-0.03000088812451902 0.029985245504271806 0.030026832629889838 0.030042887473260973 -0.030002711650534374 -0.030002088258619757 -0.030002048904863052 -0.030001832609857018 -0.030001708634117146
leaf_weight=0.061957398349477777 0.60560596749564899 1.0920042302459476 0.72080275416374195 0.0011019988469342925 0.0016391088956879676 0.0011047078296542159 0.001008964931315858 0.0010767124713311196
leaf_count=2194 24 37 18 21 34 24 23 28
internal_value=0.0283823 0.0300212 0.0300332 -0.030001 -0.030001 -0.0300009 -0.0300009 -0.0300009
internal_weight=2.4863 2.41841 1.81281 0.0678889 0.0667869 0.0651478 0.0640431 0.0630341
internal_count=2403 79 55 2324 2303 2269 2245 2222
is_linear=0
shrinkage=0.03


Tree=234
num_leaves=9
num_cat=0
split_feature=0 24 82 98 24 4 3 75
split_gain=0.256593 1.28314e-06 1.49621e-07 3.34158e-12 3.11592e-12 1.77894e-12 7.45827e-13 7.24081e-13
threshold=0.0096325209818127165 4.3891643065223169 0.60363866951722123 0.084150932073779119 1.4849253390213424 359.7440208084144 0.1616650967602534 0.033530455419015635
decision_type=2 2 2 2 2 2 2 2
left_child=3 -2 -3 4 5 6 7 -1
right_child=1 2 -4 -5 -6 -7 -8 -9
leaf_value=-0.030000861885276515 0.029982357702067832 0.030026398975059633 0.030044623545285067 -0.030002631500897634 -0.030002586443789322 -0.030001941146231594 -0.030001629916942493 -0.03000165842863773
leaf_weight=0.060083328988185136 0.603725259235944 1.1018545329570768 0.64146706461906422 0.0010694326756492947 0.0010192188146902472 0.0014836718819424268 0.0012026029671687857 0.0010449465989950104
leaf_count=2192 26 38 16 21 17 33 32 28
internal_value=0.0283807 0.0300201 0.0300331 -0.030001 -0.0300009 -0.0300009 -0.0300009 -0.0300009
internal_weight=2.41295 2.34705 1.74332 0.0659032 0.0648338 0.0638146 0.0623309 0.0611283
internal_count=2403 80 54 2323 2302 2285 2252 2220
is_linear=0
shrinkage=0.03


Tree=235
num_leaves=9
num_cat=0
split_feature=4 0 59 98 24 0 75 26
split_gain=0.250487 7.56566e-07 9.30745e-08 4.61121e-12 4.06748e-12 3.75675e-12 1.52318e-12 9.9503e-13
threshold=364.14132658787264 0.60552095448286514 0.55930999712970275 0.09021221277759163 1.4849253390213424 0.007692020815786421 0.03498855868538802 0.0045101591111416017
decision_type=2 2 2 2 2 2 2 2
left_child=3 -2 -3 4 5 6 7 -1
right_child=1 2 -4 -5 -6 -7 -8 -9
leaf_value=-0.030000826507470435 0.02999283358880744 0.030025513300405052 0.030039661194877346 -0.030002974814456289 -0.030002699832964125 -0.030002550249966349 -0.030002008125628241 -0.030001742786855003
leaf_weight=0.058865662385869988 0.59698432347067898 0.89211424253880955 0.78827952034771442 0.0010065661608678047 0.0011452661474322659 0.0012108788359910241 0.001027329552016453 0.0010863293555303235
leaf_count=2223 24 32 21 16 17 25 23 26
internal_value=0.0283726 0.0300218 0.0300322 -0.030001 -0.0300009 -0.0300009 -0.0300009 -0.0300008
internal_weight=2.34172 2.27738 1.68039 0.064342 0.0633355 0.0621902 0.0609793 0.059952
internal_count=2407 77 53 2330 2314 2297 2272 2249
is_linear=0
shrinkage=0.03


Tree=236
num_leaves=9
num_cat=0
split_feature=4 0 33 24 98 0 75 96
split_gain=0.243072 8.17183e-07 7.03401e-08 3.58397e-12 3.42593e-12 3.43284e-12 1.1278e-12 9.09245e-13
threshold=364.14132658787264 0.60552095448286514 0.58171581064943245 1.4849253390213424 0.084150932073779119 0.007692020815786421 0.033530455419015635 0.0045101591111416017
decision_type=2 2 2 2 2 2 2 2
left_child=3 -2 -3 4 5 6 7 -1
right_child=1 2 -4 -5 -6 -7 -8 -9
leaf_value=-0.030000802054804664 0.029989721957807726 0.030037659081244943 0.030025189872087091 -0.030002619873790777 -0.030002485661889115 -0.030002474755840853 -0.030001747940669465 -0.030001691246893517
leaf_weight=0.05669729126566414 0.57939998703659545 0.78590309061109997 0.84487839043140411 0.0011114213393739183 0.0012036381031066403 0.0011750948724511536 0.0011988254518655586 0.0010542252584855296
leaf_count=2206 24 22 31 17 25 25 31 26
internal_value=0.0283712 0.0300203 0.0300312 -0.0300009 -0.0300009 -0.0300009 -0.0300008 -0.0300008
internal_weight=2.27262 2.21018 1.63078 0.0624405 0.0613291 0.0601254 0.0589503 0.0577515
internal_count=2407 77 53 2330 2313 2288 2263 2232
is_linear=0
shrinkage=0.03


Tree=237
num_leaves=9
num_cat=0
split_feature=3 20 59 24 98 0 4 75
split_gain=0.236013 8.36189e-07 7.84085e-08 3.26592e-12 3.12064e-12 3.12998e-12 1.07485e-12 7.93976e-13
threshold=0.17850401716788752 0.77611807343062555 0.55930999712970275 1.4849253390213424 0.084150932073779119 0.007692020815786421 359.7440208084144 0.033530455419015635
decision_type=2 2 2 2 2 2 2 2
left_child=3 2 -2 4 5 6 7 -1
right_child=1 -3 -4 -5 -6 -7 -8 -9
leaf_value=-0.030000780318315261 0.030024167915580349 0.029985865637669903 0.03003733839738074 -0.030002542255492252 -0.030002411904808075 -0.030002402108917983 -0.030001715700173213 -0.030001604897453699
leaf_weight=0.055003242076054781 0.90191785059869312 0.5019139729120069 0.74110219068825245 0.0010785766280605449 0.0011680680509016375 0.001140368303822469 0.0011676644735416622 0.0010714361960708621
leaf_count=2202 34 22 21 17 25 25 31 30
internal_value=0.0283698 0.0300198 0.0300301 -0.0300009 -0.0300009 -0.0300008 -0.0300008 -0.0300008
internal_weight=2.20556 2.14493 1.64302 0.0606294 0.0595508 0.0583827 0.0572423 0.0560747
internal_count=2407 77 55 2330 2313 2288 2263 2232
is_linear=0
shrinkage=0.03


Tree=238
num_leaves=9
num_cat=0
split_feature=3 20 59 24 98 0 4 75
split_gain=0.229027 9.06462e-07 7.16585e-08 2.98588e-12 2.85174e-12 2.85781e-12 9.81631e-13 7.25434e-13
threshold=0.17850401716788752 0.77611807343062555 0.55930999712970275 1.4849253390213424 0.084150932073779119 0.007692020815786421 359.7440208084144 0.033530455419015635
decision_type=2 2 2 2 2 2 2 2
left_child=3 2 -2 4 5 6 7 -1
right_child=1 -3 -4 -5 -6 -7 -8 -9
leaf_value=-0.030000757528038071 0.030023453066800751 0.029982459508643738 0.030036233982072159 -0.030002467647038306 -0.030002340786346927 -0.030002330632334078 -0.030001664939775567 -0.030001557623620136
leaf_weight=0.053377691048808962 0.87528268061578296 0.48713468456844555 0.71922535635530949 0.0010467024349054546 0.0011335490726196431 0.0011066679016948902 0.001133156656578648 0.0010397720889159237
leaf_count=2202 34 22 21 17 25 25 31 30
internal_value=0.0283685 0.0300183 0.0300292 -0.0300009 -0.0300009 -0.0300008 -0.0300008 -0.0300008
internal_weight=2.14048 2.08164 1.59451 0.0588375 0.0577908 0.0566573 0.0555506 0.0544175
internal_count=2407 77 55 2330 2313 2288 2263 2232
is_linear=0
shrinkage=0.03


Tree=239
num_leaves=9
num_cat=0
split_feature=4 0 59 24 98 0 75 72
split_gain=0.222287 8.26063e-07 6.49335e-08 2.7254e-12 2.6024e-12 2.61095e-12 8.53255e-13 5.6434e-13
threshold=364.14132658787264 0.60552095448286514 0.55930999712970275 1.4849253390213424 0.084150932073779119 0.007692020815786421 0.033530455419015635 0.20935222513201165
decision_type=2 2 2 2 2 2 2 2
left_child=3 -2 -3 4 5 6 7 -1
right_child=1 2 -4 -5 -6 -7 -8 -9
leaf_value=-0.030000737358991603 0.029984894511001038 0.030022626302969483 0.030035173220921575 -0.030002394517957609 -0.030002271334680877 -0.030002262330935964 -0.030001597121955541 -0.03000144138756284
leaf_weight=0.051777696882709612 0.52962480884161811 0.79132463783025719 0.69926044158637524 0.0010157701399293719 0.0011000501272064858 0.00107396334351506 0.0010956495589198303 0.0010454041930643134
leaf_count=2200 24 32 21 17 25 25 31 32
internal_value=0.0283671 0.0300171 0.0300285 -0.0300009 -0.0300008 -0.0300008 -0.0300008 -0.0300008
internal_weight=2.07732 2.02021 1.49059 0.0571085 0.0560928 0.0549927 0.0539188 0.0528231
internal_count=2407 77 53 2330 2313 2288 2263 2232
is_linear=0
shrinkage=0.03


Tree=240
num_leaves=9
num_cat=0
split_feature=4 11 33 98 31 3 24 72
split_gain=0.217352 1.48304e-06 7.02742e-08 2.36616e-12 1.87103e-12 1.93876e-12 1.9027e-12 1.53624e-12
threshold=364.14132658787264 25.600384747089233 0.58171581064943245 0.084150932073779119 0.27638605428782842 0.16729807733394611 1.4584901680109412 0.21560287520911792
decision_type=2 2 2 2 2 2 2 2
left_child=3 2 -2 4 5 6 7 -1
right_child=1 -3 -4 -5 -6 -7 -8 -9
leaf_value=-0.030000734822892706 0.030034846308233529 0.029967186962081522 0.03002132186652802 -0.030002307332394871 -0.030002054157298411 -0.03000209517250953 -0.030002047298455417 -0.030001858276085241
leaf_weight=0.050616036251085572 0.67480546981096245 0.49005876771843748 0.70916801132261753 0.0010005365402321323 0.0011104106361017321 0.0010361916229157933 0.0010529853407206238 0.0011196868945262386
leaf_count=2197 21 24 30 22 28 22 23 26
internal_value=0.0282727 0.030012 0.0300279 -0.0300009 -0.0300008 -0.0300008 -0.0300008 -0.0300008
internal_weight=1.92997 1.87403 1.38397 0.0559358 0.0549353 0.0538249 0.0527887 0.0517357
internal_count=2393 75 51 2318 2296 2268 2246 2223
is_linear=0
shrinkage=0.03


Tree=241
num_leaves=9
num_cat=0
split_feature=4 11 33 0 98 3 24 72
split_gain=0.210917 1.60576e-06 6.4222e-08 2.01199e-12 1.8771e-12 1.77609e-12 1.70116e-12 1.40794e-12
threshold=364.14132658787264 25.600384747089233 0.58171581064943245 0.007692020815786421 0.080677021635117349 0.16729807733394611 1.4584901680109412 0.21560287520911792
decision_type=2 2 2 2 2 2 2 2
left_child=3 2 -2 4 5 6 7 -1
right_child=1 -3 -4 -5 -6 -7 -8 -9
leaf_value=-0.030000711366784418 0.030033815553327927 0.029962947118345934 0.030020691391036719 -0.030002120478687753 -0.030002024340916915 -0.03000203323797487 -0.030001958919084255 -0.030001803174705976
leaf_weight=0.04894693317328358 0.65488408133387543 0.4756416371455997 0.68822316825389862 0.0010771218912850591 0.0011229918527533292 0.0010055695765913688 0.0010435246040287885 0.0010865970998565891
leaf_count=2191 21 24 30 26 29 22 24 26
internal_value=0.0282711 0.0300103 0.0300271 -0.0300008 -0.0300008 -0.0300008 -0.0300008 -0.0300007
internal_weight=1.87303 1.81875 1.34311 0.0542827 0.0532056 0.0520826 0.0510771 0.0500335
internal_count=2393 75 51 2318 2292 2263 2241 2217
is_linear=0
shrinkage=0.03


Tree=242
num_leaves=9
num_cat=0
split_feature=4 11 33 0 98 3 75 26
split_gain=0.204671 1.74008e-06 5.86917e-08 1.84202e-12 1.7169e-12 1.28011e-12 1.1158e-12 4.75626e-13
threshold=364.14132658787264 25.600384747089233 0.58171581064943245 0.007692020815786421 0.080677021635117349 0.1616650967602534 0.03498855868538802 0.0043159330772019151
decision_type=2 2 2 2 2 2 2 2
left_child=3 2 -2 4 5 6 7 -1
right_child=1 -3 -4 -5 -6 -7 -8 -9
leaf_value=-0.030000701972827865 0.030032815252601961 0.029958511639472007 0.030020079442077838 -0.030002058089135569 -0.030001964159785909 -0.030001734346836697 -0.030001722965886136 -0.030001322336981204
leaf_weight=0.047205301749272732 0.6355501804500816 0.46165162135730486 0.66789650544524193 0.0010452902697579694 0.0010898045748035648 0.0011866374807141247 0.0010122987132490371 0.0011391509851819128
leaf_count=2169 21 24 30 26 29 32 26 36
internal_value=0.0282695 0.0300086 0.0300263 -0.0300008 -0.0300008 -0.0300008 -0.0300007 -0.0300007
internal_weight=1.81778 1.7651 1.30345 0.0526785 0.0516332 0.0505434 0.0493568 0.0483445
internal_count=2393 75 51 2318 2292 2263 2231 2205
is_linear=0
shrinkage=0.03


Tree=243
num_leaves=9
num_cat=0
split_feature=4 99 33 0 98 3 24 26
split_gain=0.198611 1.88698e-06 5.36395e-08 1.68216e-12 1.56961e-12 1.17122e-12 1.18668e-12 4.49231e-13
threshold=364.14132658787264 25.600384747089233 0.58171581064943245 0.007692020815786421 0.080677021635117349 0.1616650967602534 1.4407718925531887 0.0043159330772019151
decision_type=2 2 2 2 2 2 2 2
left_child=3 2 -2 4 5 6 7 -1
right_child=1 -3 -4 -5 -6 -7 -8 -9
leaf_value=-0.030000677964983617 0.030031844501715827 0.029953868506798553 0.030019485319416717 -0.030001997034380896 -0.030001906537029208 -0.030001683858380788 -0.030001669268227869 -0.030001295598022965
leaf_weight=0.045666638699913276 0.6167864706367252 0.44807616588514054 0.64816981181502342 0.0010143993004021459 0.0010575979868008281 0.0011515689657244357 0.0011464002909633555 0.0010850352700799695
leaf_count=2164 21 24 30 26 29 32 32 35
internal_value=0.0282679 0.0300068 0.0300255 -0.0300008 -0.0300008 -0.0300007 -0.0300007 -0.0300007
internal_weight=1.76415 1.71303 1.26496 0.0511216 0.0501072 0.0490496 0.0478981 0.0467517
internal_count=2393 75 51 2318 2292 2263 2231 2199
is_linear=0
shrinkage=0.03


Tree=244
num_leaves=9
num_cat=0
split_feature=4 11 33 0 3 24 75 72
split_gain=0.19273 2.0478e-06 4.90224e-08 1.21045e-12 9.90021e-13 1.02426e-12 8.01588e-13 8.55649e-13
threshold=364.14132658787264 25.600384747089233 0.58171581064943245 0.0070429615965702996 0.1616650967602534 1.4407718925531887 0.033530455419015635 0.20935222513201165
decision_type=2 2 2 2 2 2 2 2
left_child=3 2 -2 4 5 6 7 -1
right_child=1 -3 -4 -5 -6 -7 -8 -9
leaf_value=-0.030000657919170264 0.030030902999477867 0.029949000600559036 0.030018909290097161 -0.030001712824211275 -0.030001616081734614 -0.030001619892095939 -0.030001509319460159 -0.030001472661180712
leaf_weight=0.043914250569287216 0.59857615455985047 0.43490313763322763 0.62902538664638996 0.0011826874560938441 0.0011373286160960552 0.0011125208438897962 0.0010724342482717466 0.0011915824634343144
leaf_count=2149 21 24 30 36 33 32 32 36
internal_value=0.0282662 0.0300049 0.0300248 -0.0300008 -0.0300007 -0.0300007 -0.0300007 -0.0300007
internal_weight=1.71212 1.6625 1.2276 0.0496108 0.0484281 0.0472908 0.0461783 0.0451058
internal_count=2393 75 51 2318 2282 2249 2217 2185
is_linear=0
shrinkage=0.03


Tree=245
num_leaves=10
num_cat=0
split_feature=26 0 73 79 4 98 0 3 72
split_gain=0.188893 1.08189e-06 5.09879e-08 3.01092e-09 3.87445e-12 1.80193e-12 1.09893e-12 8.13641e-13 6.73739e-13
threshold=0.0062325620946786829 0.60552095448286514 0.64621746000429958 0.50713732427744307 360.91319721741928 0.084150932073779119 0.0070429615965702996 0.1616650967602534 0.20935222513201165
decision_type=2 2 2 2 2 2 2 2 2
left_child=4 -2 3 -3 5 6 7 8 -1
right_child=1 2 -4 -5 -6 -7 -8 -9 -10
leaf_value=-0.030000635061676731 0.02996728522065779 0.030017265254602001 0.030031546235118885 0.030020890826502746 -0.030002504469174421 -0.030001976083115431 -0.030001620863828574 -0.030001508193003398 -0.030001398370641919
leaf_weight=0.043214303334025428 0.41033477088058123 0.44946534372866132 0.44146770052611828 0.38082052208483219 0.0011249184244661583 0.0010109602408192577 0.001127744711993727 0.0010255109700665335 0.0010664023029676164
leaf_count=2181 24 23 15 17 23 26 37 32 34
internal_value=0.0283255 0.0300096 0.0300233 0.0300189 -0.0300008 -0.0300007 -0.0300007 -0.0300007 -0.0300007
internal_weight=1.73066 1.68209 1.27175 0.830286 0.0485698 0.0474449 0.046434 0.0453062 0.0442807
internal_count=2412 79 55 40 2333 2310 2284 2247 2215
is_linear=0
shrinkage=0.03


Tree=246
num_leaves=10
num_cat=0
split_feature=26 0 73 79 4 98 0 3 72
split_gain=0.183301 1.18017e-06 4.65991e-08 2.75225e-09 3.54185e-12 1.32823e-12 1.00365e-12 6.14446e-13 6.1566e-13
threshold=0.0062325620946786829 0.60552095448286514 0.64621746000429958 0.50713732427744307 360.91319721741928 0.080677021635117349 0.0070429615965702996 0.15705527880263301 0.20935222513201165
decision_type=2 2 2 2 2 2 2 2 2
left_child=4 -2 3 -3 5 6 7 8 -1
right_child=1 2 -4 -5 -6 -7 -8 -9 -10
leaf_value=-0.030000616556756496 0.02996322575420916 0.030016754623082158 0.030030613468650554 0.030020273316025681 -0.03000243047406875 -0.03000170028794779 -0.03000157289342998 -0.030001333329380171 -0.030001357325478838
leaf_weight=0.0415819872141584 0.39826069043920131 0.43618894554674603 0.42843346484005451 0.36957306228578091 0.0010916747014562125 0.0011680106381390934 0.0010944165442197109 0.0011634426919044918 0.0010348867526772656
leaf_count=2162 24 23 15 17 23 36 37 41 34
internal_value=0.0283241 0.0300081 0.0300226 0.0300184 -0.0300007 -0.0300007 -0.0300007 -0.0300007 -0.0300006
internal_weight=1.67959 1.63246 1.2342 0.805762 0.0471344 0.0460427 0.0448747 0.0437803 0.0426169
internal_count=2412 79 55 40 2333 2310 2274 2237 2196
is_linear=0
shrinkage=0.03


Tree=247
num_leaves=10
num_cat=0
split_feature=26 0 73 79 4 98 0 24 3
split_gain=0.177875 1.28764e-06 4.25815e-08 2.51549e-09 3.23466e-12 1.21412e-12 9.17239e-13 7.4922e-13 5.97355e-13
threshold=0.0062325620946786829 0.60552095448286514 0.64621746000429958 0.50713732427744307 360.91319721741928 0.080677021635117349 0.0070429615965702996 1.4407718925531887 0.15705527880263301
decision_type=2 2 2 2 2 2 2 2 2
left_child=4 -2 3 -3 5 6 7 8 -1
right_child=1 2 -4 -5 -6 -7 -8 -9 -10
leaf_value=-0.030000594328697856 0.029958977129102039 0.030016259227888524 0.030029707398553991 0.030019673977981529 -0.030002358252072172 -0.030001650340484104 -0.030001526612537948 -0.030001404074305342 -0.030001293992413733
leaf_weight=0.04024987692537263 0.38654429796588363 0.42330449260771252 0.41578369401395321 0.35865758173167706 0.0010594133491395033 0.0011334925675328114 0.0010620732664392554 0.001107503801904385 0.0011290592228760934
leaf_count=2159 24 23 15 17 23 36 37 37 41
internal_value=0.0283227 0.0300066 0.030022 0.0300178 -0.0300007 -0.0300007 -0.0300007 -0.0300006 -0.0300006
internal_weight=1.63003 1.58429 1.19775 0.781962 0.0457414 0.044682 0.0435485 0.0424864 0.0413789
internal_count=2412 79 55 40 2333 2310 2274 2237 2200
is_linear=0
shrinkage=0.03


Tree=248
num_leaves=9
num_cat=0
split_feature=26 11 66 4 98 31 3 72
split_gain=0.172609 1.33803e-06 3.87047e-08 2.95779e-12 1.10983e-12 5.84782e-13 5.0901e-13 4.16715e-13
threshold=0.0062325620946786829 25.600384747089233 0.6745723436668587 360.91319721741928 0.080677021635117349 0.26018656922349326 0.15705527880263301 0.20318754288130267
decision_type=2 2 2 2 2 2 2 2
left_child=3 2 -2 4 5 6 7 -1
right_child=1 -3 -4 -5 -6 -7 -8 -9
leaf_value=-0.030000583747128141 0.030016764510573151 0.029956830450930571 0.030027998112789941 -0.030002288401034131 -0.030001601082357485 -0.030001326509529119 -0.030001255754464027 -0.030001163027264299
leaf_weight=0.038939901409321576 0.68911438435316064 0.38793363478180243 0.46049887128174305 0.0010281053055223302 0.0010999945643561651 0.0010752186244644682 0.0010956918522424522 0.001150675392636912
leaf_count=2146 37 24 18 23 36 43 41 44
internal_value=0.0283212 0.030005 0.0300213 -0.0300007 -0.0300007 -0.0300006 -0.0300006 -0.0300006
internal_weight=1.58194 1.53755 1.14961 0.0443896 0.0433615 0.0422615 0.0411863 0.0400906
internal_count=2412 79 55 2333 2310 2274 2231 2190
is_linear=0
shrinkage=0.03


Tree=249
num_leaves=9
num_cat=0
split_feature=26 0 21 4 98 0 24 3
split_gain=0.167499 1.53396e-06 2.56024e-08 2.50978e-12 1.02354e-12 7.73402e-13 6.33167e-13 5.06505e-13
threshold=0.0062325620946786829 0.60552095448286514 0.50292975987958044 359.7440208084144 0.080677021635117349 0.0070429615965702996 1.4407718925531887 0.15705527880263301
decision_type=2 2 2 2 2 2 2 2
left_child=3 -2 -3 4 5 6 7 -1
right_child=1 2 -4 -5 -6 -7 -8 -9
leaf_value=-0.030000554754199989 0.02994985295508814 0.030015874423221803 0.030024929630104658 -0.030001986175570743 -0.030001554450498274 -0.030001437312507106 -0.030001322057711936 -0.030001218709052486
leaf_weight=0.037623924717991142 0.36412418991676521 0.53041378408670403 0.59764674492180347 0.0012797464787581694 0.001067486462488886 0.0010002266299125031 0.0010430114016344296 0.0010633105648594201
leaf_count=2148 24 30 25 34 36 37 37 41
internal_value=0.0283197 0.0300034 0.0300207 -0.0300007 -0.0300006 -0.0300006 -0.0300006 -0.0300006
internal_weight=1.53526 1.49218 1.12806 0.0430777 0.041798 0.0407305 0.0397302 0.0386872
internal_count=2412 79 55 2333 2299 2263 2226 2189
is_linear=0
shrinkage=0.03


Tree=250
num_leaves=10
num_cat=0
split_feature=31 3 53 98 26 90 77 74 3
split_gain=0.161068 8.37809e-07 2.84242e-08 1.5017e-12 5.7826e-13 3.20265e-13 1.8982e-13 3.47633e-13 1.35333e-13
threshold=0.30159733179475062 0.73300221293239853 0.56547425665440609 0.080677021635117349 0.0039817718192837618 0.02732948675058278 0.2175982257139 0.26080585617583185 0.14454487387230067
decision_type=2 2 2 2 2 2 2 2 2
left_child=3 -2 -3 4 5 -1 7 -7 -8
right_child=1 2 -4 -5 -6 6 8 -9 -10
leaf_value=-0.030001045119919093 0.029970236174039357 0.03001584340990919 0.030025676044420555 -0.030001716592015257 -0.030001313791347753 -0.030000980325427827 -0.030000535592147378 -0.030000579932330431 -0.030000883126102579
leaf_weight=0.0014192232574715682 0.4182253361941547 0.5790133588016031 0.48728079535067081 0.0011592375940381308 0.0010570089707471189 0.0028466454750741832 0.027644187654004782 0.0062068964289210271 0.0010466243074915829
leaf_count=67 28 33 20 35 40 134 1630 358 51
internal_value=0.0283789 0.0300062 0.0300203 -0.0300007 -0.0300006 -0.0300006 -0.0300006 -0.0300007 -0.0300005
internal_weight=1.5259 1.48452 1.06629 0.0413798 0.0402206 0.0391636 0.0377444 0.00905354 0.0286908
internal_count=2396 81 53 2315 2280 2240 2173 492 1681
is_linear=0
shrinkage=0.03


Tree=251
num_leaves=9
num_cat=0
split_feature=3 11 53 0 26 72 75 24
split_gain=0.156338 8.59695e-07 2.01935e-08 7.98514e-13 5.18023e-13 5.20986e-13 4.93633e-13 2.5021e-13
threshold=0.17850401716788752 26.249839837803094 0.62728649387231605 0.0064820221624436085 0.0039817718192837618 0.20318754288130267 0.032345050023014098 1.4067104048614476
decision_type=2 2 2 2 2 2 2 2
left_child=3 2 -2 4 5 6 7 -1
right_child=1 -3 -4 -5 -6 -7 -8 -9
leaf_value=-0.030000547948327079 0.030015253362265557 0.029965157885810657 0.030023612316437735 -0.030001440142268937 -0.030001287278811791 -0.030001259240068551 -0.030001228260732701 -0.03000101877549715
leaf_weight=0.034947509018820822 0.64280979242175795 0.36100310950132541 0.43688824586570263 0.0010891259680647627 0.0010096807673107824 0.0010454666935402193 0.0010282957264280404 0.0010462654172442845
leaf_count=2107 38 23 20 43 39 39 40 47
internal_value=0.0283777 0.0300052 0.0300186 -0.0300006 -0.0300006 -0.0300006 -0.0300006 -0.0300006
internal_weight=1.48087 1.4407 1.0797 0.0401663 0.0390772 0.0380675 0.0370221 0.0359938
internal_count=2396 81 58 2315 2272 2233 2194 2154
is_linear=0
shrinkage=0.03


Tree=252
num_leaves=9
num_cat=0
split_feature=75 99 53 4 0 26 72 74
split_gain=0.151406 1.42426e-06 1.8458e-08 1.95966e-12 4.41799e-13 4.23814e-13 2.0401e-13 9.63465e-14
threshold=0.044266990499645449 26.249839837803094 0.62728649387231605 359.7440208084144 0.0056304831099380503 0.0037277770999166299 0.19947171878117706 0.22099821430926878
decision_type=2 2 2 2 2 2 2 2
left_child=3 2 -2 4 5 6 7 -1
right_child=1 -3 -4 -5 -6 -7 -8 -9
leaf_value=-0.030000624023178577 0.030014802063250606 0.029948220725726674 0.030022914457242027 -0.030001874655595537 -0.030001092114219856 -0.030001153861062935 -0.030000965930764213 -0.030000505415494667
leaf_weight=0.0080605345883669743 0.62382112909108378 0.3504549281533399 0.42398595716804266 0.0010896147086896226 0.0014809222138865144 0.001062392473613726 0.0010100069102918488 0.026199554407867254
leaf_count=474 38 25 20 31 71 45 46 1646
internal_value=0.0283764 0.0300006 0.0300181 -0.0300006 -0.0300006 -0.0300006 -0.0300005 -0.0300005
internal_weight=1.43717 1.39826 1.04781 0.038903 0.0378134 0.0363325 0.0352701 0.0342601
internal_count=2396 83 58 2313 2282 2211 2166 2120
is_linear=0
shrinkage=0.03


Tree=253
num_leaves=9
num_cat=0
split_feature=31 0 53 4 26 72 24 0
split_gain=0.147358 7.68771e-07 1.5036e-08 2.00796e-12 3.54612e-13 1.49145e-13 1.16337e-13 1.20001e-13
threshold=0.30159733179475062 0.60552095448286514 0.67027109987032674 359.7440208084144 0.0037277770999166299 0.19473094327407448 1.4015452040127132 0.0034353778754738318
decision_type=2 2 2 2 2 2 2 2
left_child=3 -2 -3 4 5 6 7 -1
right_child=1 2 -4 -5 -6 -7 -8 -9
leaf_value=-0.030000504253099355 0.029967812789227014 0.030015165807807036 0.030022954973303605 -0.030001818420592557 -0.030001100628490259 -0.030000890285618351 -0.03000084028417295 -0.030000692153758265
leaf_weight=0.030054480212129531 0.38408215480376362 0.62644917890429497 0.34636963438242674 0.001178258433355949 0.0010612948062771457 0.0010861705522984258 0.0010760553950603926 0.0034056294789479571
leaf_count=1931 27 38 16 33 47 53 56 195
internal_value=0.0283749 0.0300038 0.0300179 -0.0300006 -0.0300006 -0.0300005 -0.0300005 -0.0300005
internal_weight=1.39476 1.3569 0.972819 0.0378619 0.0366836 0.0356223 0.0345362 0.0334601
internal_count=2396 81 54 2315 2282 2235 2182 2126
is_linear=0
shrinkage=0.03


Tree=254
num_leaves=9
num_cat=0
split_feature=3 11 53 4 98 0 26 72
split_gain=0.143033 8.87698e-07 1.54185e-08 1.8141e-12 7.34565e-13 4.7732e-13 3.78808e-13 1.70301e-13
threshold=0.17850401716788752 26.249839837803094 0.62728649387231605 359.7440208084144 0.076539055496615924 0.0060613488969563896 0.0037277770999166299 0.19473094327407448
decision_type=2 2 2 2 2 2 2 2
left_child=3 2 -2 4 5 6 7 -1
right_child=1 -3 -4 -5 -6 -7 -8 -9
leaf_value=-0.030000476251365822 0.030013939914667147 0.029960193988541592 0.030021579935982652 -0.030001764627266961 -0.030001327473619267 -0.030001146811349674 -0.030001077338059141 -0.030000863919189547
leaf_weight=0.031394177434776904 0.5875184880569575 0.33001206863991683 0.39931846968829632 0.0011434376474426236 0.0010628453028402865 0.0010823418861036762 0.0010152246077268492 0.0010540702778598634
leaf_count=2088 38 23 20 33 42 53 46 53
internal_value=0.0283736 0.0300028 0.030017 -0.0300006 -0.0300006 -0.0300005 -0.0300005 -0.0300005
internal_weight=1.3536 1.31685 0.986837 0.0367521 0.0356087 0.0345458 0.0334635 0.0324482
internal_count=2396 81 58 2315 2282 2240 2187 2141
is_linear=0
shrinkage=0.03


Tree=255
num_leaves=9
num_cat=0
split_feature=72 8 33 4 0 98 3 26
split_gain=0.138987 1.35604e-06 1.18603e-08 1.4819e-12 4.32127e-13 3.2483e-13 3.0255e-13 2.45685e-13
threshold=0.24317340227985554 0.81487587819838814 0.58171581064943245 359.7440208084144 0.0056304831099380503 0.068594194230975417 0.15391961933684412 0.003498048515561561
decision_type=2 2 2 2 2 2 2 2
left_child=3 2 -2 4 5 6 7 -1
right_child=1 -3 -4 -5 -6 -7 -8 -9
leaf_value=-0.030000469180622252 0.030020797089857422 0.029944783992527979 0.03001383265858077 -0.03000166250737861 -0.030001065571608289 -0.030000999614841515 -0.03000101100334546 -0.030000924886389314
leaf_weight=0.02998385923820035 0.43699739500880219 0.3152950772564509 0.44334149360656738 0.0010952619795716592 0.0013616153682960421 0.0012258343222129034 0.0010177940412177114 0.0011039769897251963
leaf_count=2044 22 27 29 35 69 61 50 57
internal_value=0.0282544 0.0299982 0.0300173 -0.0300006 -0.0300005 -0.0300005 -0.0300005 -0.0300005
internal_weight=1.23142 1.19563 0.880339 0.0357883 0.0346931 0.0333315 0.0321056 0.0310878
internal_count=2394 78 51 2316 2281 2212 2151 2101
is_linear=0
shrinkage=0.03


Tree=256
num_leaves=9
num_cat=0
split_feature=3 8 33 4 31 26 24 75
split_gain=0.134872 1.47517e-06 1.0838e-08 1.36176e-12 4.39301e-13 2.70298e-13 1.26649e-13 1.30562e-13
threshold=0.17850401716788752 0.81487587819838814 0.58171581064943245 359.7440208084144 0.25588599344518476 0.0037277770999166299 1.4015452040127132 0.030017222494457537
decision_type=2 2 2 2 2 2 2 2
left_child=3 2 -2 4 5 6 7 -1
right_child=1 -3 -4 -5 -6 -7 -8 -9
leaf_value=-0.030000464061490532 0.030020181570980502 0.029940016186448766 0.030013423488521349 -0.03000161335490166 -0.030001108248219475 -0.030000981260593626 -0.030000810569466668 -0.030000802219174894
leaf_weight=0.029406574189124624 0.42409073188900925 0.30602454803010914 0.43024454731494188 0.0010628938143781843 0.0011150549889862296 0.0010284848667652105 0.0010526905334700123 0.0010648043771652729
leaf_count=2059 22 26 29 35 55 51 58 59
internal_value=0.028253 0.0299965 0.0300168 -0.0300006 -0.0300005 -0.0300005 -0.0300005 -0.0300005
internal_weight=1.19509 1.16036 0.854335 0.0347305 0.0336676 0.0325526 0.0315241 0.0304714
internal_count=2394 77 51 2317 2282 2227 2176 2118
is_linear=0
shrinkage=0.03


Tree=257
num_leaves=9
num_cat=0
split_feature=72 8 33 4 98 3 39 26
split_gain=0.13097 1.42745e-06 9.90525e-09 1.23238e-12 3.21146e-13 2.83849e-13 2.15904e-13 1.00697e-13
threshold=0.24317340227985554 0.81487587819838814 0.58171581064943245 359.7440208084144 0.068594194230975417 0.1492729532596753 0.95145646564885189 0.0033305480120910014
decision_type=2 2 2 2 2 2 2 2
left_child=3 2 -2 4 5 6 7 -1
right_child=1 -3 -4 -5 -6 -7 -8 -9
leaf_value=-0.030000445104797387 0.03001958475824764 0.029939633340866946 0.030013026447238602 -0.030001565327821493 -0.030000987215772441 -0.030000978872881383 -0.03000078537678591 -0.030000745475014672
leaf_weight=0.027459741766506451 0.41156501416116931 0.29700610356303514 0.41753433831036091 0.0010314821611245853 0.0012323308610575614 0.0010483589303476029 0.0019123576830679659 0.0010426415665278901
leaf_count=1980 22 27 29 35 63 55 121 62
internal_value=0.0282514 0.0299961 0.0300163 -0.0300005 -0.0300005 -0.0300005 -0.0300005 -0.0300005
internal_weight=1.15983 1.12611 0.829099 0.0337269 0.0326954 0.0314631 0.0304147 0.0285024
internal_count=2394 78 51 2316 2281 2218 2163 2042
is_linear=0
shrinkage=0.03


Tree=258
num_leaves=9
num_cat=0
split_feature=75 3 71 4 31 98 3 72
split_gain=0.127148 1.35768e-06 1.08037e-08 9.13235e-13 3.56125e-13 3.12091e-13 2.71824e-13 2.38459e-13
threshold=0.044266990499645449 0.73300221293239853 0.82828320095478969 358.8973538663646 0.25588599344518476 0.071239094283933671 0.1492729532596753 0.19473094327407448
decision_type=2 2 2 2 2 2 2 2
left_child=3 -2 -3 4 5 6 7 -1
right_child=1 2 -4 -5 -6 -7 -8 -9
leaf_value=-0.030000430023089216 0.029941191992498385 0.030013122413106729 0.030020346277490579 -0.030001393172722966 -0.03000104382263883 -0.030000999656295029 -0.030000942956031458 -0.030000889407342985
leaf_weight=0.027527784261110466 0.30315041302674195 0.4884967403486371 0.30122285429388285 0.0010663661842045249 0.001050122054948587 0.0010133798523384021 0.0010304196721335748 0.0010559827014731118
leaf_count=2054 28 34 16 43 55 52 56 56
internal_value=0.0282499 0.0299952 0.0300159 -0.0300005 -0.0300005 -0.0300005 -0.0300005 -0.0300004
internal_weight=1.12561 1.09287 0.78972 0.0327441 0.0316777 0.0306276 0.0296142 0.0285838
internal_count=2394 78 50 2316 2273 2218 2166 2110
is_linear=0
shrinkage=0.03


Tree=259
num_leaves=9
num_cat=0
split_feature=24 26 9 4 31 98 26 72
split_gain=0.123466 1.31233e-06 5.74171e-09 8.44991e-13 3.23984e-13 2.5652e-13 1.93633e-13 1.0994e-13
threshold=1.5359167475247728 0.52134219270340065 0.54233005730378714 358.8973538663646 0.25588599344518476 0.068594194230975417 0.003498048515561561 0.1639727190396201
decision_type=2 2 2 2 2 2 2 2
left_child=3 -2 -3 4 5 6 7 -1
right_child=1 2 -4 -5 -6 -7 -8 -9
leaf_value=-0.030000418972593798 0.029937212909632485 0.030011885466544857 0.03001706675312019 -0.030001357521068209 -0.03000101317417591 -0.030000921402757039 -0.030000853004656873 -0.030000637378784504
leaf_weight=0.025348884580125852 0.26769323924963806 0.46391442883759737 0.32900112960487604 0.0010378931938248561 0.0010190872899329398 0.0010876295837078933 0.0010443031624163259 0.0022591863607885889
leaf_count=1949 24 35 19 43 55 60 59 150
internal_value=0.0282483 0.0299946 0.030014 -0.0300005 -0.0300005 -0.0300005 -0.0300005 -0.0300004
internal_weight=1.09241 1.06061 0.792916 0.031797 0.0307591 0.02974 0.0286524 0.0276081
internal_count=2394 78 54 2316 2273 2218 2158 2099
is_linear=0
shrinkage=0.03


Tree=260
num_leaves=10
num_cat=0
split_feature=3 99 82 54 4 98 31 72 26
split_gain=0.121119 1.49272e-06 8.98275e-09 4.1099e-10 1.13657e-12 4.26548e-13 3.15668e-13 1.70922e-13 1.50418e-13
threshold=0.17850401716788752 26.249839837803094 0.60363866951722123 0.46363307127054326 358.8973538663646 0.073790217788228502 0.2507980388684421 0.19473094327407448 0.0031837323093847313
decision_type=2 2 2 2 2 2 2 2 2
left_child=4 2 3 -2 5 6 7 8 -1
right_child=1 -3 -4 -5 -6 -7 -8 -9 -10
leaf_value=-0.030000407475298713 0.030011036039022745 0.029931818041439923 0.030018217358899368 0.0300126627327706 -0.030001467271649977 -0.030001087195003148 -0.030000935893852373 -0.030000806482964829 -0.030000767993267754
leaf_weight=0.025680107216430881 0.29994540009647586 0.2582427137895138 0.30092112813144922 0.26178858429193497 0.0010840136483238885 0.001001552990601339 0.0011904944685738874 0.0010832631733137523 0.001085612196220608
leaf_count=2033 24 23 18 19 40 48 68 63 66
internal_value=0.0283741 0.0299951 0.030014 0.0300118 -0.0300005 -0.0300005 -0.0300005 -0.0300004 -0.0300004
internal_weight=1.15202 1.1209 0.862655 0.561734 0.031125 0.030041 0.0290395 0.027849 0.0267657
internal_count=2402 84 61 43 2318 2278 2230 2162 2099
is_linear=0
shrinkage=0.03


Tree=261
num_leaves=10
num_cat=0
split_feature=75 3 71 23 4 31 3 24 26
split_gain=0.117586 1.58045e-06 9.63979e-09 4.47303e-10 9.68597e-13 2.56392e-13 2.26968e-13 1.70176e-13 1.36641e-13
threshold=0.044266990499645449 0.73300221293239853 0.81114014027883652 0.48516695475096971 358.8973538663646 0.2507980388684421 0.14454487387230067 1.4015452040127132 0.0033305480120910014
decision_type=2 2 2 2 2 2 2 2 2
left_child=4 -2 3 -3 5 6 7 8 -1
right_child=1 2 -4 -5 -6 -7 -8 -9 -10
leaf_value=-0.030000407074875127 0.029928609813912706 0.030012429888854997 0.030018208236662444 0.030010651757094459 -0.030001419231327958 -0.030000908399567025 -0.030000893857937572 -0.03000081271478992 -0.030000763707876743
leaf_weight=0.025008224160046777 0.25338788189037564 0.26965738460421562 0.32354087848216295 0.2412278400734067 0.0010015114885391077 0.0011553110925888168 0.0010103100294145398 0.0010372549259045618 0.0010058166526505366
leaf_count=2027 26 20 19 20 39 68 60 61 62
internal_value=0.0283727 0.0299942 0.0300142 0.0300116 -0.0300005 -0.0300005 -0.0300005 -0.0300004 -0.0300004
internal_weight=1.11803 1.08781 0.834426 0.510885 0.0302184 0.0292169 0.0280616 0.0270513 0.026014
internal_count=2402 85 59 40 2317 2278 2210 2150 2089
is_linear=0
shrinkage=0.03


Tree=262
num_leaves=11
num_cat=0
split_feature=0 99 82 54 4 98 26 75 41 22
split_gain=0.114141 1.58005e-06 7.49951e-09 3.43347e-10 9.5788e-13 3.27453e-13 1.2939e-13 8.20594e-14 1.21772e-13 5.15248e-14
threshold=0.0096325209818127165 26.249839837803094 0.60363866951722123 0.46363307127054326 358.8973538663646 0.068594194230975417 0.0033305480120910014 0.021337071649164579 0.3511355949042459 0.88247098829621173
decision_type=2 2 2 2 2 2 2 2 2 2
left_child=4 2 3 -2 5 6 7 9 -9 -1
right_child=1 -3 -4 -5 -6 -7 -8 8 -10 -11
leaf_value=-0.030000384605981888 0.030010393895358867 0.029926061403434106 0.030017155498306049 0.030011925957820897 -0.030001386582111048 -0.030000941686569256 -0.030000765558884496 -0.030000827683661808 -0.03000039873684953 -0.03000051778231605
leaf_weight=0.020708418145659491 0.28248819522559621 0.24325685730218538 0.28341133240610361 0.24655458424240351 0.0010239129569526986 0.001180418656076653 0.0010035272989625801 0.0010511974824112249 0.0013744485568167875 0.0029924767140983013
leaf_count=1741 24 25 18 19 40 65 63 63 114 230
internal_value=0.0283712 0.0299931 0.0300132 0.0300111 -0.0300005 -0.0300005 -0.0300004 -0.0300004 -0.0300006 -0.0300004
internal_weight=1.08505 1.05571 0.812454 0.529043 0.0293344 0.0283105 0.0271301 0.0261265 0.00242565 0.0237009
internal_count=2402 86 61 43 2316 2276 2211 2148 177 1971
is_linear=0
shrinkage=0.03


Tree=263
num_leaves=10
num_cat=0
split_feature=72 3 71 23 4 0 3 24 26
split_gain=0.110924 1.42019e-06 8.05269e-09 3.73539e-10 7.601e-13 2.44933e-13 1.67227e-13 1.23856e-13 1.21937e-13
threshold=0.24317340227985554 0.73300221293239853 0.81114014027883652 0.48516695475096971 357.71556286635428 0.0056304831099380503 0.14109522727971111 1.3807955151929776 0.0031837323093847313
decision_type=2 2 2 2 2 2 2 2 2
left_child=4 -2 3 -3 5 6 7 8 -1
right_child=1 2 -4 -5 -6 -7 -8 -9 -10
leaf_value=-0.030000384678292937 0.029929772512204071 0.030011705684833672 0.030017147808806592 0.030010031314159823 -0.030001252663388236 -0.030000884355159234 -0.030000802841133118 -0.030000729266470523 -0.03000071654833009
leaf_weight=0.023171719250058342 0.2386558067955773 0.25396528095006943 0.30471663270145655 0.22718694247305393 0.0010946927359327665 0.0011036358064302467 0.0010300620924681416 0.0010666382386261821 0.0010412091305624918
leaf_count=1993 26 20 19 20 49 70 67 69 69
internal_value=0.0283697 0.0299939 0.0300133 0.0300109 -0.0300005 -0.0300004 -0.0300004 -0.0300004 -0.0300004
internal_weight=1.05303 1.02452 0.785869 0.481152 0.028508 0.0274133 0.0263096 0.0252796 0.0242129
internal_count=2402 85 59 40 2317 2268 2198 2131 2062
is_linear=0
shrinkage=0.03


Tree=264
num_leaves=10
num_cat=0
split_feature=3 11 82 54 4 98 31 72 26
split_gain=0.107641 1.49477e-06 6.26472e-09 2.86712e-10 6.99663e-13 2.68719e-13 2.60007e-13 1.33657e-13 9.66449e-14
threshold=0.17850401716788752 26.249839837803094 0.60363866951722123 0.46363307127054326 357.71556286635428 0.068594194230975417 0.2507980388684421 0.19010339912365956 0.0030604188905371853
decision_type=2 2 2 2 2 2 2 2 2
left_child=4 2 3 -2 5 6 7 8 -1
right_child=1 -3 -4 -5 -6 -7 -8 -9 -10
leaf_value=-0.030000362550436151 0.030009788515088894 0.029925099956329498 0.03001615639821369 0.030011231139994148 -0.030001215583560763 -0.030000887037949286 -0.03000087501466862 -0.030000717341852678 -0.030000658249250824
leaf_weight=0.022331623928039335 0.26604662835597992 0.22912310754691134 0.26691971719264984 0.23220664635300636 0.0010623409643812911 0.0011116789437437538 0.0010404860386188366 0.0010783215993797049 0.001041156684550514
leaf_count=1993 24 23 18 19 49 65 66 72 73
internal_value=0.0283683 0.0299923 0.0300124 0.0300105 -0.0300005 -0.0300004 -0.0300004 -0.0300004 -0.0300004
internal_weight=1.02196 0.994296 0.765173 0.498253 0.0276656 0.0266033 0.0254916 0.0244511 0.0233728
internal_count=2402 84 61 43 2318 2269 2204 2138 2066
is_linear=0
shrinkage=0.03


Tree=265
num_leaves=9
num_cat=0
split_feature=26 24 21 72 0 3 98 6
split_gain=0.102139 7.06559e-07 5.94271e-09 2.67997e-13 2.30361e-13 1.8454e-13 1.51452e-13 5.05672e-14
threshold=0.0062325620946786829 4.3891643065223169 0.65671870128022369 0.19473094327407448 0.0056304831099380503 0.14109522727971111 0.065813794652179888 0.93710649013678637
decision_type=2 2 2 2 2 2 2 2
left_child=3 -2 -3 4 5 6 7 -1
right_child=1 2 -4 -5 -6 -7 -8 -9
leaf_value=-0.030000353275205196 0.029952470641156827 0.030010251826658764 0.030016090195919092 -0.030000903579914102 -0.030000854617688748 -0.030000793559700256 -0.030000738957781492 -0.03000053832828602
leaf_weight=0.020728203037833737 0.24078041457687505 0.37092374637722969 0.2719457745552063 0.0010653281988197696 0.0010417574376333496 0.001021823765768203 0.0010204153149970798 0.0014200245122992774
leaf_count=1907 26 33 18 61 68 70 70 114
internal_value=0.0282624 0.0299963 0.0300127 -0.0300004 -0.0300004 -0.0300004 -0.0300004 -0.0300004
internal_weight=0.909947 0.88365 0.64287 0.0262976 0.0252322 0.0241905 0.0231686 0.0221482
internal_count=2367 77 51 2290 2229 2161 2091 2021
is_linear=0
shrinkage=0.03


Tree=266
num_leaves=9
num_cat=0
split_feature=96 24 21 4 0 3 72 98
split_gain=0.0991162 7.67822e-07 5.43051e-09 3.25732e-13 1.76564e-13 1.52781e-13 1.46098e-13 8.99454e-14
threshold=0.0062325620946786829 4.3891643065223169 0.65671870128022369 356.54217643372561 0.0053139651753277917 0.13728706307608565 0.18715171052022747 0.060514023420735148
decision_type=2 2 2 2 2 2 2 2
left_child=3 -2 -3 4 5 6 7 -1
right_child=1 2 -4 -5 -6 -7 -8 -9
leaf_value=-0.030000335920572465 0.029948589919240851 0.030009948194214583 0.030015613601143212 -0.030000947884546939 -0.030000779457939837 -0.030000734994155311 -0.030000715515774681 -0.030000592808305103
leaf_weight=0.020000131199594762 0.23369410439045168 0.3599648755043745 0.26391268614679575 0.0010275087397531016 0.0010703095413191468 0.0010736948343037503 0.0010418346300866679 0.0013068739763184558
leaf_count=1903 26 33 18 60 76 78 71 102
internal_value=0.0282612 0.029995 0.0300123 -0.0300004 -0.0300004 -0.0300004 -0.0300004 -0.0300004
internal_weight=0.883092 0.857572 0.623878 0.0255204 0.0244928 0.0234225 0.0223488 0.021307
internal_count=2367 77 51 2290 2230 2154 2076 2005
is_linear=0
shrinkage=0.03


Tree=267
num_leaves=12
num_cat=0
split_feature=98 24 64 4 3 22 83 26 75 98 35
split_gain=0.0962165 7.80156e-07 4.24199e-09 3.45925e-13 1.48024e-13 2.09928e-13 6.43791e-14 3.98917e-14 3.74631e-14 3.12116e-14 1.32047e-14
threshold=0.099769326286756541 4.3891643065223169 0.39935176321963134 356.54217643372561 0.088551995650466411 0.85223975005521557 0.23579155114669323 0.0028010816109917979 0.024567898696327969 0.03045966982539448 0.2929573683522495
decision_type=2 2 2 2 2 2 2 2 2 2 2
left_child=3 -2 -3 4 7 6 -6 8 10 -8 -1
right_child=1 2 -4 -5 5 -7 9 -9 -10 -11 -12
leaf_value=-0.030000366467333985 0.02994674650706608 0.030014626628112995 0.030009597459423307 -0.030000946557481055 -0.030000631480562479 -0.030000918991002629 -0.030000298548507189 -0.030000530142237608 -0.030000507660134849 -0.030000502883503637 -0.030000308892488912
leaf_weight=0.0052955922528781221 0.22680941798898857 0.28684980701655149 0.31859663501381874 0.001046532755935913 0.0011206788212803067 0.0010102912201546133 0.0020500974205788225 0.0010398910790172513 0.0011088393339377936 0.0010014173813033267 0.011101287169367424
leaf_count=498 26 21 30 61 85 69 206 87 94 86 1104
internal_value=0.0282599 0.0299942 0.030012 -0.0300004 -0.0300004 -0.0300005 -0.0300004 -0.0300003 -0.0300003 -0.0300004 -0.0300003
internal_weight=0.85703 0.832256 0.605446 0.0247746 0.0237281 0.00518248 0.00417219 0.0185456 0.0175057 0.00305151 0.0163969
internal_count=2367 77 51 2290 2229 446 377 1783 1696 292 1602
is_linear=0
shrinkage=0.03


Tree=268
num_leaves=9
num_cat=0
split_feature=26 24 21 4 0 3 72 75
split_gain=0.0933928 8.08565e-07 4.53626e-09 2.52218e-13 1.51681e-13 1.26458e-13 1.08032e-13 5.57158e-14
threshold=0.0062325620946786829 4.3891643065223169 0.65671870128022369 354.98829676214461 0.0053139651753277917 0.13728706307608565 0.18424467650028603 0.027084298273569073
decision_type=2 2 2 2 2 2 2 2
left_child=3 -2 -3 4 5 6 7 -1
right_child=1 2 -4 -5 -6 -7 -8 -9
leaf_value=-0.03000032119503241 0.029944214368723025 0.030009368969105679 0.030014704565338463 -0.030000863861187915 -0.030000740205820556 -0.030000692071643978 -0.03000064254347163 -0.030000548429801124
leaf_weight=0.018918660075541993 0.22013039749435848 0.3390079028904438 0.24855172354727983 0.0010159866706089806 0.0010108433971254263 0.0010111692618011139 0.0010680920549930297 0.0010237228962068903
leaf_count=1906 26 33 18 65 76 78 80 85
internal_value=0.0282586 0.0299933 0.0300116 -0.0300004 -0.0300004 -0.0300004 -0.0300003 -0.0300003
internal_weight=0.831738 0.80769 0.58756 0.0240485 0.0230325 0.0220216 0.0210105 0.0199424
internal_count=2367 77 51 2290 2225 2149 2071 1991
is_linear=0
shrinkage=0.03


Tree=269
num_leaves=11
num_cat=0
split_feature=26 75 51 4 3 22 75 29 52 33
split_gain=0.0906285 7.03045e-07 1.57529e-09 2.04902e-13 1.19311e-13 1.52535e-13 4.35312e-14 4.0109e-14 1.87142e-14 1.57287e-14
threshold=0.0062325620946786829 0.48668186795101381 16566.818685071012 353.44781548545245 0.088551995650466411 0.83767964105649539 0.024567898696327969 0.49626011358287908 0.94979729869332685 0.062566483409698684
decision_type=2 2 2 2 2 2 2 2 2 2
left_child=3 -2 -3 4 6 7 8 -6 9 -1
right_child=1 2 -4 -5 5 -7 -8 -9 -10 -11
leaf_value=-0.030000417531527306 0.029947450492620344 0.030011802988057078 0.030008589290834182 -0.030000794674818816 -0.030000513386965647 -0.030000827744969892 -0.030000513877269069 -0.030000319824865264 -0.030000444764775435 -0.030000303383718632
leaf_weight=0.0011774397953558955 0.22788741539625335 0.24708755407482386 0.30888090562075377 0.0010703467441999228 0.0018902167212218038 0.0010170689902224694 0.0011201137149328124 0.0019651576594696962 0.0010226490394416024 0.014074751042244316
leaf_count=111 24 21 32 74 166 76 98 203 94 1468
internal_value=0.0282573 0.0299918 0.03001 -0.0300004 -0.0300004 -0.0300005 -0.0300003 -0.0300004 -0.0300003 -0.0300003
internal_weight=0.807194 0.783856 0.555968 0.0233377 0.0222674 0.00487244 0.017395 0.00385537 0.0162748 0.0152522
internal_count=2367 77 53 2290 2216 445 1771 369 1673 1579
is_linear=0
shrinkage=0.03


Tree=270
num_leaves=9
num_cat=0
split_feature=31 3 71 4 26 3 98 72
split_gain=0.0895923 6.74692e-07 3.96616e-09 4.47607e-13 1.83017e-13 1.82444e-13 1.14846e-13 7.14394e-14
threshold=0.30159733179475062 0.73300221293239853 0.69690219592785452 357.71556286635428 0.0030604188905371853 0.13728706307608565 0.064299816028968962 0.18110606767712686
decision_type=2 2 2 2 2 2 2 2
left_child=3 -2 -3 4 5 6 7 -1
right_child=1 2 -4 -5 -6 -7 -8 -9
leaf_value=-0.030000301969620922 0.029945025863408446 0.03000894113013754 0.030014172061014886 -0.03000101436795358 -0.030000752931523402 -0.030000743378839512 -0.030000638495081798 -0.030000559126980728
leaf_weight=0.017893608524900628 0.18702042543736752 0.34386770520359278 0.21019528806209564 0.0010231869364361037 0.0010824333248820031 0.001024403498377068 0.0010485407547093919 0.0010281462100465424
leaf_count=1914 26 35 16 56 79 77 84 86
internal_value=0.0281807 0.0299943 0.0300109 -0.0300004 -0.0300004 -0.0300004 -0.0300003 -0.0300003
internal_weight=0.764184 0.741083 0.554063 0.0231003 0.0220771 0.0209947 0.0199703 0.0189218
internal_count=2373 77 51 2296 2240 2161 2084 2000
is_linear=0
shrinkage=0.03


Tree=271
num_leaves=9
num_cat=0
split_feature=0 24 33 26 98 3 72 24
split_gain=0.0870814 4.83165e-07 3.33134e-09 1.57038e-13 1.49207e-13 1.45287e-13 8.21183e-14 3.80009e-14
threshold=0.0096325209818127165 4.3891643065223169 0.58171581064943245 0.0030604188905371853 0.065813794652179888 0.13405187881514746 0.18424467650028603 1.094164884380848
decision_type=2 2 2 2 2 2 2 2
left_child=3 -2 -3 4 5 6 7 -1
right_child=1 2 -4 -5 -6 -7 -8 -9
leaf_value=-0.030000289633816551 0.02995488556770904 0.03001317971429359 0.03000841109057556 -0.030000743337642265 -0.030000718588212745 -0.030000698269477679 -0.030000598471616097 -0.030000380892355943
leaf_weight=0.012011182017886313 0.18999769477522932 0.24922393169254065 0.27995514217764139 0.0010782343451865009 0.0010639211759553282 0.0010471303185113348 0.0010119804692294556 0.0062403237461694508
leaf_count=1332 26 20 30 82 80 83 83 637
internal_value=0.0281795 0.0299959 0.0300107 -0.0300004 -0.0300004 -0.0300004 -0.0300003 -0.0300003
internal_weight=0.74163 0.719177 0.529179 0.0224528 0.0213745 0.0203106 0.0192635 0.0182515
internal_count=2373 76 50 2297 2215 2135 2052 1969
is_linear=0
shrinkage=0.03


Tree=272
num_leaves=9
num_cat=0
split_feature=0 11 33 4 96 3 75 33
split_gain=0.0845045 5.17522e-07 3.13132e-09 3.38597e-13 1.27415e-13 1.41141e-13 3.77302e-14 2.93376e-14
threshold=0.0096325209818127165 25.341599068317162 0.58171581064943245 356.54217643372561 0.0029765440871646208 0.13405187881514746 0.026627879066430413 0.062566483409698684
decision_type=2 2 2 2 2 2 2 2
left_child=3 2 -2 4 5 6 7 -1
right_child=1 -3 -4 -5 -6 -7 -8 -9
leaf_value=-0.030000444839383734 0.030012541681355302 0.029950942064658276 0.030007855606617274 -0.030000908749524109 -0.030000679748608334 -0.030000681063358774 -0.030000494542056878 -0.030000295631746349
leaf_weight=0.0012780662500517783 0.2347999457269907 0.18010681466148526 0.28304210770875216 0.0010321556446797322 0.0010155721174669443 0.0010076023008878101 0.0010141152333744676 0.016441689109342406
leaf_count=123 20 24 32 64 83 82 94 1851
internal_value=0.0281785 0.0299947 0.03001 -0.0300004 -0.0300004 -0.0300003 -0.0300003 -0.0300003
internal_weight=0.719738 0.697949 0.517842 0.0217892 0.020757 0.0197415 0.0187339 0.0177198
internal_count=2373 76 52 2297 2233 2150 2068 1974
is_linear=0
shrinkage=0.03


Tree=273
num_leaves=9
num_cat=0
split_feature=0 24 33 4 3 26 72 75
split_gain=0.0820038 5.71478e-07 2.78354e-09 3.09485e-13 1.10627e-13 1.30208e-13 3.49096e-14 2.58404e-14
threshold=0.0096325209818127165 4.3891643065223169 0.58171581064943245 356.54217643372561 0.13405187881514746 0.0028010816109917979 0.1639727190396201 0.024935594885893832
decision_type=2 2 2 2 2 2 2 2
left_child=3 -2 -3 4 5 6 7 -1
right_child=1 2 -4 -5 -6 -7 -8 -9
leaf_value=-0.030000283562693013 0.029947539069580163 0.030012412248635767 0.030007920627327558 -0.030000882107984149 -0.030000647653604218 -0.030000640483315362 -0.030000441544232676 -0.030000438132588736
leaf_weight=0.015413440877637186 0.17896818217013788 0.2347205514088273 0.26365981996059418 0.0010016517180702058 0.0010110901121151974 0.0011135742306578314 0.0015663575013604705 0.0010391256882940061
leaf_count=1793 26 20 30 64 86 95 155 104
internal_value=0.0281774 0.0299935 0.03001 -0.0300004 -0.0300003 -0.0300003 -0.0300003 -0.0300003
internal_weight=0.698494 0.677349 0.49838 0.0211452 0.0201436 0.0191325 0.0180189 0.0164526
internal_count=2373 76 50 2297 2233 2147 2052 1897
is_linear=0
shrinkage=0.03


Tree=274
num_leaves=10
num_cat=0
split_feature=31 3 27 26 98 3 40 42 24
split_gain=0.0795711 6.67996e-07 2.84418e-09 1.39146e-13 1.01925e-13 9.98819e-14 2.88207e-14 3.77597e-14 1.85806e-14
threshold=0.30159733179475062 0.73300221293239853 0.63768564067412936 0.0030604188905371853 0.064299816028968962 0.13021576609654895 0.22192570864261554 0.44621727261710081 1.2898811134653261
decision_type=2 2 2 2 2 2 2 2 2
left_child=3 -2 -3 4 5 6 7 -1 -8
right_child=1 2 -4 -5 -6 -7 8 -9 -10
leaf_value=-0.030000469942305194 0.029940069558733452 0.030007805501483544 0.030012453996538655 -0.030000694518890977 -0.030000627817574239 -0.030000610364886233 -0.030000273884614362 -0.030000289848389601 -0.030000404406489115
leaf_weight=0.001980019449547398 0.16590805555824772 0.29223633278161287 0.19921439606696367 0.0010475993540239861 0.0010449914116179562 0.0010295434067302258 0.01212305981607642 0.0022255365402088501 0.0010680993018468152
leaf_count=199 26 34 17 84 89 92 1458 263 111
internal_value=0.0281762 0.0299921 0.0300097 -0.0300004 -0.0300003 -0.0300003 -0.0300003 -0.0300004 -0.0300003
internal_weight=0.677878 0.657359 0.491451 0.0205188 0.0194712 0.0184263 0.0173967 0.00420556 0.0131912
internal_count=2373 77 51 2296 2212 2123 2031 462 1569
is_linear=0
shrinkage=0.03


Tree=275
num_leaves=9
num_cat=0
split_feature=75 70 66 0 26 72 3 4
split_gain=0.0768856 1.15995e-06 1.75235e-09 1.99413e-13 8.16396e-14 6.04551e-14 5.53446e-14 2.40242e-14
threshold=0.044266990499645449 0.65947146407908852 0.6745723436668587 0.0048234246651650435 0.0029765440871646208 0.17941476639952333 0.11911381564621505 343.61962090560183
decision_type=2 2 2 2 2 2 2 2
left_child=3 2 -2 4 5 6 7 -1
right_child=1 -3 -4 -5 -6 -7 -8 -9
leaf_value=-0.030000273781326203 0.030007573944771233 0.029913943433835168 0.030011439107308319 -0.03000075277009194 -0.030000591056416875 -0.030000534961432138 -0.030000485764211295 -0.03000042537836781
leaf_weight=0.01445587277339655 0.23493994446471334 0.1570319982674846 0.19170825462788343 0.0010512039980312684 0.0010065806109196265 0.0010431210657770853 0.0013237323873909182 0.0010063960899060484
leaf_count=1775 28 25 18 93 93 97 135 110
internal_value=0.0280072 0.0299837 0.0300093 -0.0300004 -0.0300003 -0.0300003 -0.0300003 -0.0300003
internal_weight=0.603567 0.58368 0.426648 0.0198869 0.0188357 0.0178291 0.016786 0.0154623
internal_count=2374 71 46 2303 2210 2117 2020 1885
is_linear=0
shrinkage=0.03


Tree=276
num_leaves=9
num_cat=0
split_feature=98 75 30 0 98 26 3 72
split_gain=0.0756253 1.34021e-09 3.307e-10 1.73257e-13 1.26402e-13 8.11747e-14 4.2303e-14 3.02224e-14
threshold=0.49547123526058423 0.48668186795101381 0.5291767307390044 0.0048234246651650435 0.065813794652179888 0.0028010816109917979 0.12058617931888822 0.1639727190396201
decision_type=2 2 2 2 2 2 2 2
left_child=3 -2 -3 4 5 6 7 -1
right_child=1 2 -4 -5 -6 -7 -8 -9
leaf_value=-0.030000267462276086 0.030010716326066153 0.030008571612020342 0.030006767466600356 -0.0300007306541018 -0.030000654082011771 -0.030000560424867952 -0.030000468512085328 -0.03000041939593847
leaf_weight=0.013978796811898064 0.20043944474309683 0.18180517666041851 0.18396515585482121 0.0010201369650530969 0.0010178388638450988 0.0010938768314190375 0.00115580490864886 0.0012868367966802916
leaf_count=1767 20 20 24 93 85 105 122 138
internal_value=0.0280056 0.0300087 0.0300077 -0.0300004 -0.0300003 -0.0300003 -0.0300003 -0.0300003
internal_weight=0.585763 0.56621 0.36577 0.0195533 0.0185332 0.0175153 0.0164214 0.0152656
internal_count=2374 64 44 2310 2217 2132 2027 1905
is_linear=0
shrinkage=0.03


Tree=277
num_leaves=9
num_cat=0
split_feature=75 70 66 7 96 72 0 74
split_gain=0.0724033 1.22784e-06 1.46385e-09 1.61499e-13 6.39801e-14 3.85629e-14 3.53849e-14 1.83985e-14
threshold=0.044266990499645449 0.65947146407908852 0.6745723436668587 0.95838667856394255 0.0028010816109917979 0.17665360576918235 0.0031311586139080492 0.19387830708376966
decision_type=2 2 2 2 2 2 2 2
left_child=3 2 -2 4 5 6 7 -1
right_child=1 -3 -4 -5 -6 -7 -8 -9
leaf_value=-0.030000332343631593 0.030007132376218923 0.029907669295505326 0.030010772624539224 -0.03000068374441809 -0.030000531544189888 -0.030000474111157811 -0.030000402927773132 -0.030000247050462718
leaf_weight=0.0028874785716652704 0.22126101329922676 0.14791774132390856 0.1805482697673142 0.0010952533434647185 0.0010844501275641951 0.001001590736450452 0.0019117709275633396 0.010748252288522053
leaf_count=347 28 25 18 110 107 103 214 1422
internal_value=0.0280054 0.0299816 0.0300088 -0.0300003 -0.0300003 -0.0300003 -0.0300003 -0.0300003
internal_weight=0.568456 0.549727 0.401809 0.0187288 0.0176335 0.0165491 0.0155475 0.0136357
internal_count=2374 71 46 2303 2193 2086 1983 1769
is_linear=0
shrinkage=0.03


Tree=278
num_leaves=10
num_cat=0
split_feature=98 23 92 7 98 26 74 73 13
split_gain=0.0712753 1.22094e-09 1.29537e-10 1.38212e-13 6.60826e-14 6.42854e-14 2.53027e-14 2.47554e-14 1.28925e-14
threshold=0.49547123526058423 0.32774552156442022 0.705861722246934 0.95838667856394255 0.060514023420735148 0.0028010816109917979 0.26080585617583185 0.74975004775011345 0.16164082653949721
decision_type=2 2 2 2 2 2 2 2 2
left_child=3 -2 -3 4 5 6 7 -1 -8
right_child=1 2 -4 -5 -6 -7 8 -9 -10
leaf_value=-0.030000295252903597 0.030009974129160694 0.030006507761286643 0.030007727927515743 -0.030000663121940243 -0.030000533860913888 -0.030000526331144455 -0.030000328627303317 -0.030000452719341781 -0.030000240883778936
leaf_weight=0.0030910347190911134 0.21614172635599971 0.1761255981400609 0.14099220791831613 0.0010628844279381147 0.0011175899448971896 0.0010166539373130936 0.0018076987694257704 0.0012667893574871414 0.0090667321983346483
leaf_count=396 23 24 17 110 111 102 224 135 1232
internal_value=0.0280036 0.0300082 0.0300071 -0.0300003 -0.0300003 -0.0300003 -0.0300003 -0.0300003 -0.0300003
internal_weight=0.551689 0.53326 0.317118 0.0184294 0.0173665 0.0162489 0.0152323 0.00435782 0.0108744
internal_count=2374 64 41 2310 2200 2089 1987 531 1456
is_linear=0
shrinkage=0.03


Tree=279
num_leaves=9
num_cat=0
split_feature=98 23 92 0 98 26 3 4
split_gain=0.0691683 1.11577e-09 1.18447e-10 1.16671e-13 9.3623e-14 4.33403e-14 3.23873e-14 2.29747e-14
threshold=0.49547123526058423 0.32774552156442022 0.705861722246934 0.0046931217040759371 0.059281756627689294 0.002701090844420515 0.12058617931888822 340.48036892872636
decision_type=2 2 2 2 2 2 2 2
left_child=3 -2 -3 4 5 6 7 -1
right_child=1 2 -4 -5 -6 -7 -8 -9
leaf_value=-0.030000245139425969 0.030009679315105318 0.030006315391685533 0.030007499790517977 -0.030000635836164545 -0.030000551019220303 -0.030000472627825854 -0.030000429950700035 -0.030000385927773404
leaf_weight=0.012421844085110934 0.20975580438971519 0.17092137970030308 0.13682628376409411 0.0010017961581070258 0.0012633529586310024 0.0010095546681441201 0.0010493810141269941 0.0011387896324777111
leaf_count=1713 23 24 17 103 124 111 121 138
internal_value=0.0280034 0.030008 0.0300068 -0.0300003 -0.0300003 -0.0300003 -0.0300003 -0.0300003
internal_weight=0.535388 0.517503 0.307748 0.0178847 0.0168829 0.0156196 0.01461 0.0135606
internal_count=2374 64 41 2310 2207 2083 1972 1851
is_linear=0
shrinkage=0.03


Tree=280
num_leaves=10
num_cat=0
split_feature=31 11 26 54 4 26 3 75 24
split_gain=0.0673336 2.75375e-07 1.86473e-09 5.87128e-11 8.71386e-14 5.73257e-14 3.52912e-14 3.2056e-14 1.50192e-14
threshold=0.30159733179475062 26.249839837803094 0.52134219270340065 0.4051100657096714 350.9497593698681 0.002701090844420515 0.11911381564621505 0.024567898696327969 1.2692162312347977
decision_type=2 2 2 2 2 2 2 2 2
left_child=4 2 -2 -4 5 6 7 8 -1
right_child=1 -3 3 -5 -6 -7 -8 -9 -10
leaf_value=-0.030000228595974301 0.030010534801627554 0.029961213064044881 0.030006016757459564 0.030006876587399839 -0.030000563945180175 -0.030000497623226603 -0.030000419768730861 -0.030000412230428777 -0.030000339287551105
leaf_weight=0.011798394915331301 0.15472931880503893 0.15341029108458315 0.14310084283351898 0.14279669104143977 0.0010322800144422209 0.0010187198813582645 0.0012228717610014437 0.0010372702417953414 0.0012170867912573166
leaf_count=1698 16 24 21 19 102 111 144 122 152
internal_value=0.0282955 0.0299958 0.0300079 0.0300064 -0.0300003 -0.0300003 -0.0300003 -0.0300003 -0.0300002
internal_weight=0.611364 0.594037 0.440627 0.285898 0.0173266 0.0162943 0.0152756 0.0140528 0.0130155
internal_count=2409 80 56 40 2329 2227 2116 1972 1850
is_linear=0
shrinkage=0.03


Tree=281
num_leaves=10
num_cat=0
split_feature=31 99 26 42 4 98 26 72 0
split_gain=0.0653415 3.01029e-07 1.7043e-09 5.07939e-11 7.97522e-14 6.31648e-14 4.34531e-14 2.17708e-14 1.53818e-14
threshold=0.30159733179475062 26.249839837803094 0.52134219270340065 0.54798324267092791 350.9497593698681 0.059281756627689294 0.0025609268851904568 0.1639727190396201 0.0034353778754738318
decision_type=2 2 2 2 2 2 2 2 2
left_child=4 2 -2 -4 5 6 7 8 -1
right_child=1 -3 3 -5 -6 -7 -8 -9 -10
leaf_value=-0.030000216644131959 0.030010223448086293 0.029958119137439804 0.030006642548823029 0.03000582978586434 -0.030000547482378126 -0.030000479290434298 -0.03000044390830648 -0.030000365932858934 -0.030000321673347964
leaf_weight=0.011037971028144966 0.15015790984034538 0.1488914798519545 0.14537358330562711 0.13207613676786423 0.0010017720787800491 0.0012150051220487504 0.0010109461495630976 0.0011330132347211483 0.0014158416906866486
leaf_count=1648 16 24 20 20 102 133 119 141 186
internal_value=0.0282946 0.0299949 0.0300076 0.0300063 -0.0300003 -0.0300003 -0.0300003 -0.0300002 -0.0300002
internal_weight=0.593314 0.576499 0.427608 0.27745 0.0168145 0.0158128 0.0145978 0.0135868 0.0124538
internal_count=2409 80 56 40 2329 2227 2094 1975 1834
is_linear=0
shrinkage=0.03


Tree=282
num_leaves=10
num_cat=0
split_feature=31 11 96 54 98 96 4 0 24
split_gain=0.0634083 3.29093e-07 1.55757e-09 4.90644e-11 7.25114e-14 4.7861e-14 3.98171e-14 1.76404e-14 1.05974e-14
threshold=0.30159733179475062 26.249839837803094 0.52134219270340065 0.4051100657096714 0.059281756627689294 0.0026417194224979176 340.48036892872636 0.0032019346463846529 1.2543236083911089
decision_type=2 2 2 2 2 2 2 2 2
left_child=4 2 -2 -4 5 6 7 8 -1
right_child=1 -3 3 -5 -6 -7 -8 -9 -10
leaf_value=-0.030000206669384764 0.030009920955331986 0.029954854889689044 0.030005665935724568 0.03000647588042777 -0.030000498212478025 -0.030000456029578765 -0.030000405247876574 -0.030000322727318948 -0.030000301900590432
leaf_weight=0.0099213637040520553 0.145721519831568 0.14450658124223992 0.13476880360394716 0.13448267290368676 0.0012568948836815244 0.0010535692385929005 0.001288975562147244 0.0016205501442527756 0.0011762553222069991
leaf_count=1534 16 24 21 19 136 123 159 217 160
internal_value=0.0282937 0.0299938 0.0300074 0.0300061 -0.0300003 -0.0300003 -0.0300002 -0.0300002 -0.0300002
internal_weight=0.575797 0.55948 0.414973 0.269251 0.0163176 0.0150607 0.0140071 0.0127182 0.0110976
internal_count=2409 80 56 40 2329 2193 2070 1911 1694
is_linear=0
shrinkage=0.03


Tree=283
num_leaves=10
num_cat=0
split_feature=31 11 26 54 98 26 4 75 24
split_gain=0.0615322 3.59783e-07 1.42384e-09 4.48322e-11 6.62075e-14 4.38035e-14 3.63772e-14 1.67696e-14 8.39086e-15
threshold=0.30159733179475062 26.249839837803094 0.52134219270340065 0.4051100657096714 0.059281756627689294 0.0026417194224979176 340.48036892872636 0.021337071649164579 1.2773021807297462
decision_type=2 2 2 2 2 2 2 2 2
left_child=4 2 -2 -4 5 6 7 8 -1
right_child=1 -3 3 -5 -6 -7 -8 -9 -10
leaf_value=-0.030000203949379006 0.030009628208689371 0.029951410923320789 0.030005498574699523 0.030006284498747492 -0.030000483477394573 -0.030000442777658298 -0.030000393322943734 -0.030000330633845235 -0.030000294902701983
leaf_weight=0.010150406355478481 0.14141615899279714 0.14025165253588057 0.13078650226816535 0.13050892809405923 0.0012197486144032146 0.0010224320135421303 0.0012508810677900337 0.0011892776933564173 0.0010026091590589212
leaf_count=1610 16 24 21 19 136 123 159 161 140
internal_value=0.0282927 0.0299928 0.0300072 0.0300059 -0.0300003 -0.0300003 -0.0300002 -0.0300002 -0.0300002
internal_weight=0.558799 0.542963 0.402712 0.261295 0.0158354 0.0146156 0.0135932 0.0123423 0.011153
internal_count=2409 80 56 40 2329 2193 2070 1911 1750
is_linear=0
shrinkage=0.03


Tree=284
num_leaves=10
num_cat=0
split_feature=72 11 26 54 98 4 26 0 24
split_gain=0.0597211 3.7953e-07 1.30124e-09 4.09872e-11 6.03111e-14 3.55219e-14 2.58751e-14 1.32342e-14 8.46892e-15
threshold=0.24317340227985554 26.249839837803094 0.52134219270340065 0.4051100657096714 0.059281756627689294 346.26520990526166 0.001981770426698273 0.0027183183624060214 1.2543236083911089
decision_type=2 2 2 2 2 2 2 2 2
left_child=4 2 -2 -4 5 6 7 8 -1
right_child=1 -3 3 -5 -6 -7 -8 -9 -10
leaf_value=-0.030000194026883746 0.030009343359102214 0.029948823375955204 0.030005335801639405 0.030006098623088156 -0.030000468973247756 -0.030000416103020192 -0.030000349265348763 -0.030000291477647316 -0.030000283533515391
leaf_weight=0.0087345095030286757 0.13723796047270298 0.13612049065159226 0.12692185398191214 0.12665257975459099 0.0011837001497951869 0.0010259772575409451 0.0015192515324997666 0.001838755416429195 0.0010675434746190158
leaf_count=1436 16 24 21 19 136 128 210 264 155
internal_value=0.0282917 0.029992 0.030007 0.0300057 -0.0300003 -0.0300002 -0.0300002 -0.0300002 -0.0300002
internal_weight=0.542303 0.526933 0.390812 0.253574 0.0153697 0.014186 0.0131601 0.0116408 0.00980205
internal_count=2409 80 56 40 2329 2193 2065 1855 1591
is_linear=0
shrinkage=0.03


Tree=285
num_leaves=10
num_cat=0
split_feature=72 3 53 31 4 98 3 9 81
split_gain=0.0578968 8.67955e-07 1.50418e-09 1.364e-13 8.02535e-14 2.92735e-14 2.42931e-14 2.08731e-14 7.05165e-15
threshold=0.24317340227985554 0.73300221293239853 0.56547425665440609 0.23017144658795444 347.09350012555859 0.055195185865486669 0.096700229632091642 0.61797409755852017 0.20540042596734245
decision_type=2 2 2 2 2 2 2 2 2
left_child=3 -2 -3 4 5 6 8 -8 -1
right_child=1 2 -4 -5 -6 -7 7 -9 -10
leaf_value=-0.030000243093063959 0.029917932131179784 0.030005526495039431 0.030009195697428867 -0.03000061080887164 -0.030000506685819588 -0.030000372576986414 -0.030000214683105205 -0.030000405554341254 -0.030000180726641484
leaf_weight=0.0020795883551727457 0.12927755759119464 0.21450350666418672 0.18928721128031611 0.001002305732527021 0.0010045646831713393 0.0011521343171807539 0.0010600872806207926 0.0010040215429398813 0.0075826936363228015
leaf_count=329 27 35 22 124 111 154 173 130 1293
internal_value=0.028356 0.0299856 0.0300072 -0.0300003 -0.0300002 -0.0300002 -0.0300002 -0.0300003 -0.0300002
internal_weight=0.547954 0.533068 0.403791 0.0148854 0.0138831 0.0128785 0.0117264 0.00206411 0.00966228
internal_count=2398 84 57 2314 2190 2079 1925 303 1622
is_linear=0
shrinkage=0.03


Tree=286
num_leaves=9
num_cat=0
split_feature=24 3 53 0 4 3 98 26
split_gain=0.0563899 5.16767e-07 1.37434e-09 1.03854e-13 4.24417e-14 2.2737e-14 1.33071e-14 1.19158e-14
threshold=1.5359167475247728 0.73300221293239853 0.56547425665440609 0.0042452384117999753 344.5696820252021 0.12058617931888822 0.054285149275950191 0.0020509627916432045
decision_type=2 2 2 2 2 2 2 2
left_child=3 -2 -3 4 5 6 7 -1
right_child=1 2 -4 -5 -6 -7 -8 -9
leaf_value=-0.030000196296121068 0.029937068362352687 0.030005362982335401 0.030008923241438158 -0.030000554914963971 -0.030000432508935963 -0.030000366828566074 -0.03000032061878799 -0.030000296123308613
leaf_weight=0.0091672899075092573 0.12542817141184059 0.20816508680582047 0.18369457172229886 0.0010527415861361087 0.0010101490420311174 0.0010087835598824322 0.0010390352945250933 0.0012192442090963604
leaf_count=1572 26 35 22 138 128 140 152 185
internal_value=0.0283546 0.0299901 0.030007 -0.0300003 -0.0300002 -0.0300002 -0.0300002 -0.0300002
internal_weight=0.531785 0.517288 0.39186 0.0144972 0.0134445 0.0124344 0.0114256 0.0103865
internal_count=2398 83 57 2315 2177 2049 1909 1757
is_linear=0
shrinkage=0.03


Tree=287
num_leaves=9
num_cat=0
split_feature=24 3 53 31 4 3 98 85
split_gain=0.0547212 5.63531e-07 1.25637e-09 9.93615e-14 3.78395e-14 1.73021e-14 1.24328e-14 6.44103e-15
threshold=1.5359167475247728 0.73300221293239853 0.56547425665440609 0.20756720314016858 338.82397297762412 0.096700229632091642 0.05127046659641965 0.86771180305663653
decision_type=2 2 2 2 2 2 2 2
left_child=3 -2 -3 4 5 6 7 -1
right_child=1 2 -4 -5 -6 -7 -8 -9
leaf_value=-0.030000174823509609 0.029932663543470187 0.030005204374164571 0.030008659841327476 -0.030000482330652625 -0.030000393500363685 -0.030000295105127181 -0.030000296479911162 -0.030000251831135524
leaf_weight=0.0071606051310482144 0.12173885559241171 0.20201393123716116 0.17826711805537343 0.0016037239383877031 0.0011748417969101874 0.0019811445067716713 0.001016693678593584 0.0011317799089738401
leaf_count=1289 26 35 22 219 158 306 157 186
internal_value=0.0283535 0.0299888 0.0300068 -0.0300003 -0.0300002 -0.0300002 -0.0300002 -0.0300002
internal_weight=0.516089 0.50202 0.380281 0.0140688 0.0124651 0.0112902 0.00930908 0.00829239
internal_count=2398 83 57 2315 2096 1938 1632 1475
is_linear=0
shrinkage=0.03


Tree=288
num_leaves=9
num_cat=0
split_feature=24 3 53 31 98 75 3 89
split_gain=0.0531017 6.14684e-07 1.14774e-09 9.07104e-14 2.16251e-14 1.54512e-14 9.28077e-15 5.77836e-15
threshold=1.5359167475247728 0.73300221293239853 0.56547425665440609 0.20756720314016858 0.055195185865486669 0.021337071649164579 0.096700229632091642 0.26819410408922284
decision_type=2 2 2 2 2 2 2 2
left_child=3 -2 -3 4 5 6 7 -1
right_child=1 2 -4 -5 -6 -7 -8 -9
leaf_value=-0.030000228165377046 0.029928003228550191 0.030005050945449512 0.030008403545080071 -0.030000467934724075 -0.030000354550763001 -0.030000318796531866 -0.030000265363622502 -0.030000172065597637
leaf_weight=0.0022783069389333832 0.11815905186267628 0.19604450510814786 0.17299998411908746 0.0015563274641863254 0.0010525283823881191 0.0011023177644347024 0.0016512469596818855 0.0060122693480479938
leaf_count=392 26 35 22 219 152 166 271 1115
internal_value=0.0283523 0.0299876 0.0300066 -0.0300003 -0.0300002 -0.0300002 -0.0300002 -0.0300002
internal_weight=0.500857 0.487204 0.369044 0.013653 0.0120967 0.0110441 0.00994182 0.00829058
internal_count=2398 83 57 2315 2096 1944 1778 1507
is_linear=0
shrinkage=0.03


Tree=289
num_leaves=10
num_cat=0
split_feature=24 0 73 79 31 4 98 94 72
split_gain=0.0515301 6.29177e-07 9.67411e-10 5.86408e-11 8.29406e-14 3.16015e-14 1.29705e-14 1.10068e-14 4.74967e-15
threshold=1.5359167475247728 0.60552095448286514 0.72085525782504567 0.49121412823904215 0.20756720314016858 338.82397297762412 0.053598501611382958 0.096289942897700112 0.13916106784593929
decision_type=2 2 2 2 2 2 2 2 2
left_child=4 -2 3 -3 5 6 7 -1 -9
right_child=1 2 -4 -5 -6 -7 -8 8 -10
leaf_value=-0.030000283987978344 0.029926496079704757 0.030004605702543593 0.030008298099256273 0.030005584366902226 -0.030000454165706167 -0.03000037057111855 -0.030000303817438519 -0.030000170318392534 -0.030000230623077134
leaf_weight=0.0010296138971170885 0.11888137442292646 0.12000702600926161 0.13205194799229503 0.10188506543636322 0.0015103317241482736 0.0011064253417316658 0.0010201141876677875 0.0071773168069739768 0.0014056911086299806
leaf_count=166 26 23 17 17 219 158 161 1365 246
internal_value=0.0283511 0.0299862 0.0300063 0.0300051 -0.0300002 -0.0300002 -0.0300002 -0.0300002 -0.0300002
internal_weight=0.486075 0.472825 0.353944 0.221892 0.0132495 0.0117392 0.0106327 0.00961262 0.00858301
internal_count=2398 83 57 40 2315 2096 1938 1777 1611
is_linear=0
shrinkage=0.03


Tree=290
num_leaves=11
num_cat=0
split_feature=26 51 78 31 72 29 54 59 58 13
split_gain=0.0502387 4.95161e-07 3.37587e-10 7.4999e-14 2.59931e-14 9.07781e-15 1.06399e-14 8.7738e-15 3.89619e-15 5.96745e-16
threshold=0.0062325620946786829 14284.928250601037 0.33841834798673914 0.20756720314016858 0.1639727190396201 0.46317460002295341 0.79503445285887941 0.43714583631597964 0.17612019423428441 0.79828213491813971
decision_type=2 2 2 2 2 2 2 2 2 2
left_child=3 -2 -3 4 5 6 7 -1 -7 -10
right_child=1 2 -4 -5 -6 8 -8 -9 9 -11
leaf_value=-0.030000251990821934 0.029932267991917245 0.030006788209635444 0.030004805537286825 -0.030000438051447326 -0.03000034716353378 -0.030000221478350977 -0.030000303627030243 -0.030000157505501446 -0.030000150765000337 -0.030000176818541186
leaf_weight=0.0015722919742984232 0.11213407120885677 0.13500810554251075 0.1807910711504519 0.0014384833916665238 0.0010972848276651357 0.0010082825278914243 0.0011513698095768632 0.0020223855290169013 0.0036433173909244942 0.0010119637704519846
leaf_count=271 22 20 34 217 163 183 185 401 728 194
internal_value=0.0282251 0.0299864 0.0300057 -0.0300002 -0.0300002 -0.0300002 -0.0300002 -0.0300002 -0.0300002 -0.0300002
internal_weight=0.440879 0.427933 0.315799 0.0129454 0.0115069 0.0104096 0.00474605 0.00359468 0.00566356 0.00465528
internal_count=2418 76 54 2342 2125 1962 857 672 1105 922
is_linear=0
shrinkage=0.03


Tree=291
num_leaves=11
num_cat=0
split_feature=26 24 39 31 72 29 75 49 58 63
split_gain=0.0487518 5.5596e-07 5.2135e-10 6.8558e-14 2.38021e-14 8.30759e-15 1.28968e-14 8.6567e-15 3.29337e-15 7.2338e-16
threshold=0.0062325620946786829 4.3891643065223169 0.37120413238592853 0.20756720314016858 0.1639727190396201 0.46317460002295341 0.014111733574509818 0.72137514847827988 0.18300884061340597 0.78873837798235547
decision_type=2 2 2 2 2 2 2 2 2 2
left_child=3 -2 -3 4 5 6 7 -1 -7 -10
right_child=1 2 -4 -5 -6 8 -8 -9 9 -11
leaf_value=-0.030000158765708905 0.029927674215910194 0.030007289189015858 0.030004804429680128 -0.030000425093533054 -0.030000337007072428 -0.030000211423786411 -0.030000305670069297 -0.030000263142922329 -0.030000145346281943 -0.030000174258625795
leaf_weight=0.0024696565842532436 0.11130559362209169 0.15128392865881324 0.15271529462188482 0.0013959703733235082 0.0010648555216903341 0.0010269378690281883 0.0011295708209217992 0.0010065540132018214 0.0034643340200091188 0.0010049091060864157
leaf_count=501 25 22 29 217 163 193 182 174 715 197
internal_value=0.0282238 0.029985 0.030006 -0.0300002 -0.0300002 -0.0300002 -0.0300002 -0.0300002 -0.0300002 -0.0300002
internal_weight=0.427868 0.415305 0.303999 0.0125628 0.0111668 0.010102 0.00460578 0.00347621 0.00549618 0.00446924
internal_count=2418 76 51 2342 2125 1962 857 675 1105 912
is_linear=0
shrinkage=0.03


Tree=292
num_leaves=9
num_cat=0
split_feature=26 24 39 31 72 21 98 10
split_gain=0.0473087 6.07031e-07 4.76481e-10 6.29028e-14 2.1665e-14 1.10745e-14 4.47212e-15 2.70443e-15
threshold=0.0062325620946786829 4.3891643065223169 0.37120413238592853 0.20756720314016858 0.1639727190396201 0.15840308934949174 0.04272424794707036 0.67558674402115371
decision_type=2 2 2 2 2 2 2 2
left_child=3 -2 -3 4 5 -1 7 -7
right_child=1 2 -4 -5 -6 6 -8 -9
leaf_value=-0.030000250108689373 0.029922742402095966 0.030007073419054828 0.030004662093635549 -0.030000412913896508 -0.03000032674172684 -0.030000143452990138 -0.030000218720324372 -0.03000018312979004
leaf_weight=0.0017759075008143563 0.10803355580901552 0.14681385131552815 0.14820256782695651 0.0013547137637033311 0.0010333846284993351 0.0043471290077832236 0.0012804094881175843 0.002399960102593468
leaf_count=321 25 22 29 217 163 920 242 479
internal_value=0.0282225 0.0299836 0.0300059 -0.0300002 -0.0300002 -0.0300002 -0.0300002 -0.0300002
internal_weight=0.415241 0.40305 0.295016 0.0121915 0.0108368 0.00980341 0.0080275 0.00674709
internal_count=2418 76 51 2342 2125 1962 1641 1399
is_linear=0
shrinkage=0.03


Tree=293
num_leaves=9
num_cat=0
split_feature=24 24 53 31 75 21 72 98
split_gain=0.0459276 6.2185e-07 4.19835e-10 6.47503e-14 1.43496e-14 1.38205e-14 4.99774e-15 1.94983e-15
threshold=1.5359167475247728 4.3891643065223169 0.62728649387231605 0.20756720314016858 0.021337071649164579 0.1528717402678729 0.13816604966621007 0.04272424794707036
decision_type=2 2 2 2 2 2 2 2
left_child=3 -2 -3 4 5 -1 7 -7
right_child=1 2 -4 -5 -6 6 -8 -9
leaf_value=-0.030000259424051226 0.029920292862765346 0.030004642613839793 0.030006950391219041 -0.030000412132234127 -0.030000298643640455 -0.030000145984261092 -0.030000218686537843 -0.030000191278622086
leaf_weight=0.0016191640520446535 0.10485385510219203 0.15655765449628234 0.12974134180694818 0.0013452340094772816 0.0010085509602504325 0.0056228717021440389 0.0012315115336605231 0.0010087103378282336
leaf_count=298 26 31 20 218 170 1214 238 203
internal_value=0.0282211 0.0299828 0.0300057 -0.0300002 -0.0300002 -0.0300002 -0.0300002 -0.0300002
internal_weight=0.402989 0.391153 0.286299 0.011836 0.0104908 0.00948226 0.00786309 0.00663158
internal_count=2418 77 51 2341 2123 1953 1655 1417
is_linear=0
shrinkage=0.03


Tree=294
num_leaves=9
num_cat=0
split_feature=26 24 39 31 72 21 98 10
split_gain=0.0445846 6.42909e-07 3.98016e-10 5.1837e-14 1.86101e-14 9.02403e-15 3.73573e-15 2.3705e-15
threshold=0.0062325620946786829 4.3891643065223169 0.37120413238592853 0.20756720314016858 0.1599998532817877 0.15840308934949174 0.04272424794707036 0.67558674402115371
decision_type=2 2 2 2 2 2 2 2
left_child=3 -2 -3 4 5 -1 7 -7
right_child=1 2 -4 -5 -6 6 -8 -9
leaf_value=-0.030000235648656341 0.029917383368877941 0.030006661499802134 0.030004390539381972 -0.030000388649232528 -0.030000304491752686 -0.030000135159044601 -0.030000206656056558 -0.0300001735587789
leaf_weight=0.0016450889120278589 0.10176874829812732 0.13826607028022408 0.13957304274663329 0.0012758223738273964 0.001065571249455389 0.0040585375440969074 0.0011969856732321205 0.0022483896764242672
leaf_count=317 25 22 29 217 180 912 240 476
internal_value=0.0282196 0.0299819 0.0300055 -0.0300002 -0.0300002 -0.0300002 -0.0300002 -0.0300001
internal_weight=0.391098 0.379608 0.277839 0.0114904 0.0102146 0.009149 0.00750391 0.00630693
internal_count=2418 76 51 2342 2125 1945 1628 1388
is_linear=0
shrinkage=0.03


Tree=295
num_leaves=10
num_cat=0
split_feature=31 3 53 26 29 0 3 80 28
split_gain=0.0425878 4.1422e-07 5.12096e-10 1.61052e-14 1.24154e-14 1.25902e-14 5.53724e-15 3.00888e-15 7.48533e-16
threshold=0.30159733179475062 0.73300221293239853 0.56547425665440609 0.0022355732278987418 0.27882628777239743 0.00037555826291798205 0.099525544841838245 0.71732773554304974 0.77180030496814378
decision_type=2 2 2 2 2 2 2 2 2
left_child=3 -2 -3 4 5 -1 7 8 -6
right_child=1 2 -4 -5 6 -7 -8 -9 -10
leaf_value=-0.030000153282932093 0.029935058657170999 0.030004183653460866 0.030006639236932892 -0.030000309499835485 -0.030000129739480012 -0.030000285275054946 -0.030000224376840141 -0.030000182867331363 -0.030000159339455816
leaf_weight=0.0010206697279500077 0.10003952710030717 0.15692660538479686 0.14901260659098625 0.0010149171876037153 0.0030844357575006143 0.0017927027947735041 0.0011131514502267237 0.0018886450930040155 0.0010235701292913291
leaf_count=229 27 34 24 186 716 321 222 404 226
internal_value=0.0284142 0.0299881 0.0300054 -0.0300002 -0.0300002 -0.0300002 -0.0300002 -0.0300002 -0.0300001
internal_weight=0.416917 0.405979 0.305939 0.0109381 0.00992317 0.00281337 0.0071098 0.00599665 0.00410801
internal_count=2389 85 58 2304 2118 550 1568 1346 942
is_linear=0
shrinkage=0.03


Tree=296
num_leaves=11
num_cat=0
split_feature=72 3 53 26 29 11 15 74 6 49
split_gain=0.0413902 3.42265e-07 4.67692e-10 1.65926e-14 1.03025e-14 9.63639e-15 9.06697e-15 3.38705e-15 2.32019e-15 5.42101e-17
threshold=0.24317340227985554 0.73300221293239853 0.56547425665440609 0.0022355732278987418 0.43166014914946643 42.598422976418583 0.56786436120430794 0.17550883496430944 0.77259912899373362 0.27427587027543293
decision_type=2 2 2 2 2 2 2 2 2 2
left_child=3 -2 -3 4 5 6 -1 -6 9 -9
right_child=1 2 -4 -5 7 -7 -8 8 -10 -11
leaf_value=-0.030000199616898576 0.029940332107978779 0.030004060343065814 0.030006442510473168 -0.030000306284331455 -0.030000198993592856 -0.030000163269879695 -0.030000319401607068 -0.030000133409202084 -0.030000179404736513 -0.03000012511086813
leaf_weight=0.0012287389013181382 0.097081304642415489 0.15228934027254581 0.14460954954847693 0.0010047712553387109 0.00106907902227249 0.0018716874806159467 0.0010588411810203979 0.0010033745656983228 0.001008478117910272 0.0023855258004914504
leaf_count=260 26 34 24 187 226 423 179 236 222 572
internal_value=0.0284131 0.0299892 0.0300052 -0.0300002 -0.0300002 -0.0300002 -0.0300003 -0.0300002 -0.0300001 -0.0300001
internal_weight=0.404611 0.39398 0.296899 0.0106305 0.00962573 0.00415927 0.00228758 0.00546646 0.00439738 0.0033889
internal_count=2389 84 58 2305 2118 862 439 1256 1030 808
is_linear=0
shrinkage=0.03


Tree=297
num_leaves=12
num_cat=0
split_feature=72 3 66 56 96 29 11 15 74 6 67
split_gain=0.0401655 3.73442e-07 4.11864e-10 5.30739e-11 1.42022e-14 9.42996e-15 8.89393e-15 8.26032e-15 3.09128e-15 2.001e-15 4.64039e-17
threshold=0.24317340227985554 0.73300221293239853 0.6745723436668587 0.60211535709593889 0.0022015011452848426 0.43166014914946643 42.598422976418583 0.56786436120430794 0.17550883496430944 0.76002503204434901 0.29712762501070233
decision_type=2 2 2 2 2 2 2 2 2 2 2
left_child=4 -2 3 -3 5 6 7 -1 -7 10 -10
right_child=1 2 -4 -5 -6 8 -8 -9 9 -11 -12
leaf_value=-0.030000194166327682 0.029936266153205979 0.030004657149598182 0.03000652344536206 0.030003621368436803 -0.03000029162708372 -0.030000193127182072 -0.030000158485617014 -0.030000310530019312 -0.030000129147859614 -0.03000017210530647 -0.03000012142015766
leaf_weight=0.0011843279580716626 0.094224724110972602 0.09735677856951952 0.10872516548261046 0.08204371714964509 0.0010074617716782095 0.0010374831658737094 0.0018163710433327651 0.0010234998912892479 0.0010061647626571357 0.001015104129237443 0.00222590686962576
leaf_count=258 26 20 18 20 195 226 423 178 244 231 550
internal_value=0.0284121 0.0299881 0.0300051 0.0300042 -0.0300002 -0.0300002 -0.0300002 -0.0300002 -0.0300001 -0.0300001 -0.0300001
internal_weight=0.392667 0.38235 0.288126 0.1794 0.0103163 0.00930886 0.0040242 0.00220783 0.00528466 0.00424718 0.00323207
internal_count=2389 84 58 40 2305 2110 859 436 1251 1025 794
is_linear=0
shrinkage=0.03


Tree=298
num_leaves=11
num_cat=0
split_feature=0 51 38 91 98 17 29 69 47 84
split_gain=0.0389928 4.07121e-07 3.44776e-10 1.90444e-11 1.17545e-14 7.04471e-15 1.31405e-14 5.44096e-15 2.61163e-15 2.21177e-16
threshold=0.0096325209818127165 12088.649391976245 0.2591840868629865 0.5405480112622113 0.050271601722590604 0.29635073375901688 0.49626011358287908 0.84829469552366799 0.32027393109350688 0.7132690688701474
decision_type=2 2 2 2 2 2 2 2 2 2
left_child=4 -2 -3 -4 5 6 -1 8 -7 -10
right_child=1 2 3 -5 -6 7 -8 -9 9 -11
leaf_value=-0.030000271485853311 0.02992985295550564 0.030005976902079248 0.030004134194894196 0.030003503412273078 -0.030000273761667487 -0.030000168367653245 -0.030000140015859537 -0.030000211582595443 -0.030000117820981331 -0.030000134742446758
leaf_weight=0.001463759649595886 0.084823117396808811 0.11266273935325444 0.094195661135017872 0.079379061236977577 0.001106296978832689 0.0017569204569554131 0.0012847753650930827 0.0011352638325661246 0.0022662298474642739 0.0010021537505053857
leaf_count=287 25 20 21 20 217 412 315 248 577 247
internal_value=0.028411 0.0299876 0.0300047 0.0300038 -0.0300002 -0.0300002 -0.0300002 -0.0300002 -0.0300001 -0.0300001
internal_weight=0.381076 0.371061 0.286237 0.173575 0.0100154 0.0089091 0.00274854 0.00616057 0.0050253 0.00326838
internal_count=2389 86 61 41 2303 2086 602 1484 1236 824
is_linear=0
shrinkage=0.03


Tree=299
num_leaves=11
num_cat=0
split_feature=72 3 53 98 29 17 3 69 71 3
split_gain=0.0378489 3.95203e-07 3.57344e-10 1.12098e-14 6.39072e-15 9.87578e-15 5.35075e-15 3.18929e-15 5.39065e-16 3.03577e-18
threshold=0.24317340227985554 0.73300221293239853 0.56547425665440609 0.050271601722590604 0.49182357902583079 0.29350595098524673 0.069292027817789772 0.80744209339922957 0.72781716660719586 0.062475808258001406
decision_type=2 2 2 2 2 2 2 2 2 2
left_child=3 -2 -3 4 5 -1 -7 8 9 -6
right_child=1 2 -4 -5 7 6 -8 -9 -10 -11
leaf_value=-0.030000254960417836 0.029931844164006485 0.03000371062559011 0.030005888694468113 -0.03000026581465454 -0.030000114322732561 -0.030000126515310692 -0.03000021075888102 -0.03000018371312406 -0.03000014153713338 -0.03000011639258136
leaf_weight=0.0013842249350091151 0.088751534758557682 0.13918540719896555 0.13216878939419985 0.0010736012438883344 0.0013148055159035721 0.0018368129515238252 0.0010761035973700928 0.0010237023573154147 0.0010036353735358716 0.0010090054342981603
leaf_count=282 26 34 24 217 345 471 239 238 250 263
internal_value=0.0284099 0.0299868 0.0300048 -0.0300002 -0.0300002 -0.0300002 -0.0300002 -0.0300001 -0.0300001 -0.0300001
internal_weight=0.369828 0.360106 0.271354 0.00972189 0.00864829 0.00429714 0.00291292 0.00435115 0.00332745 0.00232381
internal_count=2389 84 58 2305 2088 992 710 1096 858 608
is_linear=0
shrinkage=0.03


end of trees

feature_importances:
mcc_6051_rate=222
near_50k_rate=215
pct_night_txn=195
cp_per_txn=189
round_amount_ratio=184
burstiness=177
credit_debit_ratio=165
days_since_kyc=159
rel_years=154
passthrough_ratio=146
near_10k_rate=43
pct_UPC=43
max_txn_to_balance=40
near_50000_ratio=37
max_gap_days=32
amt_max=31
age=19
amt_mean=19
top_cp_share=18
ch_ATW_rate=16
amt_cv=15
inter_txn_cv=15
amt_median=14
cc_sum=13
loan_sum=12
n_credit=12
amt_min=12
n_unique_cp_debit=12
salary_window_rate=11
med_gap_hrs=11
balance_range=11
amt_iqr=11
ch_UPD_rate=10
avg_balance=10
txn_span_days=10
dormancy_events=10
n_unique_mcc=10
p25_amount=9
night_rate=9
daily_avg_balance=9
round_5k_rate=9
round_10k_rate=9
dow_entropy=9
txn_per_day=8
round_1k_rate=8
dr_mean=8
channel_hhi=8
inter_txn_max_sec=7
pct_CHQ=7
pct_END=7
n_unique_cp_credit=7
max_amount=6
amt_p75=6
pct_UPD=6
mcc_5933_rate=5
net_flow=5
fan_in_out_ratio=5
age_years=5
ch_CHQ_rate=4
min_gap_hrs=4
n_debit=4
inter_txn_min_sec=4
hour_entropy=4
pct_ATW=4
pct_NTD=4
weekend_rate=3
n_unique_counterparties=3
cv_amount=3
amount_burstiness=3
acct_age_txn_ratio=3
std_amount=3
min_amount=3
amt_p25=3
dr_std=3
inter_txn_std_sec=3
pct_weekend_txn=3
pct_CSD=3
near_100000_ratio=3
median_amount=2
credit_mean=2
ch_UPC_rate=2
sum_credit=2
amt_std=2
cr_mean=2
pct_business_hours=2
mcc_entropy=2
balance_std=1
mcc_6012_rate=1
ch_MCR_rate=1
ch_IPM_rate=1
n_txn=1
sum_debit=1
dr_max=1
inter_txn_mean_sec=1
channel_entropy=1
pct_IPM=1

parameters:
[boosting: gbdt]
[objective: binary]
[metric: auc]
[tree_learner: serial]
[device_type: cpu]
[data_sample_strategy: bagging]
[data: ]
[valid: ]
[num_iterations: 300]
[learning_rate: 0.03]
[num_leaves: 31]
[num_threads: 0]
[seed: 42]
[deterministic: 0]
[force_col_wise: 0]
[force_row_wise: 0]
[histogram_pool_size: -1]
[max_depth: 6]
[min_data_in_leaf: 20]
[min_sum_hessian_in_leaf: 0.001]
[bagging_fraction: 0.8]
[pos_bagging_fraction: 1]
[neg_bagging_fraction: 1]
[bagging_freq: 5]
[bagging_seed: 400]
[bagging_by_query: 0]
[feature_fraction: 0.8]
[feature_fraction_bynode: 1]
[feature_fraction_seed: 30056]
[extra_trees: 0]
[extra_seed: 12879]
[early_stopping_round: 0]
[early_stopping_min_delta: 0]
[first_metric_only: 0]
[max_delta_step: 0]
[lambda_l1: 0]
[lambda_l2: 0]
[linear_lambda: 0]
[min_gain_to_split: 0]
[drop_rate: 0.1]
[max_drop: 50]
[skip_drop: 0.5]
[xgboost_dart_mode: 0]
[uniform_drop: 0]
[drop_seed: 17869]
[top_rate: 0.2]
[other_rate: 0.1]
[min_data_per_group: 100]
[max_cat_threshold: 32]
[cat_l2: 10]
[cat_smooth: 10]
[max_cat_to_onehot: 4]
[top_k: 20]
[monotone_constraints: ]
[monotone_constraints_method: basic]
[monotone_penalty: 0]
[feature_contri: ]
[forcedsplits_filename: ]
[refit_decay_rate: 0.9]
[cegb_tradeoff: 1]
[cegb_penalty_split: 0]
[cegb_penalty_feature_lazy: ]
[cegb_penalty_feature_coupled: ]
[path_smooth: 0]
[interaction_constraints: ]
[verbosity: -1]
[saved_feature_importance_type: 0]
[use_quantized_grad: 0]
[num_grad_quant_bins: 4]
[quant_train_renew_leaf: 0]
[stochastic_rounding: 1]
[linear_tree: 0]
[max_bin: 255]
[max_bin_by_feature: ]
[min_data_in_bin: 3]
[bin_construct_sample_cnt: 200000]
[data_random_seed: 175]
[is_enable_sparse: 1]
[enable_bundle: 1]
[use_missing: 1]
[zero_as_missing: 0]
[feature_pre_filter: 1]
[pre_partition: 0]
[two_round: 0]
[header: 0]
[label_column: ]
[weight_column: ]
[group_column: ]
[ignore_column: ]
[categorical_feature: ]
[forcedbins_filename: ]
[precise_float_parser: 0]
[parser_config_file: ]
[objective_seed: 16083]
[num_class: 1]
[is_unbalance: 0]
[scale_pos_weight: 34]
[sigmoid: 1]
[boost_from_average: 1]
[reg_sqrt: 0]
[alpha: 0.9]
[fair_c: 1]
[poisson_max_delta_step: 0.7]
[tweedie_variance_power: 1.5]
[lambdarank_truncation_level: 30]
[lambdarank_norm: 1]
[label_gain: ]
[lambdarank_position_bias_regularization: 0]
[eval_at: ]
[multi_error_top_k: 1]
[auc_mu_weights: ]
[num_machines: 1]
[local_listen_port: 12400]
[time_out: 120]
[machine_list_filename: ]
[machines: ]
[gpu_platform_id: -1]
[gpu_device_id: -1]
[gpu_device_id_list: ]
[gpu_use_dp: 0]
[num_gpu: 1]

end of parameters

pandas_categorical:[]
